image,pred_class,pred_class_id,confidence,error_type,best_iou_any,best_iou_same_class,best_gt_class_id
1.jpg,SVHTNL,4,0.2838284969329834,background_false_positive,0.0,0.0,15
10.jpg,VHBNL,1,0.33164355158805847,background_false_positive,0.0,0.0,15
10.jpg,BSBM,13,0.3259722590446472,background_false_positive,0.0,0.0,15
10.jpg,GWCNM,11,0.2642190158367157,background_false_positive,0.0,0.0,15
100723252_K58825_F1B05-246_1_21.jpg,BSBM,13,0.460488885641098,background_false_positive,0.0,0.0,5
100725103_K58794_F1B05-244_1_21.jpg,BSBM,13,0.2605435848236084,background_false_positive,0.0,0.0,6
100726856_K58759_F1B05-242_1_21.jpg,BSBM,13,0.5366178750991821,background_false_positive,0.0,0.0,5
100726856_K58759_F1B05-242_1_21.jpg,BSBM,13,0.25862520933151245,background_false_positive,0.0,0.0,5
100731529_K58655_F1B05-236_1_22.jpg,BSBM,13,0.7070289254188538,background_false_positive,0.0,0.0,5
100731529_K58655_F1B05-236_1_22.jpg,BSBM,13,0.586280882358551,background_false_positive,0.0,0.0,5
100731529_K58655_F1B05-236_1_22.jpg,GWCNL,12,0.41099128127098083,background_false_positive,0.0,0.0,5
100731529_K58655_F1B05-236_1_22.jpg,GWCNL,12,0.3774167597293854,background_false_positive,0.0,0.0,5
100731529_K58655_F1B05-236_1_22.jpg,BSBM,13,0.3561488687992096,background_false_positive,0.0,0.0,5
100731529_K58655_F1B05-236_1_22.jpg,BSBM,13,0.35153692960739136,background_false_positive,0.0,0.0,5
100731529_K58655_F1B05-236_1_22.jpg,INSD,14,0.33484557271003723,background_false_positive,0.0,0.0,5
100731529_K58655_F1B05-236_1_22.jpg,BSBM,13,0.31084001064300537,background_false_positive,0.0,0.0,5
100731529_K58655_F1B05-236_1_22.jpg,BSBM,13,0.26289045810699463,background_false_positive,0.0,0.0,5
100731529_K58655_F1B05-236_1_22.jpg,BSBM,13,0.26116952300071716,background_false_positive,0.0,0.0,5
100735953_K58553_F1B05-228_1_21.jpg,BSBM,13,0.6119127869606018,background_false_positive,0.0,0.0,6
100735953_K58553_F1B05-228_1_21.jpg,BSBM,13,0.349428653717041,background_false_positive,0.0,0.0,6
100735953_K58553_F1B05-228_1_21.jpg,BSBM,13,0.3375803828239441,background_false_positive,0.0,0.0,6
100735953_K58553_F1B05-228_1_21.jpg,GWCNL,12,0.2572522461414337,background_false_positive,0.0,0.0,6
100735953_K58553_F1B05-228_1_21.jpg,SVHTNL,4,0.2551710903644562,background_false_positive,0.0,0.0,6
100737555_K58513_F1B05-226_1_21.jpg,VHBNM,0,0.4170217514038086,background_false_positive,0.0,0.0,5
100737555_K58513_F1B05-226_1_21.jpg,INSD,14,0.3436107635498047,background_false_positive,0.0,0.0,5
100737555_K58513_F1B05-226_1_21.jpg,GWCNL,12,0.3049502372741699,background_false_positive,0.0,0.0,5
100739171_K58473_F1B05-224_1_21.jpg,VHBNL,1,0.26589033007621765,background_false_positive,0.0,0.0,5
100739171_K58473_F1B05-224_1_21.jpg,SVHTNL,4,0.25917983055114746,background_false_positive,0.0,0.0,5
100742308_K58393_F1B05-220_1_21.jpg,GWCNL,12,0.7889418005943298,background_false_positive,0.0,0.0,5
100742308_K58393_F1B05-220_1_21.jpg,BSBM,13,0.277113676071167,background_false_positive,0.0,0.0,5
100742308_K58393_F1B05-220_1_21.jpg,SVHTNL,4,0.2543191909790039,background_false_positive,0.0,0.0,5
100743823_K58351_F1B05-218_1_21.jpg,BSBM,13,0.8069754838943481,background_false_positive,0.0,0.0,6
100743823_K58351_F1B05-218_1_21.jpg,VHBNL,1,0.3318549692630768,background_false_positive,0.0,0.0,6
100743823_K58351_F1B05-218_1_21.jpg,GWCNL,12,0.31210991740226746,background_false_positive,0.0,0.0,6
100743823_K58351_F1B05-218_1_21.jpg,VHBNL,1,0.310869038105011,background_false_positive,0.0,0.0,6
100745117_K58311_F1B05-216_1_21.jpg,BSBM,13,0.5018129348754883,background_false_positive,0.0,0.0,-1
100745117_K58311_F1B05-216_1_21.jpg,BSBM,13,0.4101136028766632,background_false_positive,0.0,0.0,-1
100745117_K58311_F1B05-216_1_21.jpg,SVHTNL,4,0.3600916266441345,background_false_positive,0.0,0.0,-1
100745117_K58311_F1B05-216_1_21.jpg,BSBM,13,0.3265981078147888,background_false_positive,0.0,0.0,-1
100745117_K58311_F1B05-216_1_21.jpg,BSBM,13,0.32200348377227783,background_false_positive,0.0,0.0,-1
100745117_K58311_F1B05-216_1_21.jpg,BSBM,13,0.306753933429718,background_false_positive,0.0,0.0,-1
100745117_K58311_F1B05-216_1_21.jpg,BSBM,13,0.28191065788269043,background_false_positive,0.0,0.0,-1
100745117_K58311_F1B05-216_1_21.jpg,BSBM,13,0.2582859694957733,background_false_positive,0.0,0.0,-1
100819469_K57340_F1B05-166_1_21.jpg,BSBM,13,0.2674214243888855,background_false_positive,0.0,0.0,5
100820846_K57300_F1B05-164_1_21.jpg,SVHTNL,4,0.7498410940170288,background_false_positive,0.0,0.0,6
100820846_K57300_F1B05-164_1_21.jpg,VHBNM,0,0.5582776069641113,background_false_positive,0.0,0.0,6
100822222_K57260_F1B05-162_1_21.jpg,BSBM,13,0.5507418513298035,background_false_positive,0.0,0.0,5
100822222_K57260_F1B05-162_1_21.jpg,BSBM,13,0.4028297960758209,background_false_positive,0.0,0.0,5
100822222_K57260_F1B05-162_1_21.jpg,BSBM,13,0.2500181496143341,background_false_positive,0.0,0.0,5
100823633_K57220_F1B05-160_1_21.jpg,BSBM,13,0.38458549976348877,background_false_positive,0.0,0.0,6
100823633_K57220_F1B05-160_1_21.jpg,BSBM,13,0.36013317108154297,background_false_positive,0.0,0.0,6
100823633_K57220_F1B05-160_1_21.jpg,BSBM,13,0.3308274745941162,background_false_positive,0.0,0.0,6
100823633_K57220_F1B05-160_1_21.jpg,VHBNM,0,0.2585787773132324,background_false_positive,0.0,0.0,6
100825030_K57180_F1B05-158_1_21.jpg,GWCNL,12,0.3819149434566498,background_false_positive,0.0,0.0,6
100825030_K57180_F1B05-158_1_21.jpg,VHBNM,0,0.3132918179035187,background_false_positive,0.0,0.0,6
100825030_K57180_F1B05-158_1_21.jpg,GWCNL,12,0.2670302093029022,background_false_positive,0.0,0.0,6
100825030_K57180_F1B05-158_1_21.jpg,GWCNL,12,0.2620716392993927,background_false_positive,0.0,0.0,6
100826410_K57140_F1B05-156_1_21.jpg,GWCNL,12,0.5216143727302551,background_false_positive,0.0,0.0,6
100826410_K57140_F1B05-156_1_21.jpg,GWCNL,12,0.2989632785320282,background_false_positive,0.0,0.0,6
100826410_K57140_F1B05-156_1_21.jpg,BSBM,13,0.2870228886604309,background_false_positive,0.0,0.0,6
100826410_K57140_F1B05-156_1_21.jpg,BSBM,13,0.2522621750831604,background_false_positive,0.0,0.0,6
100827836_K57100_F1B05-154_1_21.jpg,VHBNL,1,0.6665141582489014,background_false_positive,0.0,0.0,-1
100827836_K57100_F1B05-154_1_21.jpg,GWCNL,12,0.6350248456001282,background_false_positive,0.0,0.0,-1
100827836_K57100_F1B05-154_1_21.jpg,GWCNL,12,0.4966149926185608,background_false_positive,0.0,0.0,-1
100831858_K56981_F1B05-148_1_21.jpg,GWCNL,12,0.8242054581642151,background_false_positive,0.0,0.0,5
100831858_K56981_F1B05-148_1_21.jpg,BSBM,13,0.5699521899223328,background_false_positive,0.0,0.0,5
100831858_K56981_F1B05-148_1_21.jpg,BSBM,13,0.5003902912139893,background_false_positive,0.0,0.0,5
100831858_K56981_F1B05-148_1_21.jpg,BSBM,13,0.4528062045574188,background_false_positive,0.0,0.0,5
100831858_K56981_F1B05-148_1_21.jpg,BSBM,13,0.36774733662605286,background_false_positive,0.0,0.0,5
100831858_K56981_F1B05-148_1_21.jpg,BSBM,13,0.31298384070396423,background_false_positive,0.0,0.0,5
100831858_K56981_F1B05-148_1_21.jpg,BSBM,13,0.2784518003463745,background_false_positive,0.0,0.0,5
100831858_K56981_F1B05-148_1_21.jpg,BSBM,13,0.2708652913570404,background_false_positive,0.0,0.0,5
100837754_K56813_F1B05-138_1_21.jpg,GWCNL,12,0.7306634783744812,background_false_positive,0.0,0.0,6
100837754_K56813_F1B05-138_1_21.jpg,BSBM,13,0.424623966217041,background_false_positive,0.0,0.0,6
100837754_K56813_F1B05-138_1_21.jpg,BSBM,13,0.37768611311912537,background_false_positive,0.0,0.0,6
100837754_K56813_F1B05-138_1_21.jpg,GWCNL,12,0.3447284996509552,wrong_class,0.5023355029218082,0.0,6
100838984_K56778_F1B05-136_1_21.jpg,INSD,14,0.31524303555488586,background_false_positive,0.0,0.0,6
100840244_K56743_F1B05-134_1_21.jpg,VHBNL,1,0.6856930255889893,background_false_positive,0.0,0.0,6
100840244_K56743_F1B05-134_1_21.jpg,BSBM,13,0.5828275084495544,background_false_positive,0.0,0.0,6
100840244_K56743_F1B05-134_1_21.jpg,BSBM,13,0.39046695828437805,background_false_positive,0.0,0.0,6
100840244_K56743_F1B05-134_1_21.jpg,INSD,14,0.2825182378292084,background_false_positive,0.0,0.0,6
100841493_K56708_F1B05-132_1_21.jpg,GWCNL,12,0.5719083547592163,background_false_positive,0.0,0.0,6
100841493_K56708_F1B05-132_1_21.jpg,CBVPM,6,0.33079034090042114,background_false_positive,0.0,0.0,6
100841493_K56708_F1B05-132_1_21.jpg,VHBNL,1,0.27753034234046936,background_false_positive,0.0,0.0,6
100842742_K56673_F1B05-130_1_21.jpg,BSBM,13,0.508574366569519,background_false_positive,0.0,0.0,6
100842742_K56673_F1B05-130_1_21.jpg,VHBNL,1,0.41078904271125793,background_false_positive,0.0,0.0,6
100842742_K56673_F1B05-130_1_21.jpg,BSBM,13,0.3498116135597229,background_false_positive,0.0,0.0,6
100843976_K56638_F1B05-128_1_21.jpg,SVHTNL,4,0.3314548134803772,background_false_positive,0.0,0.0,-1
100843976_K56638_F1B05-128_1_21.jpg,BSBM,13,0.28550732135772705,background_false_positive,0.0,0.0,-1
100846465_K56568_F1B05-124_1_21.jpg,BSBM,13,0.38784700632095337,background_false_positive,0.0,0.0,5
100846465_K56568_F1B05-124_1_21.jpg,VHBNL,1,0.3795216381549835,background_false_positive,0.0,0.0,5
100846465_K56568_F1B05-124_1_21.jpg,SVHBNL,3,0.2813915014266968,background_false_positive,0.04082620327056458,0.0,5
100847689_K56533_F1B05-122_1_21.jpg,BSBM,13,0.4501563608646393,background_false_positive,0.0,0.0,6
100847689_K56533_F1B05-122_1_21.jpg,BSBM,13,0.4041856527328491,background_false_positive,0.0,0.0,6
100847689_K56533_F1B05-122_1_21.jpg,BSBM,13,0.34065333008766174,background_false_positive,0.0,0.0,6
100847689_K56533_F1B05-122_1_21.jpg,BSBM,13,0.3044595718383789,background_false_positive,0.0,0.0,6
100847689_K56533_F1B05-122_1_21.jpg,BSBM,13,0.25773531198501587,background_false_positive,0.0,0.0,6
100848950_K56498_F1B05-120_1_21.jpg,CBVPM,6,0.4265354573726654,background_false_positive,0.0,0.0,-1
100848950_K56498_F1B05-120_1_21.jpg,INSD,14,0.3976140320301056,background_false_positive,0.0,0.0,-1
100848950_K56498_F1B05-120_1_21.jpg,GWCNL,12,0.35885098576545715,background_false_positive,0.0,0.0,-1
100848950_K56498_F1B05-120_1_21.jpg,SVHBNL,3,0.2651176154613495,background_false_positive,0.0,0.0,-1
100850176_K56463_F1B05-118_1_21.jpg,GWCNL,12,0.35834911465644836,background_false_positive,0.0,0.0,6
100850176_K56463_F1B05-118_1_21.jpg,GWCNL,12,0.27546095848083496,background_false_positive,0.0,0.0,6
100850176_K56463_F1B05-118_1_21.jpg,INSD,14,0.2752586901187897,background_false_positive,0.0,0.0,6
100851404_K56428_F1B05-116_1_21.jpg,VHBNL,1,0.2525249719619751,background_false_positive,0.0,0.0,5
100852671_K56393_F1B05-114_1_21.jpg,GWCNL,12,0.9633683562278748,background_false_positive,0.0,0.0,-1
100852671_K56393_F1B05-114_1_21.jpg,GWCNL,12,0.7906705141067505,background_false_positive,0.0,0.0,-1
100852671_K56393_F1B05-114_1_21.jpg,GWCNL,12,0.3860376477241516,background_false_positive,0.0,0.0,-1
100853908_K56358_F1B05-112_1_21.jpg,GWCNL,12,0.5769188404083252,background_false_positive,0.0,0.0,-1
100853908_K56358_F1B05-112_1_21.jpg,BSBM,13,0.40594446659088135,background_false_positive,0.0,0.0,-1
100853908_K56358_F1B05-112_1_21.jpg,VHBNL,1,0.35877725481987,background_false_positive,0.0,0.0,-1
100853908_K56358_F1B05-112_1_21.jpg,SVHBNL,3,0.2906029522418976,background_false_positive,0.0,0.0,-1
100853908_K56358_F1B05-112_1_21.jpg,BSBM,13,0.2801513075828552,background_false_positive,0.0,0.0,-1
100855169_K56323_F1B05-110_1_21.jpg,GWCNL,12,0.2998788058757782,background_false_positive,0.0,0.0,6
100934634_K55165_F1B05-048_1_21.jpg,VHBNL,1,0.39940184354782104,background_false_positive,0.0,0.0,5
100934634_K55165_F1B05-048_1_21.jpg,INSD,14,0.2865741550922394,background_false_positive,0.0,0.0,5
100935922_K55125_F1B05-046_1_21.jpg,GWCNL,12,0.6871894001960754,background_false_positive,0.0,0.0,5
100937208_K55085_F1B05-044_1_21.jpg,GWCNL,12,0.4375547468662262,background_false_positive,0.0,0.0,6
100937208_K55085_F1B05-044_1_21.jpg,BSBM,13,0.3660629689693451,background_false_positive,0.0,0.0,6
100937208_K55085_F1B05-044_1_21.jpg,GWCNL,12,0.3503078520298004,background_false_positive,0.0,0.0,6
100937208_K55085_F1B05-044_1_21.jpg,GWCNL,12,0.25008001923561096,background_false_positive,0.0,0.0,6
100938520_K55045_F1B05-042_1_21.jpg,BSBM,13,0.6458607912063599,background_false_positive,0.0,0.0,5
100938520_K55045_F1B05-042_1_21.jpg,GWCNL,12,0.3338213860988617,background_false_positive,0.0,0.0,5
100938520_K55045_F1B05-042_1_21.jpg,SVHBNL,3,0.286129891872406,background_false_positive,0.0,0.0,5
100939824_K55005_F1B05-040_1_21.jpg,BSBM,13,0.4804229736328125,background_false_positive,0.0,0.0,-1
100939824_K55005_F1B05-040_1_21.jpg,VHBNM,0,0.2733452320098877,background_false_positive,0.0,0.0,-1
100941129_K54965_F1B05-038_1_21.jpg,GWCNL,12,0.31134095788002014,background_false_positive,0.0,0.0,5
100942460_K54925_F1B05-036_1_21.jpg,BSBM,13,0.3984774947166443,background_false_positive,0.0,0.0,6
100942460_K54925_F1B05-036_1_21.jpg,GWCNL,12,0.3002845048904419,background_false_positive,0.0,0.0,6
100942460_K54925_F1B05-036_1_21.jpg,VHBNM,0,0.2786913812160492,background_false_positive,0.0,0.0,6
100942460_K54925_F1B05-036_1_21.jpg,BSBM,13,0.26778459548950195,background_false_positive,0.0,0.0,6
100942460_K54925_F1B05-036_1_21.jpg,BSBM,13,0.267289936542511,background_false_positive,0.0,0.0,6
100942460_K54925_F1B05-036_1_21.jpg,VHBNM,0,0.26388126611709595,background_false_positive,0.0,0.0,6
100943761_K54885_F1B05-034_1_21.jpg,GWCNL,12,0.7149367928504944,background_false_positive,0.0,0.0,6
100943761_K54885_F1B05-034_1_21.jpg,SVHTNL,4,0.29527416825294495,background_false_positive,0.0,0.0,6
100943761_K54885_F1B05-034_1_21.jpg,GWCNL,12,0.27076879143714905,background_false_positive,0.0,0.0,6
100945061_K54845_F1B05-032_1_21.jpg,GWCNL,12,0.6339318156242371,background_false_positive,0.0,0.0,5
100945061_K54845_F1B05-032_1_21.jpg,VHBNM,0,0.32819104194641113,background_false_positive,0.0,0.0,5
100945061_K54845_F1B05-032_1_21.jpg,VHBNL,1,0.27543309330940247,background_false_positive,0.0,0.0,5
100946383_K54805_F1B05-030_1_21.jpg,SVHTNL,4,0.35065433382987976,background_false_positive,0.0,0.0,6
100946383_K54805_F1B05-030_1_21.jpg,VHBNL,1,0.29582515358924866,background_false_positive,0.0,0.0,6
100946383_K54805_F1B05-030_1_21.jpg,BSBM,13,0.28412964940071106,background_false_positive,0.0,0.0,6
100951729_K54646_F1B05-022_1_21.jpg,GWCNL,12,0.5245143175125122,background_false_positive,0.0,0.0,-1
100951729_K54646_F1B05-022_1_21.jpg,SVHTNL,4,0.3723215162754059,background_false_positive,0.0,0.0,-1
100953075_K54605_F1B05-020_1_21.jpg,SVHBNL,3,0.4409200847148895,background_false_positive,0.0,0.0,5
100953075_K54605_F1B05-020_1_21.jpg,GWCNL,12,0.42405515909194946,background_false_positive,0.0,0.0,5
100954430_K54565_F1B05-018_1_21.jpg,GWCNL,12,0.34425869584083557,background_false_positive,0.0,0.0,6
100954430_K54565_F1B05-018_1_21.jpg,BSBM,13,0.3196449279785156,background_false_positive,0.0,0.0,6
100954430_K54565_F1B05-018_1_21.jpg,GWCNL,12,0.28430426120758057,background_false_positive,0.0,0.0,6
100955788_K54525_F1B05-016_1_21.jpg,GWCNL,12,0.2794068455696106,background_false_positive,0.0,0.0,5
100957152_K54485_F1B05-014_1_21.jpg,BSBM,13,0.6020976901054382,background_false_positive,0.0,0.0,5
100957152_K54485_F1B05-014_1_21.jpg,BSBM,13,0.4666889011859894,background_false_positive,0.0,0.0,5
100958564_K54445_F1B05-012_1_21.jpg,GWCNL,12,0.9217479825019836,background_false_positive,0.0,0.0,5
100958564_K54445_F1B05-012_1_21.jpg,BSBM,13,0.42866310477256775,background_false_positive,0.0,0.0,5
100958564_K54445_F1B05-012_1_21.jpg,BSBM,13,0.318877249956131,background_false_positive,0.0,0.0,5
100959981_K54405_F1B05-010_1_21.jpg,VHBNL,1,0.6274499297142029,background_false_positive,0.0,0.0,5
100959981_K54405_F1B05-010_1_21.jpg,VHBNM,0,0.5271613001823425,background_false_positive,0.0,0.0,5
101031896_K53481_F1B04-1018_1_21.jpg,BSBM,13,0.26187971234321594,background_false_positive,0.0,0.0,6
101033246_K53441_F1B04-1016_1_21.jpg,SVHTNL,4,0.4491172432899475,background_false_positive,0.0,0.0,6
101127809_K51829_F1B04-934_1_21.jpg,BSBM,13,0.7275359630584717,background_false_positive,0.0,0.0,5
101127809_K51829_F1B04-934_1_21.jpg,VHBNM,0,0.3850221335887909,background_false_positive,0.0,0.0,5
101127809_K51829_F1B04-934_1_21.jpg,VHBNL,1,0.277182936668396,background_false_positive,0.0,0.0,5
101129158_K51789_F1B04-932_1_21.jpg,BSBM,13,0.59378981590271,background_false_positive,0.0,0.0,-1
101129158_K51789_F1B04-932_1_21.jpg,BSBM,13,0.38253355026245117,background_false_positive,0.0,0.0,-1
101130469_K51750_F1B04-930_1_21.jpg,BSBM,13,0.3619011640548706,background_false_positive,0.0,0.0,6
101130469_K51750_F1B04-930_1_21.jpg,SVHBNL,3,0.360469251871109,background_false_positive,0.0,0.0,6
101131852_K51711_F1B04-928_1_21.jpg,BSBM,13,0.4935070276260376,background_false_positive,0.0,0.0,5
101131852_K51711_F1B04-928_1_21.jpg,SVHTNL,4,0.4729059934616089,background_false_positive,0.0,0.0,5
101131852_K51711_F1B04-928_1_21.jpg,SVHTNL,4,0.3664252460002899,background_false_positive,0.0,0.0,5
101131852_K51711_F1B04-928_1_21.jpg,SVHTNL,4,0.29096728563308716,background_false_positive,0.0,0.0,5
101131852_K51711_F1B04-928_1_21.jpg,INSD,14,0.2777015268802643,background_false_positive,0.0,0.0,5
101131852_K51711_F1B04-928_1_21.jpg,SVHTNL,4,0.2595081031322479,background_false_positive,0.0,0.0,5
101133002_K51670_F1B04-926_1_21.jpg,SVHTNL,4,0.5744642615318298,background_false_positive,0.0,0.0,5
101133002_K51670_F1B04-926_1_21.jpg,GWCNL,12,0.5734171867370605,background_false_positive,0.0,0.0,5
101133002_K51670_F1B04-926_1_21.jpg,SVHTNL,4,0.34960538148880005,background_false_positive,0.0,0.0,5
101134993_K51577_F1B04-920_1_21.jpg,SVHTNL,4,0.555509626865387,background_false_positive,0.0,0.0,6
101134993_K51577_F1B04-920_1_21.jpg,GWCNL,12,0.39496707916259766,background_false_positive,0.0,0.0,6
101136161_K51575_F1B04-918a_1_21.jpg,GWCNL,12,0.42050057649612427,background_false_positive,0.0,0.0,-1
101136161_K51575_F1B04-918a_1_21.jpg,INSD,14,0.3022138774394989,background_false_positive,0.0,0.0,-1
101137467_K51539_F1B04-918_1_21.jpg,SVHTNL,4,0.5447015762329102,background_false_positive,0.0,0.0,6
101137467_K51539_F1B04-918_1_21.jpg,BSBM,13,0.41893622279167175,background_false_positive,0.0,0.0,6
101137467_K51539_F1B04-918_1_21.jpg,BSBM,13,0.37255382537841797,background_false_positive,0.0,0.0,6
101137467_K51539_F1B04-918_1_21.jpg,GWCNL,12,0.3002460300922394,background_false_positive,0.0,0.0,6
101137467_K51539_F1B04-918_1_21.jpg,VHBNM,0,0.2689676880836487,background_false_positive,0.0,0.0,6
101138834_K51499_F1B04-916_1_21.jpg,CBVPM,6,0.2500571310520172,background_false_positive,0.0,0.0,-1
101140208_K51459_F1B04-914_1_21.jpg,BSBM,13,0.4730566740036011,background_false_positive,0.0,0.0,5
101141617_K51419_F1B04-912_1_21.jpg,BSBM,13,0.8347089290618896,background_false_positive,0.0,0.0,5
101141617_K51419_F1B04-912_1_21.jpg,BSBM,13,0.3260120749473572,background_false_positive,0.0,0.0,5
101141617_K51419_F1B04-912_1_21.jpg,BSBM,13,0.2826852798461914,background_false_positive,0.0,0.0,5
101141617_K51419_F1B04-912_1_21.jpg,GWCNL,12,0.26515859365463257,background_false_positive,0.0,0.0,5
101143128_K51379_F1B04-910_1_21.jpg,BSBM,13,0.8202013969421387,background_false_positive,0.0,0.0,5
101143128_K51379_F1B04-910_1_21.jpg,BSBM,13,0.647313117980957,background_false_positive,0.0,0.0,5
101143128_K51379_F1B04-910_1_21.jpg,BSBM,13,0.4465411305427551,background_false_positive,0.0,0.0,5
101143128_K51379_F1B04-910_1_21.jpg,BSBM,13,0.42969366908073425,background_false_positive,0.0,0.0,5
101143128_K51379_F1B04-910_1_21.jpg,GWCNL,12,0.31915566325187683,background_false_positive,0.0,0.0,5
101143128_K51379_F1B04-910_1_21.jpg,VHBNM,0,0.2917994558811188,background_false_positive,0.0,0.0,5
101144725_K51339_F1B04-908_1_21.jpg,SVHBNL,3,0.4803703725337982,background_false_positive,0.0,0.0,-1
101144725_K51339_F1B04-908_1_21.jpg,GWCNL,12,0.43176716566085815,background_false_positive,0.0,0.0,-1
101144725_K51339_F1B04-908_1_21.jpg,VHBNL,1,0.2729334235191345,background_false_positive,0.0,0.0,-1
101148227_K51259_F1B04-904_1_21.jpg,GWCNL,12,0.5333381295204163,background_false_positive,0.0,0.0,6
101148227_K51259_F1B04-904_1_21.jpg,CBVPM,6,0.2672746181488037,background_false_positive,0.0,0.0,6
101150169_K51219_F1B04-902_1_21.jpg,SVHTNL,4,0.4630320966243744,background_false_positive,0.0,0.0,-1
101150169_K51219_F1B04-902_1_21.jpg,GWCNL,12,0.29897424578666687,background_false_positive,0.0,0.0,-1
101150169_K51219_F1B04-902_1_21.jpg,BSBM,13,0.25322964787483215,background_false_positive,0.0,0.0,-1
101152001_K51178_F1B04-900_1_21.jpg,BSBM,13,0.34515896439552307,background_false_positive,0.0,0.0,6
101153920_K51140_F1B04-898_1_21.jpg,BSBM,13,0.25894686579704285,background_false_positive,0.0,0.0,5
101153920_K51140_F1B04-898_1_21.jpg,BSBM,13,0.25346776843070984,background_false_positive,0.0,0.0,5
101201456_K50969_F1B04-888_1_21.jpg,BSBM,13,0.614664614200592,background_false_positive,0.0,0.0,-1
101201456_K50969_F1B04-888_1_21.jpg,BSBM,13,0.5341495871543884,background_false_positive,0.0,0.0,-1
101201456_K50969_F1B04-888_1_21.jpg,SVHBNL,3,0.28947171568870544,background_false_positive,0.0,0.0,-1
101204260_K50909_F1B04-884_1_21.jpg,INSD,14,0.32026442885398865,near_gt_wrong_class_or_location,0.1750689358657615,0.0,6
101204260_K50909_F1B04-884_1_21.jpg,SVHTNL,4,0.294644296169281,background_false_positive,0.0,0.0,6
101205677_K50879_F1B04-882_1_21.jpg,GWCNL,12,0.5407843589782715,background_false_positive,0.0,0.0,6
101205677_K50879_F1B04-882_1_21.jpg,INSD,14,0.2908335328102112,background_false_positive,0.0,0.0,6
101207084_K50849_F1B04-880_1_21.jpg,BSBM,13,0.3478808104991913,background_false_positive,0.0,0.0,-1
101208490_K50819_F1B04-878_1_21.jpg,GWCNL,12,0.3566311001777649,background_false_positive,0.0,0.0,5
101208490_K50819_F1B04-878_1_21.jpg,CBVPM,6,0.3211202025413513,background_false_positive,0.0,0.0,5
101208490_K50819_F1B04-878_1_21.jpg,GWCNL,12,0.2659549415111542,background_false_positive,0.0,0.0,5
101209888_K50789_F1B04-876_1_21.jpg,GWCNL,12,0.37435591220855713,background_false_positive,0.0,0.0,5
101209888_K50789_F1B04-876_1_21.jpg,BSBM,13,0.34742313623428345,background_false_positive,0.0,0.0,5
101211295_K50759_F1B04-874_1_21.jpg,SVHTNL,4,0.4633147418498993,background_false_positive,0.0,0.0,-1
101211295_K50759_F1B04-874_1_21.jpg,BSBM,13,0.34802600741386414,background_false_positive,0.0,0.0,-1
101211295_K50759_F1B04-874_1_21.jpg,GWCNL,12,0.2808857560157776,background_false_positive,0.0,0.0,-1
101211295_K50759_F1B04-874_1_21.jpg,BSBM,13,0.2749911844730377,background_false_positive,0.0,0.0,-1
101211295_K50759_F1B04-874_1_21.jpg,BSBM,13,0.274872362613678,background_false_positive,0.0,0.0,-1
101212702_K50729_F1B04-872_1_21.jpg,BSBM,13,0.6112151741981506,background_false_positive,0.0,0.0,6
101212702_K50729_F1B04-872_1_21.jpg,VHBNL,1,0.39589229226112366,background_false_positive,0.0,0.0,6
101212702_K50729_F1B04-872_1_21.jpg,SVHTNL,4,0.26235246658325195,background_false_positive,0.0,0.0,6
101214108_K50699_F1B04-870_1_21.jpg,GWCNL,12,0.3812006711959839,background_false_positive,0.0,0.0,5
101214108_K50699_F1B04-870_1_21.jpg,GWCNL,12,0.34404128789901733,background_false_positive,0.0,0.0,5
101215516_K50669_F1B04-868_1_21.jpg,GWCNL,12,0.5073603987693787,background_false_positive,0.0,0.0,5
101215516_K50669_F1B04-868_1_21.jpg,VHBNL,1,0.4929487705230713,background_false_positive,0.0,0.0,5
101215516_K50669_F1B04-868_1_21.jpg,GWCNM,11,0.37526053190231323,background_false_positive,0.0,0.0,5
101216913_K50639_F1B04-866_1_21.jpg,GWCNL,12,0.8466522693634033,background_false_positive,0.0,0.0,-1
101216913_K50639_F1B04-866_1_21.jpg,SVHTNL,4,0.3010581433773041,background_false_positive,0.0,0.0,-1
101216913_K50639_F1B04-866_1_21.jpg,VHBNM,0,0.26007533073425293,background_false_positive,0.0,0.0,-1
101218329_K50609_F1B04-864_1_21.jpg,VHBNL,1,0.3152065873146057,background_false_positive,0.0,0.0,6
101218329_K50609_F1B04-864_1_21.jpg,BSBM,13,0.3130088448524475,background_false_positive,0.0,0.0,6
101218329_K50609_F1B04-864_1_21.jpg,VHBNL,1,0.31103435158729553,background_false_positive,0.0,0.0,6
101218329_K50609_F1B04-864_1_21.jpg,INSD,14,0.28511977195739746,background_false_positive,0.0,0.0,6
101218329_K50609_F1B04-864_1_21.jpg,GWCNL,12,0.2574149966239929,background_false_positive,0.0,0.0,6
101218329_K50609_F1B04-864_1_21.jpg,BSBM,13,0.25526875257492065,background_false_positive,0.0,0.0,6
101221134_K50549_F1B04-860_1_21.jpg,GWCNL,12,0.513871967792511,background_false_positive,0.0,0.0,6
101221134_K50549_F1B04-860_1_21.jpg,VHBNL,1,0.3075505197048187,background_false_positive,0.0,0.0,6
101221134_K50549_F1B04-860_1_21.jpg,VHBNM,0,0.2789715528488159,background_false_positive,0.0,0.0,6
101222538_K50519_F1B04-858_1_21.jpg,VHBNL,1,0.31811225414276123,background_false_positive,0.0,0.0,-1
101222538_K50519_F1B04-858_1_21.jpg,VHBNM,0,0.2986666262149811,background_false_positive,0.0,0.0,-1
101222538_K50519_F1B04-858_1_21.jpg,VHBNL,1,0.2755877673625946,background_false_positive,0.0,0.0,-1
101223935_K50489_F1B04-856_1_21.jpg,GWCNL,12,0.8934716582298279,background_false_positive,0.0,0.0,5
101223935_K50489_F1B04-856_1_21.jpg,BSBM,13,0.7976513504981995,background_false_positive,0.0,0.0,5
101223935_K50489_F1B04-856_1_21.jpg,BSBM,13,0.7955709099769592,background_false_positive,0.0,0.0,5
101223935_K50489_F1B04-856_1_21.jpg,BSBM,13,0.42252370715141296,background_false_positive,0.0,0.0,5
101223935_K50489_F1B04-856_1_21.jpg,SVHTNL,4,0.336431086063385,background_false_positive,0.0,0.0,5
101225351_K50459_F1B04-854_1_21.jpg,VHBNL,1,0.3884567320346832,background_false_positive,0.0,0.0,6
101225351_K50459_F1B04-854_1_21.jpg,CBVPM,6,0.37156942486763,background_false_positive,0.0,0.0,6
101225351_K50459_F1B04-854_1_21.jpg,VHBNL,1,0.3511831760406494,background_false_positive,0.0,0.0,6
101225351_K50459_F1B04-854_1_21.jpg,GWCNL,12,0.2972240447998047,background_false_positive,0.0,0.0,6
101226746_K50429_F1B04-852_1_21.jpg,GWCNL,12,0.5617910623550415,background_false_positive,0.0,0.0,6
101226746_K50429_F1B04-852_1_21.jpg,BSBM,13,0.329126238822937,background_false_positive,0.0,0.0,6
101226746_K50429_F1B04-852_1_21.jpg,BSBM,13,0.2744691073894501,background_false_positive,0.0,0.0,6
101228155_K50399_F1B04-850_1_21.jpg,VHBNL,1,0.2686389088630676,background_false_positive,0.0,0.0,6
101229565_K50369_F1B04-848_1_21.jpg,BSBM,13,0.46428337693214417,background_false_positive,0.0,0.0,5
101229565_K50369_F1B04-848_1_21.jpg,VHBNM,0,0.3481658101081848,background_false_positive,0.0,0.0,5
101229565_K50369_F1B04-848_1_21.jpg,BSBM,13,0.3373568058013916,background_false_positive,0.0,0.0,5
101229565_K50369_F1B04-848_1_21.jpg,BSBM,13,0.33362725377082825,background_false_positive,0.0,0.0,5
101229565_K50369_F1B04-848_1_21.jpg,GWCNL,12,0.28044217824935913,background_false_positive,0.0,0.0,5
101234047_K50276_F1B04-840a_1_21.jpg,BSBM,13,0.3640941381454468,background_false_positive,0.0,0.0,5
101235984_K50250_F1B04-840_1_21.jpg,BSBM,13,0.9179921746253967,background_false_positive,0.0,0.0,5
101235984_K50250_F1B04-840_1_21.jpg,BSBM,13,0.6543015837669373,background_false_positive,0.0,0.0,5
101235984_K50250_F1B04-840_1_21.jpg,VHBNM,0,0.5844022631645203,background_false_positive,0.0,0.0,5
101235984_K50250_F1B04-840_1_21.jpg,BSBM,13,0.5051127076148987,background_false_positive,0.0,0.0,5
101235984_K50250_F1B04-840_1_21.jpg,GWCNL,12,0.4165725111961365,background_false_positive,0.0,0.0,5
101235984_K50250_F1B04-840_1_21.jpg,BSBM,13,0.3945039212703705,background_false_positive,0.0,0.0,5
101235984_K50250_F1B04-840_1_21.jpg,GWCNL,12,0.2908734381198883,background_false_positive,0.0,0.0,5
101235984_K50250_F1B04-840_1_21.jpg,BSBM,13,0.2879638075828552,background_false_positive,0.0,0.0,5
101235984_K50250_F1B04-840_1_21.jpg,BSBM,13,0.28495144844055176,background_false_positive,0.0,0.0,5
101235984_K50250_F1B04-840_1_21.jpg,VHBNL,1,0.2746787965297699,background_false_positive,0.0,0.0,5
101235984_K50250_F1B04-840_1_21.jpg,VHBNM,0,0.268600195646286,background_false_positive,0.0,0.0,5
101237980_K50213_F1B04-838_1_21.jpg,BSBM,13,0.4419505298137665,background_false_positive,0.0,0.0,6
101239847_K50172_F1B04-836_1_21.jpg,SVHBNL,3,0.32172060012817383,background_false_positive,0.0,0.0,6
101241248_K50135_F1B04-834_1_21.jpg,BSBM,13,0.7605447173118591,background_false_positive,0.0,0.0,5
101241248_K50135_F1B04-834_1_21.jpg,SVHBNL,3,0.3380489647388458,background_false_positive,0.0,0.0,5
101241248_K50135_F1B04-834_1_21.jpg,BSBM,13,0.3032163381576538,background_false_positive,0.0,0.0,5
101242889_K50107_F1B04-832_1_21.jpg,VHBNL,1,0.2764874994754791,background_false_positive,0.0,0.0,-1
101244569_K50075_F1B04-830_1_21.jpg,BSBM,13,0.5207833647727966,background_false_positive,0.0,0.0,5
101244569_K50075_F1B04-830_1_21.jpg,BSBM,13,0.32317739725112915,background_false_positive,0.0,0.0,5
101246217_K50042_F1B04-828_1_21.jpg,VHBNM,0,0.41538023948669434,background_false_positive,0.0,0.0,6
101246217_K50042_F1B04-828_1_22.jpg,VHBNL,1,0.29459524154663086,background_false_positive,0.0,0.0,-1
101247878_K50009_F1B04-826_1_21.jpg,VHBNM,0,0.4605698883533478,background_false_positive,0.0,0.0,5
101247878_K50009_F1B04-826_1_21.jpg,SVHTNL,4,0.3740144670009613,background_false_positive,0.0,0.0,5
101247878_K50009_F1B04-826_1_21.jpg,VHBNM,0,0.2671000361442566,background_false_positive,0.0,0.0,5
101249635_K49977_F1B04-824_1_21.jpg,SVHTNL,4,0.565544068813324,background_false_positive,0.0,0.0,-1
101251572_K49943_F1B04-822_1_21.jpg,GWCNL,12,0.5151110887527466,background_false_positive,0.0,0.0,6
101253501_K49909_F1B04-820_1_21.jpg,INSD,14,0.34158679842948914,background_false_positive,0.0,0.0,5
101253501_K49909_F1B04-820_1_21.jpg,BSBM,13,0.26033180952072144,background_false_positive,0.0,0.0,5
101255888_K49877_F1B04-818_1_21.jpg,GWCNL,12,0.25133028626441956,background_false_positive,0.0,0.0,6
101258745_K49841_F1B04-816_1_21.jpg,GWCNL,12,0.26181724667549133,background_false_positive,0.0,0.0,5
101258745_K49841_F1B04-816_1_21.jpg,VHBNM,0,0.25548750162124634,background_false_positive,0.0,0.0,5
101301757_K49804_F1B04-814_1_21.jpg,SVHTNL,4,0.3424171209335327,background_false_positive,0.0,0.0,6
101301757_K49804_F1B04-814_1_21.jpg,GWCNL,12,0.3115808963775635,background_false_positive,0.0,0.0,6
101305603_K49802_F1B04-812a_1_21.jpg,SVHBNL,3,0.5762189626693726,background_false_positive,0.0,0.0,6
101305603_K49802_F1B04-812a_1_21.jpg,GWCNL,12,0.3061375617980957,background_false_positive,0.0,0.0,6
101305603_K49802_F1B04-812a_1_21.jpg,INSD,14,0.2664962410926819,background_false_positive,0.0,0.0,6
101305603_K49802_F1B04-812a_1_21.jpg,VHBNM,0,0.25009244680404663,background_false_positive,0.0,0.0,6
101406217_K49741_F1B04-810_1_21.jpg,GWCNL,12,0.6483541131019592,background_false_positive,0.0,0.0,5
101406217_K49741_F1B04-810_1_21.jpg,VHBNM,0,0.3941866159439087,background_false_positive,0.0,0.0,5
101406217_K49741_F1B04-810_1_21.jpg,VHBNL,1,0.264090359210968,background_false_positive,0.0,0.0,5
101410786_K49711_F1B04-808_1_21.jpg,GWCNL,12,0.28044697642326355,background_false_positive,0.0,0.0,-1
101413823_K49679_F1B04-806_1_21.jpg,GWCNL,12,0.303738534450531,background_false_positive,0.0,0.0,6
101413823_K49679_F1B04-806_1_21.jpg,SVHBNL,3,0.2528242766857147,background_false_positive,0.0,0.0,6
101415958_K49644_F1B04-804_1_21.jpg,VHBNM,0,0.3488437533378601,background_false_positive,0.0,0.0,5
101415958_K49644_F1B04-804_1_21.jpg,BSBM,13,0.3136710226535797,background_false_positive,0.0,0.0,5
101415958_K49644_F1B04-804_1_21.jpg,VHBNM,0,0.29399242997169495,background_false_positive,0.0,0.0,5
101419743_K49580_F1B04-800_1_21.jpg,GWCNM,11,0.37551212310791016,background_false_positive,0.0,0.0,5
101421471_K49545_F1B04-798_1_21.jpg,GWCNL,12,0.39859092235565186,background_false_positive,0.0,0.0,-1
101421471_K49545_F1B04-798_1_21.jpg,SVHBNL,3,0.30889931321144104,background_false_positive,0.0,0.0,-1
101423253_K49510_F1B04-796_1_22.jpg,BSBM,13,0.35442695021629333,background_false_positive,0.0,0.0,-1
101423253_K49510_F1B04-796_1_22.jpg,BSBM,13,0.26015371084213257,background_false_positive,0.0,0.0,-1
101426501_K49431_F1B04-792_1_21.jpg,BSBM,13,0.49430912733078003,background_false_positive,0.0,0.0,-1
101426501_K49431_F1B04-792_1_21.jpg,SVHTNL,4,0.4488716721534729,background_false_positive,0.0,0.0,-1
101426501_K49431_F1B04-792_1_21.jpg,VHBNL,1,0.3966974914073944,background_false_positive,0.0,0.0,-1
101426501_K49431_F1B04-792_1_21.jpg,BSBM,13,0.3158460259437561,background_false_positive,0.0,0.0,-1
101427695_K49395_F1B04-790_1_21.jpg,BSBM,13,0.8154570460319519,background_false_positive,0.0,0.0,5
101427695_K49395_F1B04-790_1_21.jpg,BSBM,13,0.7997676730155945,background_false_positive,0.0,0.0,5
101427695_K49395_F1B04-790_1_21.jpg,BSBM,13,0.6518707871437073,background_false_positive,0.0,0.0,5
101427695_K49395_F1B04-790_1_21.jpg,BSBM,13,0.40691515803337097,background_false_positive,0.0,0.0,5
101427695_K49395_F1B04-790_1_21.jpg,BSBM,13,0.3463476002216339,background_false_positive,0.0,0.0,5
101427695_K49395_F1B04-790_1_21.jpg,BSBM,13,0.2681550085544586,background_false_positive,0.0,0.0,5
101427695_K49395_F1B04-790_1_21.jpg,BSBM,13,0.26538291573524475,background_false_positive,0.0,0.0,5
101427695_K49395_F1B04-790_1_21.jpg,BSBM,13,0.25696998834609985,background_false_positive,0.0,0.0,5
101428933_K49335_F1B04-786_1_21.jpg,SVHTNL,4,0.5550840497016907,background_false_positive,0.0,0.0,5
101428933_K49335_F1B04-786_1_21.jpg,CBVPM,6,0.5051923394203186,background_false_positive,0.0,0.0,5
101428933_K49335_F1B04-786_1_21.jpg,GWCNL,12,0.4031422436237335,background_false_positive,0.0,0.0,5
101428933_K49335_F1B04-786_1_21.jpg,DRPS,15,0.2742706835269928,background_false_positive,0.0,0.0,5
101428933_K49335_F1B04-786_1_21.jpg,VHBNL,1,0.26287344098091125,background_false_positive,0.0,0.0,5
101428933_K49335_F1B04-786_1_21.jpg,BSBM,13,0.25788313150405884,background_false_positive,0.0,0.0,5
101430220_K49333_F1B04-784a_1_21.jpg,BSBM,13,0.4589572548866272,background_false_positive,0.0,0.0,6
101430220_K49333_F1B04-784a_1_21.jpg,BSBM,13,0.36243221163749695,background_false_positive,0.0,0.0,6
101430220_K49333_F1B04-784a_1_21.jpg,VHBNM,0,0.352462500333786,background_false_positive,0.0,0.0,6
101430220_K49333_F1B04-784a_1_21.jpg,BSBM,13,0.3327885568141937,background_false_positive,0.0,0.0,6
101432387_K49268_F1B04-782_1_21.jpg,BSBM,13,0.8494889140129089,background_false_positive,0.0,0.0,-1
101432387_K49268_F1B04-782_1_21.jpg,BSBM,13,0.5357994437217712,background_false_positive,0.0,0.0,-1
101432387_K49268_F1B04-782_1_21.jpg,VHBNL,1,0.3257712423801422,background_false_positive,0.0,0.0,-1
101432387_K49268_F1B04-782_1_21.jpg,CBVPM,6,0.29926836490631104,background_false_positive,0.0,0.0,-1
101432387_K49268_F1B04-782_1_21.jpg,BSBM,13,0.259698748588562,background_false_positive,0.0,0.0,-1
101433567_K49237_F1B04-780_1_21.jpg,GWCNL,12,0.5700903534889221,background_false_positive,0.0,0.0,5
101433567_K49237_F1B04-780_1_21.jpg,SVHTNL,4,0.4932827055454254,background_false_positive,0.0,0.0,5
101433567_K49237_F1B04-780_1_21.jpg,VHBNM,0,0.45968058705329895,background_false_positive,0.0,0.0,5
101433567_K49237_F1B04-780_1_21.jpg,VHBNL,1,0.4079318940639496,background_false_positive,0.0,0.0,5
101433567_K49237_F1B04-780_1_21.jpg,BSBM,13,0.36119750142097473,background_false_positive,0.0,0.0,5
101433567_K49237_F1B04-780_1_21.jpg,VHBNL,1,0.3005577027797699,background_false_positive,0.0,0.0,5
101434753_K49202_F1B04-778_1_21.jpg,SVHTNL,4,0.6694698929786682,background_false_positive,0.0,0.0,-1
101434753_K49202_F1B04-778_1_21.jpg,SVHBNL,3,0.6606572270393372,background_false_positive,0.0,0.0,-1
101434753_K49202_F1B04-778_1_21.jpg,BSBM,13,0.39379793405532837,background_false_positive,0.0,0.0,-1
101434753_K49202_F1B04-778_1_21.jpg,VHBNL,1,0.25885823369026184,background_false_positive,0.0,0.0,-1
101436049_K49167_F1B04-776_1_21.jpg,BSBM,13,0.5515518188476562,background_false_positive,0.0,0.0,5
101437328_K49127_F1B04-774_1_21.jpg,VHBNM,0,0.37005820870399475,background_false_positive,0.0,0.0,6
101437328_K49127_F1B04-774_1_21.jpg,VHBNL,1,0.2709209620952606,background_false_positive,0.0,0.0,6
101437328_K49127_F1B04-774_1_21.jpg,BSBM,13,0.26851093769073486,background_false_positive,0.0,0.0,6
101438558_K49087_F1B04-772_1_21.jpg,VHBNL,1,0.3083914518356323,background_false_positive,0.0,0.0,-1
101438558_K49087_F1B04-772_1_21.jpg,VHBNL,1,0.28878214955329895,background_false_positive,0.0,0.0,-1
101438558_K49087_F1B04-772_1_21.jpg,VHBNL,1,0.286651074886322,background_false_positive,0.0,0.0,-1
101439751_K49047_F1B04-770_1_21.jpg,VHBNL,1,0.41048067808151245,background_false_positive,0.0,0.0,6
101439751_K49047_F1B04-770_1_21.jpg,VHBNM,0,0.3493536412715912,background_false_positive,0.0,0.0,6
101439751_K49047_F1B04-770_1_21.jpg,VHBNL,1,0.3424718976020813,background_false_positive,0.0,0.0,6
101439751_K49047_F1B04-770_1_21.jpg,GWCNL,12,0.2981407344341278,background_false_positive,0.0,0.0,6
101440998_K49008_F1B04-768_1_21.jpg,BSBM,13,0.46065518260002136,background_false_positive,0.0,0.0,-1
101440998_K49008_F1B04-768_1_21.jpg,CBVPM,6,0.3501340448856354,background_false_positive,0.0,0.0,-1
101440998_K49008_F1B04-768_1_21.jpg,VHBNL,1,0.26005974411964417,background_false_positive,0.0,0.0,-1
101440998_K49008_F1B04-768_1_21.jpg,VHBNM,0,0.2509000599384308,background_false_positive,0.0,0.0,-1
101442137_K48967_F1B04-766_1_21.jpg,GWCNL,12,0.28707754611968994,background_false_positive,0.0,0.0,5
101442137_K48967_F1B04-766_1_21.jpg,BSBM,13,0.26513925194740295,background_false_positive,0.0,0.0,5
101444590_K48887_F1B04-762_1_21.jpg,GWCNL,12,0.37350285053253174,background_false_positive,0.0,0.0,6
101444590_K48887_F1B04-762_1_21.jpg,VHBNL,1,0.2921769917011261,background_false_positive,0.0,0.0,6
101445900_K48847_F1B04-760_1_21.jpg,BSBM,13,0.27541881799697876,background_false_positive,0.0,0.0,-1
101447220_K48806_F1B04-758_1_21.jpg,INSD,14,0.36739474534988403,background_false_positive,0.0,0.0,6
101447220_K48806_F1B04-758_1_21.jpg,VHBNL,1,0.31339791417121887,background_false_positive,0.0,0.0,6
101447220_K48806_F1B04-758_1_21.jpg,BSBM,13,0.25601300597190857,background_false_positive,0.0,0.0,6
101448531_K48765_F1B04-756_1_21.jpg,SVHTNL,4,0.43401917815208435,background_false_positive,0.0,0.0,-1
101448531_K48765_F1B04-756_1_21.jpg,CBVPM,6,0.36181190609931946,background_false_positive,0.0,0.0,-1
101449927_K48726_F1B04-754_1_21.jpg,BSBM,13,0.2536331117153168,background_false_positive,0.0,0.0,6
101451440_K48687_F1B04-752_1_21.jpg,BSBM,13,0.48821955919265747,background_false_positive,0.0,0.0,5
101451440_K48687_F1B04-752_1_21.jpg,GWCNM,11,0.4287245571613312,background_false_positive,0.0,0.0,5
101451440_K48687_F1B04-752_1_21.jpg,VHBNL,1,0.3211809992790222,background_false_positive,0.0,0.0,5
101453011_K48646_F1B04-750_1_21.jpg,GWCNL,12,0.5966094732284546,background_false_positive,0.0,0.0,-1
101454669_K48606_F1B04-748_1_21.jpg,GWCNL,12,0.28735047578811646,background_false_positive,0.0,0.0,5
101454669_K48606_F1B04-748_1_21.jpg,BSBM,13,0.26866117119789124,background_false_positive,0.0,0.0,5
101456560_K48567_F1B04-746_1_21.jpg,VHBNL,1,0.2624949514865875,background_false_positive,0.0,0.0,-1
101458197_K48525_F1B04-744_1_21.jpg,SVHBNL,3,0.4107051193714142,background_false_positive,0.0,0.0,6
101459743_K48492_F1B04-742_1_21.jpg,BSBM,13,0.7950416803359985,background_false_positive,0.0,0.0,5
101459743_K48492_F1B04-742_1_21.jpg,BSBM,13,0.4291017949581146,background_false_positive,0.0,0.0,5
101459743_K48492_F1B04-742_1_21.jpg,INSD,14,0.38926514983177185,background_false_positive,0.0,0.0,5
101459743_K48492_F1B04-742_1_21.jpg,BSBM,13,0.35842007398605347,background_false_positive,0.0,0.0,5
101459743_K48492_F1B04-742_1_21.jpg,BSBM,13,0.30166640877723694,background_false_positive,0.0,0.0,5
101459743_K48492_F1B04-742_1_21.jpg,VHBNL,1,0.2802596092224121,background_false_positive,0.0,0.0,5
101501543_K48432_F1B04-738_1_21.jpg,VHBNL,1,0.36791476607322693,background_false_positive,0.0,0.0,6
101501543_K48432_F1B04-738_1_21.jpg,SVHTNL,4,0.33102595806121826,background_false_positive,0.0,0.0,6
101503703_K48430_F1B04-736a_1_21.jpg,VHBNL,1,0.309653103351593,background_false_positive,0.0,0.0,-1
101503703_K48430_F1B04-736a_1_21.jpg,BSBM,13,0.27706459164619446,background_false_positive,0.0,0.0,-1
101506546_K48395_F1B04-736_1_21.jpg,BSBM,13,0.5796804428100586,background_false_positive,0.0,0.0,6
101509990_K48355_F1B04-734_1_22.jpg,SVHTNL,4,0.27598851919174194,background_false_positive,0.0,0.0,-1
101514388_K48315_F1B04-732_1_21.jpg,BSBM,13,0.5843867659568787,background_false_positive,0.0,0.0,6
101514388_K48315_F1B04-732_1_21.jpg,BSBM,13,0.4992428123950958,background_false_positive,0.0,0.0,6
101514388_K48315_F1B04-732_1_21.jpg,GWCNL,12,0.33901485800743103,background_false_positive,0.0,0.0,6
101514388_K48315_F1B04-732_1_21.jpg,SVHBNL,3,0.2701738774776459,background_false_positive,0.0,0.0,6
101624226_K48245_F1B04-728_1_21.jpg,BSBM,13,0.8985689282417297,background_false_positive,0.0,0.0,5
101624226_K48245_F1B04-728_1_21.jpg,GWCNL,12,0.7074063420295715,background_false_positive,0.0,0.0,5
101627200_K48203_F1B04-726_1_21.jpg,GWCNL,12,0.2895345091819763,background_false_positive,0.0,0.0,-1
101629644_K48165_F1B04-724_1_21.jpg,BSBM,13,0.6029539108276367,background_false_positive,0.0,0.0,-1
101629644_K48165_F1B04-724_1_21.jpg,BSBM,13,0.536300539970398,background_false_positive,0.0,0.0,-1
101629644_K48165_F1B04-724_1_21.jpg,GWCNL,12,0.4990033805370331,background_false_positive,0.0,0.0,-1
101629644_K48165_F1B04-724_1_21.jpg,SVHTNL,4,0.355254203081131,background_false_positive,0.0,0.0,-1
101629644_K48165_F1B04-724_1_21.jpg,BSBM,13,0.3113851547241211,background_false_positive,0.0,0.0,-1
101629644_K48165_F1B04-724_1_21.jpg,VHBNL,1,0.2644229233264923,background_false_positive,0.0,0.0,-1
101631880_K48126_F1B04-722_1_21.jpg,GWCNL,12,0.3142811954021454,background_false_positive,0.0,0.0,5
101631880_K48126_F1B04-722_1_21.jpg,SVHBNL,3,0.2802034020423889,background_false_positive,0.0,0.0,5
101633564_K48086_F1B04-720_1_21.jpg,BSBM,13,0.7908390164375305,background_false_positive,0.0,0.0,5
101633564_K48086_F1B04-720_1_21.jpg,BSBM,13,0.6093180179595947,background_false_positive,0.0,0.0,5
101633564_K48086_F1B04-720_1_21.jpg,GWCNL,12,0.5865251421928406,background_false_positive,0.0,0.0,5
101633564_K48086_F1B04-720_1_21.jpg,GWCNL,12,0.5610936284065247,background_false_positive,0.0,0.0,5
101633564_K48086_F1B04-720_1_21.jpg,BSBM,13,0.5065244436264038,background_false_positive,0.0,0.0,5
101633564_K48086_F1B04-720_1_21.jpg,BSBM,13,0.5044969320297241,background_false_positive,0.0,0.0,5
101633564_K48086_F1B04-720_1_21.jpg,BSBM,13,0.46761664748191833,background_false_positive,0.0,0.0,5
101633564_K48086_F1B04-720_1_21.jpg,BSBM,13,0.42480504512786865,background_false_positive,0.0,0.0,5
101633564_K48086_F1B04-720_1_21.jpg,BSBM,13,0.3351912200450897,background_false_positive,0.0,0.0,5
101633564_K48086_F1B04-720_1_21.jpg,SVHTNL,4,0.3258405923843384,background_false_positive,0.0,0.0,5
101633564_K48086_F1B04-720_1_21.jpg,GWCNL,12,0.28331583738327026,background_false_positive,0.0,0.0,5
101633564_K48086_F1B04-720_1_21.jpg,BSBM,13,0.27663975954055786,background_false_positive,0.0,0.0,5
101633564_K48086_F1B04-720_1_21.jpg,GWCNL,12,0.2630377411842346,background_false_positive,0.0,0.0,5
101634915_K48051_F1B04-718_1_21.jpg,VHBNM,0,0.5615604519844055,background_false_positive,0.0,0.0,-1
101634915_K48051_F1B04-718_1_21.jpg,BSBM,13,0.36290791630744934,background_false_positive,0.0,0.0,-1
101636323_K48019_F1B04-714a_1_21.jpg,VHBNL,1,0.2541438043117523,background_false_positive,0.0,0.0,6
101637975_K47989_F1B04-714_1_21.jpg,VHBNM,0,0.3365805745124817,background_false_positive,0.0,0.0,-1
101640962_K47907_F1B04-710_1_21.jpg,BSBM,13,0.39243459701538086,background_false_positive,0.0,0.0,6
101640962_K47907_F1B04-710_1_21.jpg,SVHBNL,3,0.3304517865180969,background_false_positive,0.0,0.0,6
101640962_K47907_F1B04-710_1_21.jpg,GWCNL,12,0.3044273555278778,background_false_positive,0.0,0.0,6
101640962_K47907_F1B04-710_1_21.jpg,BSBM,13,0.2974320948123932,background_false_positive,0.0,0.0,6
101640962_K47907_F1B04-710_1_21.jpg,GWCNL,12,0.28083762526512146,background_false_positive,0.0,0.0,6
101640962_K47907_F1B04-710_1_21.jpg,VHBNL,1,0.26790231466293335,background_false_positive,0.0,0.0,6
101640962_K47907_F1B04-710_1_21.jpg,BSBM,13,0.2546636164188385,background_false_positive,0.0,0.0,6
101701131_K47227_F1B04-676_1_21.jpg,SVHTNL,4,0.5501450300216675,background_false_positive,0.0,0.0,5
101701131_K47227_F1B04-676_1_21.jpg,SVHTNL,4,0.2610628008842468,background_false_positive,0.0,0.0,5
101717243_K46615_F1B04-642_1_21.jpg,GWCNL,12,0.6101590394973755,background_false_positive,0.0,0.0,-1
101717243_K46615_F1B04-642_1_21.jpg,GWCNL,12,0.3515351712703705,background_false_positive,0.0,0.0,-1
101717243_K46615_F1B04-642_1_21.jpg,BSBM,13,0.3264041543006897,background_false_positive,0.0,0.0,-1
101717243_K46615_F1B04-642_1_21.jpg,VHBNL,1,0.28149086236953735,background_false_positive,0.0,0.0,-1
101718153_K46580_F1B04-640_1_21.jpg,GWCNL,12,0.4601374864578247,background_false_positive,0.0,0.0,-1
101718153_K46580_F1B04-640_1_21.jpg,SVHBNL,3,0.3305942416191101,background_false_positive,0.0,0.0,-1
101719058_K46545_F1B04-638_1_21.jpg,SVHBNL,3,0.26520800590515137,background_false_positive,0.0,0.0,5
101721182_K46471_F1B04-634_1_21.jpg,BSBM,13,0.45120346546173096,background_false_positive,0.0,0.0,5
101723269_K46389_F1B04-630_1_21.jpg,VHBNM,0,0.4788767695426941,background_false_positive,0.0,0.0,-1
101723269_K46389_F1B04-630_1_21.jpg,VHBNL,1,0.3123530149459839,background_false_positive,0.0,0.0,-1
101724285_K46350_F1B04-628_1_21.jpg,BSBM,13,0.7525221109390259,background_false_positive,0.0,0.0,5
101724285_K46350_F1B04-628_1_21.jpg,SVHTNL,4,0.5692959427833557,background_false_positive,0.0,0.0,5
101724285_K46350_F1B04-628_1_21.jpg,BSBM,13,0.3944152891635895,background_false_positive,0.0,0.0,5
101724285_K46350_F1B04-628_1_21.jpg,VHBNM,0,0.37147367000579834,background_false_positive,0.0,0.0,5
101724285_K46350_F1B04-628_1_21.jpg,BSBM,13,0.3472093343734741,background_false_positive,0.0,0.0,5
101724285_K46350_F1B04-628_1_21.jpg,SVHTNL,4,0.25322169065475464,background_false_positive,0.0,0.0,5
101724285_K46350_F1B04-628_1_21.jpg,GWCNM,11,0.2517349123954773,background_false_positive,0.0,0.0,5
101725389_K46311_F1B04-626_1_21.jpg,BSBM,13,0.7228127717971802,background_false_positive,0.0,0.0,6
101725389_K46311_F1B04-626_1_21.jpg,BSBM,13,0.5162987112998962,background_false_positive,0.0,0.0,6
101725389_K46311_F1B04-626_1_21.jpg,BSBM,13,0.4693226218223572,background_false_positive,0.0,0.0,6
101725389_K46311_F1B04-626_1_21.jpg,BSBM,13,0.31660425662994385,background_false_positive,0.0,0.0,6
101725389_K46311_F1B04-626_1_21.jpg,INSD,14,0.2874734401702881,background_false_positive,0.0,0.0,6
101726404_K46268_F1B04-624_1_21.jpg,SVHTNL,4,0.3120790123939514,background_false_positive,0.0,0.0,6
101726404_K46268_F1B04-624_1_21.jpg,VHBNL,1,0.2974962294101715,background_false_positive,0.0,0.0,6
101728497_K46190_F1B04-620_1_21.jpg,GWCNL,12,0.37162554264068604,background_false_positive,0.0,0.0,6
101729537_K46149_F1B04-618_1_21.jpg,SVHTNL,4,0.5287912487983704,background_false_positive,0.0,0.0,5
101729537_K46149_F1B04-618_1_21.jpg,BSBM,13,0.3410774767398834,background_false_positive,0.0,0.0,5
101730583_K46109_F1B04-616_1_21.jpg,GWCNL,12,0.47725456953048706,background_false_positive,0.0,0.0,5
101730583_K46109_F1B04-616_1_21.jpg,SVHBNL,3,0.3308764696121216,background_false_positive,0.0,0.0,5
101730583_K46109_F1B04-616_1_21.jpg,SVHTNL,4,0.3272167444229126,background_false_positive,0.0,0.0,5
101730583_K46109_F1B04-616_1_21.jpg,SVHBNL,3,0.31105825304985046,background_false_positive,0.0,0.0,5
101732642_K46030_F1B04-612_1_21.jpg,GWCNL,12,0.41194042563438416,background_false_positive,0.0,0.0,6
101732642_K46030_F1B04-612_1_21.jpg,BSBM,13,0.3912787139415741,background_false_positive,0.0,0.0,6
101732642_K46030_F1B04-612_1_21.jpg,VHBNL,1,0.27035602927207947,background_false_positive,0.0,0.0,6
101733684_K45990_F1B04-610_1_21.jpg,VHBNL,1,0.3189825713634491,background_false_positive,0.0,0.0,-1
101733684_K45990_F1B04-610_1_21.jpg,GWCNL,12,0.25711166858673096,background_false_positive,0.0,0.0,-1
101734719_K45950_F1B04-608_1_21.jpg,BSBM,13,0.27711111307144165,background_false_positive,0.0,0.0,5
101734719_K45950_F1B04-608_1_21.jpg,GWCNL,12,0.2660895586013794,background_false_positive,0.0,0.0,5
101735750_K45910_F1B04-606_1_21.jpg,VHBNM,0,0.29062989354133606,background_false_positive,0.0,0.0,6
101735750_K45910_F1B04-606_1_21.jpg,GWCNL,12,0.2557288408279419,background_false_positive,0.0,0.0,6
101736780_K45871_F1B04-604_1_21.jpg,GWCNL,12,0.4994230270385742,background_false_positive,0.0,0.0,5
101736780_K45871_F1B04-604_1_21.jpg,BSBM,13,0.360679030418396,background_false_positive,0.0,0.0,5
101739882_K45752_F1B04-598_1_21.jpg,BSBM,13,0.7584753036499023,background_false_positive,0.0,0.0,5
101739882_K45752_F1B04-598_1_21.jpg,BSBM,13,0.40375784039497375,background_false_positive,0.0,0.0,5
101739882_K45752_F1B04-598_1_21.jpg,GWCNL,12,0.3440189063549042,background_false_positive,0.0,0.0,5
101739882_K45752_F1B04-598_1_21.jpg,BSBM,13,0.33319950103759766,background_false_positive,0.0,0.0,5
101739882_K45752_F1B04-598_1_21.jpg,INSD,14,0.3208467662334442,background_false_positive,0.0,0.0,5
101740959_K45712_F1B04-596_1_21.jpg,VHBNL,1,0.5851386785507202,background_false_positive,0.0,0.0,5
101740959_K45712_F1B04-596_1_21.jpg,VHBNL,1,0.2856573462486267,background_false_positive,0.0,0.0,5
101743097_K45633_F1B04-592_1_21.jpg,BSBM,13,0.38216733932495117,background_false_positive,0.0,0.0,5
101743097_K45633_F1B04-592_1_21.jpg,BSBM,13,0.35059604048728943,background_false_positive,0.0,0.0,5
101743097_K45633_F1B04-592_1_21.jpg,BSBM,13,0.3291996419429779,background_false_positive,0.0,0.0,5
101744188_K45591_F1B04-590_1_21.jpg,BSBM,13,0.44828522205352783,background_false_positive,0.0,0.0,6
101744188_K45591_F1B04-590_1_21.jpg,VHBNL,1,0.3112497925758362,background_false_positive,0.0,0.0,6
101745313_K45552_F1B04-588_1_21.jpg,GWCNL,12,0.8549603819847107,background_false_positive,0.0,0.0,5
101745313_K45552_F1B04-588_1_21.jpg,VHBNL,1,0.541841447353363,background_false_positive,0.0,0.0,5
101745313_K45552_F1B04-588_1_21.jpg,VHBNM,0,0.31488052010536194,background_false_positive,0.0,0.0,5
101745313_K45552_F1B04-588_1_21.jpg,SVHTNL,4,0.2550121545791626,background_false_positive,0.0,0.0,5
101746409_K45511_F1B04-586_1_21.jpg,BSBM,13,0.257259339094162,background_false_positive,0.0,0.0,6
101747520_K45471_F1B04-584_1_21.jpg,INSD,14,0.41059553623199463,background_false_positive,0.0,0.0,5
101747520_K45471_F1B04-584_1_21.jpg,GWCNL,12,0.3148568272590637,background_false_positive,0.0,0.0,5
101748650_K45431_F1B04-582_1_21.jpg,VHBNL,1,0.3674786388874054,background_false_positive,0.0,0.0,5
101748650_K45431_F1B04-582_1_21.jpg,GWCNL,12,0.35318124294281006,background_false_positive,0.0,0.0,5
101749578_K45392_F1B04-580_1_21.jpg,BSBM,13,0.8159124255180359,background_false_positive,0.0,0.0,-1
101749578_K45392_F1B04-580_1_21.jpg,GWCNL,12,0.7434025406837463,background_false_positive,0.0,0.0,-1
101749578_K45392_F1B04-580_1_21.jpg,BSBM,13,0.727800190448761,background_false_positive,0.0,0.0,-1
101749578_K45392_F1B04-580_1_21.jpg,BSBM,13,0.7208532691001892,background_false_positive,0.0,0.0,-1
101749578_K45392_F1B04-580_1_21.jpg,BSBM,13,0.5802412629127502,background_false_positive,0.0,0.0,-1
101749578_K45392_F1B04-580_1_21.jpg,BSBM,13,0.5133585333824158,background_false_positive,0.0,0.0,-1
101749578_K45392_F1B04-580_1_21.jpg,BSBM,13,0.39323893189430237,background_false_positive,0.0,0.0,-1
101749578_K45392_F1B04-580_1_21.jpg,SVHTNL,4,0.298084557056427,background_false_positive,0.0,0.0,-1
101749578_K45392_F1B04-580_1_21.jpg,GWCNL,12,0.29425597190856934,background_false_positive,0.0,0.0,-1
101750467_K45357_F1B04-576a_1_21.jpg,BSBM,13,0.7605350017547607,background_false_positive,0.0,0.0,5
101750467_K45357_F1B04-576a_1_21.jpg,BSBM,13,0.68218594789505,background_false_positive,0.0,0.0,5
101750467_K45357_F1B04-576a_1_21.jpg,BSBM,13,0.4752766489982605,background_false_positive,0.0,0.0,5
101750467_K45357_F1B04-576a_1_21.jpg,VHBNL,1,0.46735504269599915,background_false_positive,0.0,0.0,5
101750467_K45357_F1B04-576a_1_21.jpg,BSBM,13,0.4218025207519531,background_false_positive,0.0,0.0,5
101750467_K45357_F1B04-576a_1_21.jpg,BSBM,13,0.4075387716293335,background_false_positive,0.0,0.0,5
101750467_K45357_F1B04-576a_1_21.jpg,VHBNL,1,0.3776424527168274,background_false_positive,0.0,0.0,5
101750467_K45357_F1B04-576a_1_21.jpg,BSBM,13,0.3445070683956146,background_false_positive,0.0,0.0,5
101750467_K45357_F1B04-576a_1_21.jpg,BSBM,13,0.3281010389328003,background_false_positive,0.0,0.0,5
101750467_K45357_F1B04-576a_1_21.jpg,BSBM,13,0.3124341070652008,background_false_positive,0.0,0.0,5
101750467_K45357_F1B04-576a_1_21.jpg,BSBM,13,0.30635344982147217,background_false_positive,0.0,0.0,5
101750467_K45357_F1B04-576a_1_21.jpg,BSBM,13,0.2991092801094055,background_false_positive,0.0,0.0,5
101750467_K45357_F1B04-576a_1_21.jpg,BSBM,13,0.2898639738559723,background_false_positive,0.0,0.0,5
101750467_K45357_F1B04-576a_1_21.jpg,BSBM,13,0.27834710478782654,background_false_positive,0.0,0.0,5
101750467_K45357_F1B04-576a_1_21.jpg,BSBM,13,0.2708750069141388,background_false_positive,0.0,0.0,5
101750467_K45357_F1B04-576a_1_21.jpg,INSD,14,0.25219857692718506,background_false_positive,0.0,0.0,5
101751403_K45325_F1B04-574a_1_21.jpg,GWCNL,12,0.7662724852561951,background_false_positive,0.0,0.0,6
101751403_K45325_F1B04-574a_1_21.jpg,SVHBNL,3,0.27124857902526855,background_false_positive,0.0714149733915681,0.0,6
101752397_K45296_F1B04-574_1_21.jpg,SVHBNL,3,0.5886365175247192,background_false_positive,0.06087039597761306,0.0,6
101752397_K45296_F1B04-574_1_21.jpg,INSD,14,0.3183833360671997,background_false_positive,0.05936487669434149,0.0,6
101752397_K45296_F1B04-574_1_21.jpg,SVHTNL,4,0.27090173959732056,background_false_positive,0.0,0.0,6
101753624_K45260_F1B04-572_1_21.jpg,DRPS,15,0.496338427066803,background_false_positive,0.0,0.0,5
101753624_K45260_F1B04-572_1_21.jpg,GWCNL,12,0.360200971364975,background_false_positive,0.0,0.0,5
101753624_K45260_F1B04-572_1_21.jpg,SVHTNL,4,0.2902390658855438,background_false_positive,0.0,0.0,5
101754849_K45219_F1B04-570_1_21.jpg,BSBM,13,0.5123013854026794,background_false_positive,0.0,0.0,6
101754849_K45219_F1B04-570_1_21.jpg,GWCNL,12,0.48250365257263184,background_false_positive,0.0,0.0,6
101754849_K45219_F1B04-570_1_21.jpg,VHBNL,1,0.2747329771518707,background_false_positive,0.0,0.0,6
101756076_K45180_F1B04-568_1_21.jpg,SVHTNL,4,0.9333597421646118,background_false_positive,0.0,0.0,5
101756076_K45180_F1B04-568_1_21.jpg,INSD,14,0.3074348568916321,background_false_positive,0.0,0.0,5
101756076_K45180_F1B04-568_1_21.jpg,GWCNL,12,0.30693912506103516,background_false_positive,0.0,0.0,5
101756076_K45180_F1B04-568_1_21.jpg,BSBM,13,0.26356106996536255,background_false_positive,0.0,0.0,5
101756076_K45180_F1B04-568_1_21.jpg,BSBM,13,0.2607511878013611,background_false_positive,0.0,0.0,5
101757382_K45141_F1B04-566_1_21.jpg,GWCNL,12,0.43903908133506775,background_false_positive,0.0,0.0,6
101757382_K45141_F1B04-566_1_21.jpg,BSBM,13,0.2730354368686676,background_false_positive,0.0,0.0,6
101757382_K45141_F1B04-566_1_21.jpg,BSBM,13,0.25714603066444397,background_false_positive,0.0,0.0,6
101800213_K45060_F1B04-562_1_21.jpg,GWCNL,12,0.5165999531745911,background_false_positive,0.0,0.0,-1
101800213_K45060_F1B04-562_1_21.jpg,SVHBNL,3,0.4427051842212677,background_false_positive,0.0,0.0,-1
101800213_K45060_F1B04-562_1_21.jpg,DRPS,15,0.42838820815086365,background_false_positive,0.0,0.0,-1
101800213_K45060_F1B04-562_1_21.jpg,BSBM,13,0.27161210775375366,background_false_positive,0.0,0.0,-1
101801521_K45021_F1B04-560_1_21.jpg,INSD,14,0.3650914430618286,background_false_positive,0.0,0.0,6
101801521_K45021_F1B04-560_1_21.jpg,BSBM,13,0.33713045716285706,background_false_positive,0.0,0.0,6
101802838_K44986_F1B04-558_1_21.jpg,GWCNM,11,0.6929455995559692,background_false_positive,0.0,0.0,-1
101802838_K44986_F1B04-558_1_21.jpg,INSD,14,0.29807040095329285,background_false_positive,0.0,0.0,-1
101802838_K44986_F1B04-558_1_21.jpg,SVHBNL,3,0.2800082266330719,background_false_positive,0.0,0.0,-1
101804152_K44950_F1B04-556_1_21.jpg,BSBM,13,0.5487726330757141,background_false_positive,0.0,0.0,5
101804152_K44950_F1B04-556_1_21.jpg,BSBM,13,0.38223060965538025,background_false_positive,0.0,0.0,5
101805480_K44915_F1B04-554_1_21.jpg,BSBM,13,0.8773367404937744,background_false_positive,0.0,0.0,6
101805480_K44915_F1B04-554_1_21.jpg,GWCNL,12,0.4382333755493164,background_false_positive,0.0,0.0,6
101805480_K44915_F1B04-554_1_21.jpg,BSBM,13,0.41056883335113525,background_false_positive,0.0,0.0,6
101805480_K44915_F1B04-554_1_21.jpg,BSBM,13,0.3148920238018036,background_false_positive,0.0,0.0,6
101806836_K44878_F1B04-550a_1_21.jpg,GWCNL,12,0.47000911831855774,background_false_positive,0.0,0.0,5
101806836_K44878_F1B04-550a_1_21.jpg,INSD,14,0.26542457938194275,background_false_positive,0.0,0.0,5
101811980_K44742_F1B04-544_1_21.jpg,INSD,14,0.41264304518699646,background_false_positive,0.0,0.0,5
101811980_K44742_F1B04-544_1_21.jpg,BSBM,13,0.40325677394866943,background_false_positive,0.0,0.0,5
101811980_K44742_F1B04-544_1_21.jpg,GWCNL,12,0.3877134323120117,background_false_positive,0.0,0.0,5
101811980_K44742_F1B04-544_1_21.jpg,CBVPM,6,0.29806339740753174,background_false_positive,0.0,0.0,5
101811980_K44742_F1B04-544_1_21.jpg,SVHTNL,4,0.2935080826282501,background_false_positive,0.0,0.0,5
101811980_K44742_F1B04-544_1_21.jpg,BSBM,13,0.25270673632621765,background_false_positive,0.0,0.0,5
101811980_K44742_F1B04-544_1_21.jpg,BSBM,13,0.25217750668525696,background_false_positive,0.0,0.0,5
101813411_K44706_F1B04-542_1_22.jpg,SVHTNL,4,0.4988563060760498,background_false_positive,0.0,0.0,-1
101813411_K44706_F1B04-542_1_22.jpg,VHBNL,1,0.4758719503879547,background_false_positive,0.0,0.0,-1
101813411_K44706_F1B04-542_1_22.jpg,VHBNL,1,0.39429932832717896,background_false_positive,0.0,0.0,-1
101813411_K44706_F1B04-542_1_22.jpg,VHBNL,1,0.3559573292732239,background_false_positive,0.0,0.0,-1
101813413_K44706_F1B04-542_1_21.jpg,GWCNL,12,0.42838820815086365,background_false_positive,0.0,0.0,6
101814715_K44668_F1B04-540_1_21.jpg,INSD,14,0.38613706827163696,background_false_positive,0.0,0.0,-1
101814715_K44668_F1B04-540_1_21.jpg,INSD,14,0.3760277330875397,background_false_positive,0.0,0.0,-1
101814715_K44668_F1B04-540_1_21.jpg,SVHTNL,4,0.2945517301559448,background_false_positive,0.0,0.0,-1
101814715_K44668_F1B04-540_1_21.jpg,VHBNL,1,0.2849777042865753,background_false_positive,0.0,0.0,-1
101814715_K44668_F1B04-540_1_21.jpg,VHBNL,1,0.2671775221824646,background_false_positive,0.0,0.0,-1
101814715_K44668_F1B04-540_1_21.jpg,SVHTNL,4,0.26147639751434326,background_false_positive,0.0,0.0,-1
101814715_K44668_F1B04-540_1_21.jpg,BSBM,13,0.25351542234420776,background_false_positive,0.0,0.0,-1
101815823_K44632_F1B04-538_1_21.jpg,INSD,14,0.7114633917808533,background_false_positive,0.0,0.0,5
101815823_K44632_F1B04-538_1_21.jpg,BSBM,13,0.34437474608421326,background_false_positive,0.0,0.0,5
101819557_K44533_F1B04-532_1_21.jpg,VHBNL,1,0.48584672808647156,background_false_positive,0.0,0.0,5
101819557_K44533_F1B04-532_1_21.jpg,BSBM,13,0.3299259841442108,background_false_positive,0.0,0.0,5
101820848_K44492_F1B04-530_1_21.jpg,VHBNL,1,0.5868144631385803,background_false_positive,0.0,0.0,5
101820848_K44492_F1B04-530_1_21.jpg,SVHTNL,4,0.34358322620391846,background_false_positive,0.0,0.0,5
101822106_K44453_F1B04-528_1_21.jpg,BSBM,13,0.47671666741371155,background_false_positive,0.0,0.0,6
101822106_K44453_F1B04-528_1_21.jpg,BSBM,13,0.3205951452255249,background_false_positive,0.0,0.0,6
101822106_K44453_F1B04-528_1_21.jpg,BSBM,13,0.2892724871635437,background_false_positive,0.0,0.0,6
101823350_K44413_F1B04-526_1_21.jpg,VHBNL,1,0.3488597869873047,background_false_positive,0.0,0.0,5
101823350_K44413_F1B04-526_1_21.jpg,BSBM,13,0.3386315703392029,background_false_positive,0.0,0.0,5
101823350_K44413_F1B04-526_1_21.jpg,VHBNM,0,0.30515190958976746,background_false_positive,0.0,0.0,5
101824554_K44373_F1B04-524_1_21.jpg,VHBNM,0,0.26392191648483276,background_false_positive,0.0,0.0,5
101824554_K44373_F1B04-524_1_21.jpg,VHBNL,1,0.258258193731308,background_false_positive,0.0,0.0,5
101824554_K44373_F1B04-524_1_21.jpg,INSD,14,0.25141555070877075,background_false_positive,0.0,0.0,5
101825777_K44333_F1B04-522_1_21.jpg,VHBNL,1,0.5458014011383057,background_false_positive,0.0,0.0,5
101825777_K44333_F1B04-522_1_21.jpg,VHBNL,1,0.45225828886032104,background_false_positive,0.0,0.0,5
101825777_K44333_F1B04-522_1_21.jpg,BSBM,13,0.2778101861476898,background_false_positive,0.0,0.0,5
101826982_K44292_F1B04-520_1_21.jpg,BSBM,13,0.5320075154304504,background_false_positive,0.0,0.0,6
101826982_K44292_F1B04-520_1_21.jpg,SVHTNL,4,0.46858784556388855,background_false_positive,0.0,0.0,6
101826982_K44292_F1B04-520_1_21.jpg,SVHTNL,4,0.3607703149318695,background_false_positive,0.0,0.0,6
101826982_K44292_F1B04-520_1_21.jpg,BSBM,13,0.36056897044181824,background_false_positive,0.0,0.0,6
101826982_K44292_F1B04-520_1_21.jpg,BSBM,13,0.3344680070877075,background_false_positive,0.0,0.0,6
101826982_K44292_F1B04-520_1_21.jpg,BSBM,13,0.2897156774997711,background_false_positive,0.0,0.0,6
101828079_K44251_F1B04-518_1_21.jpg,GWCNL,12,0.7597923874855042,background_false_positive,0.0,0.0,-1
101828079_K44251_F1B04-518_1_21.jpg,GWCNL,12,0.39640718698501587,background_false_positive,0.0,0.0,-1
101828079_K44251_F1B04-518_1_21.jpg,BSBM,13,0.27086079120635986,background_false_positive,0.0,0.0,-1
101828079_K44251_F1B04-518_1_21.jpg,VHBNL,1,0.2528228461742401,background_false_positive,0.0,0.0,-1
101829200_K44212_F1B04-516_1_21.jpg,BSBM,13,0.5394538044929504,background_false_positive,0.0,0.0,-1
101831463_K44133_F1B04-512_1_21.jpg,GWCNL,12,0.5573291778564453,background_false_positive,0.0,0.0,5
101831463_K44133_F1B04-512_1_21.jpg,GWCNL,12,0.35573819279670715,background_false_positive,0.0,0.0,5
101831463_K44133_F1B04-512_1_21.jpg,BSBM,13,0.323013573884964,background_false_positive,0.0,0.0,5
101832522_K44091_F1B04-510_1_21.jpg,GWCNL,12,0.9662404656410217,background_false_positive,0.0,0.0,6
101832522_K44091_F1B04-510_1_21.jpg,BSBM,13,0.41397565603256226,background_false_positive,0.0,0.0,6
101832522_K44091_F1B04-510_1_21.jpg,GWCNL,12,0.3741455376148224,background_false_positive,0.0,0.0,6
101832522_K44091_F1B04-510_1_21.jpg,BSBM,13,0.3740377128124237,background_false_positive,0.0,0.0,6
101832522_K44091_F1B04-510_1_21.jpg,BSBM,13,0.29248949885368347,background_false_positive,0.0,0.0,6
101833610_K44052_F1B04-508_1_21.jpg,BSBM,13,0.4794260561466217,background_false_positive,0.0,0.0,5
101833610_K44052_F1B04-508_1_21.jpg,BSBM,13,0.4532426595687866,background_false_positive,0.0,0.0,5
101834706_K44012_F1B04-506_1_21.jpg,BSBM,13,0.41779589653015137,background_false_positive,0.0,0.0,5
101834706_K44012_F1B04-506_1_21.jpg,VHBNL,1,0.39644211530685425,background_false_positive,0.0,0.0,5
101834706_K44012_F1B04-506_1_21.jpg,GWCNL,12,0.3910420835018158,background_false_positive,0.0,0.0,5
101834706_K44012_F1B04-506_1_21.jpg,SVHTNL,4,0.31431931257247925,background_false_positive,0.0,0.0,5
101834706_K44012_F1B04-506_1_21.jpg,INSD,14,0.27386048436164856,background_false_positive,0.0,0.0,5
101834706_K44012_F1B04-506_1_21.jpg,BSBM,13,0.2677457928657532,background_false_positive,0.0,0.0,5
101835776_K43972_F1B04-504_1_21.jpg,BSBM,13,0.48513156175613403,background_false_positive,0.0,0.0,6
101836892_K43933_F1B04-502_1_21.jpg,GWCNL,12,0.5225902199745178,background_false_positive,0.0,0.0,5
101836892_K43933_F1B04-502_1_21.jpg,BSBM,13,0.48079338669776917,background_false_positive,0.0,0.0,5
101836892_K43933_F1B04-502_1_21.jpg,SVHTNL,4,0.29683834314346313,background_false_positive,0.0,0.0,5
101836892_K43933_F1B04-502_1_21.jpg,BSBM,13,0.26163968443870544,background_false_positive,0.0,0.0,5
101837965_K43891_F1B04-500_1_21.jpg,GWCNL,12,0.39802980422973633,background_false_positive,0.0,0.0,5
101837965_K43891_F1B04-500_1_21.jpg,INSD,14,0.2617422044277191,background_false_positive,0.0,0.0,5
101839039_K43852_F1B04-498_1_21.jpg,BSBM,13,0.7875612378120422,background_false_positive,0.0,0.0,5
101839039_K43852_F1B04-498_1_21.jpg,VHBNL,1,0.45524922013282776,background_false_positive,0.0,0.0,5
101839039_K43852_F1B04-498_1_21.jpg,GWCNL,12,0.25561049580574036,background_false_positive,0.0,0.0,5
101840124_K43812_F1B04-496_1_21.jpg,GWCNL,12,0.9059916138648987,background_false_positive,0.0,0.0,5
101840124_K43812_F1B04-496_1_21.jpg,SVHTNL,4,0.5004830360412598,background_false_positive,0.0,0.0,5
101840124_K43812_F1B04-496_1_21.jpg,SVHBNL,3,0.3607920706272125,background_false_positive,0.0,0.0,5
101842321_K43731_F1B04-492_1_21.jpg,GWCNL,12,0.512934148311615,background_false_positive,0.0,0.0,-1
101842321_K43731_F1B04-492_1_21.jpg,VHBNL,1,0.39652541279792786,background_false_positive,0.0,0.0,-1
101842321_K43731_F1B04-492_1_21.jpg,BSBM,13,0.3446822166442871,background_false_positive,0.0,0.0,-1
101843371_K43691_F1B04-490_1_21.jpg,VHBNM,0,0.623371958732605,background_false_positive,0.0,0.0,6
101843371_K43691_F1B04-490_1_21.jpg,BSBM,13,0.4209884703159332,background_false_positive,0.0,0.0,6
101843371_K43691_F1B04-490_1_21.jpg,SVHTNL,4,0.3479993939399719,background_false_positive,0.0,0.0,6
101843371_K43691_F1B04-490_1_21.jpg,GWCNL,12,0.34556666016578674,background_false_positive,0.0,0.0,6
101843371_K43691_F1B04-490_1_21.jpg,BSBM,13,0.2764163315296173,background_false_positive,0.0,0.0,6
101845165_K43618_F1B04-484a_1_22.jpg,BSBM,13,0.5695730447769165,background_false_positive,0.0,0.0,-1
101845165_K43618_F1B04-484a_1_22.jpg,SVHTNL,4,0.5049801468849182,background_false_positive,0.0,0.0,-1
101845165_K43618_F1B04-484a_1_22.jpg,BSBM,13,0.45416927337646484,background_false_positive,0.0,0.0,-1
101845165_K43618_F1B04-484a_1_22.jpg,BSBM,13,0.35301968455314636,background_false_positive,0.0,0.0,-1
101845165_K43618_F1B04-484a_1_22.jpg,BSBM,13,0.3376443684101105,background_false_positive,0.0,0.0,-1
101845165_K43618_F1B04-484a_1_22.jpg,BSBM,13,0.2656446695327759,background_false_positive,0.0,0.0,-1
101845165_K43618_F1B04-484a_1_22.jpg,VHBNM,0,0.26334327459335327,background_false_positive,0.0,0.0,-1
101845165_K43618_F1B04-484a_1_22.jpg,BSBM,13,0.25580668449401855,background_false_positive,0.0,0.0,-1
101845167_K43618_F1B04-484a_1_21.jpg,BSBM,13,0.6860110759735107,background_false_positive,0.0,0.0,6
101845167_K43618_F1B04-484a_1_21.jpg,BSBM,13,0.6501816511154175,background_false_positive,0.0,0.0,6
101845167_K43618_F1B04-484a_1_21.jpg,BSBM,13,0.4646562337875366,background_false_positive,0.0,0.0,6
101845167_K43618_F1B04-484a_1_21.jpg,BSBM,13,0.4405266046524048,background_false_positive,0.0,0.0,6
101845167_K43618_F1B04-484a_1_21.jpg,CBVPM,6,0.43599534034729004,background_false_positive,0.0,0.0,6
101845167_K43618_F1B04-484a_1_21.jpg,BSBM,13,0.4318108856678009,background_false_positive,0.0,0.0,6
101845167_K43618_F1B04-484a_1_21.jpg,BSBM,13,0.3962271809577942,background_false_positive,0.0,0.0,6
101845167_K43618_F1B04-484a_1_21.jpg,BSBM,13,0.3369864523410797,background_false_positive,0.0,0.0,6
101845167_K43618_F1B04-484a_1_21.jpg,BSBM,13,0.3057342767715454,background_false_positive,0.0,0.0,6
101845167_K43618_F1B04-484a_1_21.jpg,GWCNL,12,0.2958168089389801,background_false_positive,0.0,0.0,6
101845167_K43618_F1B04-484a_1_21.jpg,BSBM,13,0.2645586133003235,background_false_positive,0.0,0.0,6
101845167_K43618_F1B04-484a_1_21.jpg,GWCNL,12,0.2603570520877838,background_false_positive,0.0,0.0,6
101846957_K43556_F1B04-482_1_22.jpg,VHBNL,1,0.5961498618125916,background_false_positive,0.0,0.0,-1
101846959_K43556_F1B04-482_1_21.jpg,VHBNL,1,0.3990843594074249,background_false_positive,0.0,0.0,-1
101846959_K43556_F1B04-482_1_21.jpg,VHBNM,0,0.3591669797897339,background_false_positive,0.0,0.0,-1
101846959_K43556_F1B04-482_1_21.jpg,INSD,14,0.25243234634399414,background_false_positive,0.0,0.0,-1
101848099_K43520_F1B04-480_1_21.jpg,GWCNL,12,0.4350542426109314,background_false_positive,0.0,0.0,5
101848099_K43520_F1B04-480_1_21.jpg,VHBNM,0,0.3352934718132019,background_false_positive,0.0,0.0,5
101848099_K43520_F1B04-480_1_21.jpg,GWCNL,12,0.32609274983406067,background_false_positive,0.0,0.0,5
101850060_K43445_F1B04-476_1_21.jpg,BSBM,13,0.5895407199859619,background_false_positive,0.0,0.0,-1
101850060_K43445_F1B04-476_1_21.jpg,VHBNL,1,0.3983202874660492,background_false_positive,0.0,0.0,-1
101851060_K43409_F1B04-474_1_21.jpg,BSBM,13,0.567747950553894,background_false_positive,0.0,0.0,5
101851060_K43409_F1B04-474_1_21.jpg,BSBM,13,0.4186651110649109,background_false_positive,0.0,0.0,5
101851060_K43409_F1B04-474_1_21.jpg,GWCNL,12,0.38598722219467163,background_false_positive,0.0,0.0,5
101851060_K43409_F1B04-474_1_21.jpg,GWCNL,12,0.2977985143661499,background_false_positive,0.0,0.0,5
101852180_K43374_F1B04-472_1_21.jpg,INSD,14,0.4263884127140045,background_false_positive,0.0,0.0,6
101854513_K43296_F1B04-468_1_21.jpg,BSBM,13,0.6547179818153381,background_false_positive,0.0,0.0,-1
101854513_K43296_F1B04-468_1_21.jpg,INSD,14,0.3494121730327606,background_false_positive,0.0,0.0,-1
101854513_K43296_F1B04-468_1_21.jpg,BSBM,13,0.30547288060188293,background_false_positive,0.0,0.0,-1
101854513_K43296_F1B04-468_1_21.jpg,SVHBNL,3,0.29045718908309937,background_false_positive,0.0,0.0,-1
101855576_K43257_F1B04-466_1_21.jpg,BSBM,13,0.47768455743789673,background_false_positive,0.0,0.0,6
101855576_K43257_F1B04-466_1_21.jpg,GWCNL,12,0.43960118293762207,background_false_positive,0.0,0.0,6
101855576_K43257_F1B04-466_1_21.jpg,BSBM,13,0.3316904902458191,background_false_positive,0.0,0.0,6
102136760_K37386_F1B04-158_1_21.jpg,BSBM,13,0.6410282850265503,background_false_positive,0.0,0.0,6
102136760_K37386_F1B04-158_1_21.jpg,GWCNL,12,0.3288520276546478,background_false_positive,0.0,0.0,6
102139839_K37151_F1B04-146_1_21.jpg,SVHTNL,4,0.3014638423919678,background_false_positive,0.0,0.0,-1
102139839_K37151_F1B04-146_1_21.jpg,GWCNL,12,0.28088250756263733,background_false_positive,0.0,0.0,-1
102141032_K37107_F1B04-144_1_21.jpg,VHBNL,1,0.3471548855304718,background_false_positive,0.0,0.0,5
102141032_K37107_F1B04-144_1_21.jpg,SVHBNL,3,0.2864709198474884,background_false_positive,0.0,0.0,5
102142242_K37107_F1B04-144_1_21.jpg,INSD,14,0.2980562150478363,background_false_positive,0.0,0.0,-1
102143329_K37061_F1B04-142_1_21.jpg,SVHBNL,3,0.3956725597381592,background_false_positive,0.0,0.0,6
102143329_K37061_F1B04-142_1_21.jpg,VHBNL,1,0.2746717631816864,background_false_positive,0.0,0.0,6
102144565_K37021_F1B04-140_1_21.jpg,GWCNL,12,0.306041955947876,background_false_positive,0.0,0.0,-1
102144565_K37021_F1B04-140_1_21.jpg,INSD,14,0.2656576335430145,background_false_positive,0.0,0.0,-1
102145824_K36976_F1B04-138_1_21.jpg,INSD,14,0.44275790452957153,background_false_positive,0.0,0.0,-1
102145824_K36976_F1B04-138_1_21.jpg,VHBNL,1,0.2540483772754669,background_false_positive,0.0,0.0,-1
102148448_K36886_F1B04-134_1_21.jpg,INSD,14,0.38207700848579407,background_false_positive,0.0,0.0,5
102149823_K36843_F1B04-132_1_21.jpg,INSD,14,0.5969880819320679,background_false_positive,0.0180022374964005,0.0,5
102149823_K36843_F1B04-132_1_21.jpg,BSBM,13,0.534504771232605,background_false_positive,0.0,0.0,5
102149823_K36843_F1B04-132_1_21.jpg,GWCNL,12,0.32739952206611633,background_false_positive,0.0,0.0,5
102151085_K36796_F1B04-130_1_21.jpg,GWCNL,12,0.44149544835090637,background_false_positive,0.0,0.0,5
102151085_K36796_F1B04-130_1_21.jpg,VHBNL,1,0.274870365858078,background_false_positive,0.0,0.0,5
102152561_K36756_F1B04-128_1_21.jpg,BSBM,13,0.3913743495941162,background_false_positive,0.0,0.0,6
102152561_K36756_F1B04-128_1_21.jpg,VHBNL,1,0.34324735403060913,background_false_positive,0.0,0.0,6
102152561_K36756_F1B04-128_1_21.jpg,GWCNM,11,0.25253406167030334,background_false_positive,0.0,0.0,6
102154085_K36711_F1B04-126_1_21.jpg,VHBNM,0,0.40601903200149536,background_false_positive,0.0,0.0,5
102154085_K36711_F1B04-126_1_21.jpg,BSBM,13,0.3450174629688263,background_false_positive,0.0,0.0,5
102155711_K36666_F1B04-124_1_21.jpg,GWCNL,12,0.5319533348083496,background_false_positive,0.0,0.0,5
102155711_K36666_F1B04-124_1_21.jpg,GWCNM,11,0.3941556513309479,background_false_positive,0.0,0.0,5
102157406_K36621_F1B04-122_1_21.jpg,VHBNL,1,0.42961281538009644,background_false_positive,0.0,0.0,5
102157406_K36621_F1B04-122_1_21.jpg,VHBNL,1,0.3229284882545471,background_false_positive,0.0,0.0,5
102157406_K36621_F1B04-122_1_21.jpg,DRPS,15,0.2599654197692871,background_false_positive,0.0,0.0,5
102159151_K36580_F1B04-120_1_21.jpg,BSBM,13,0.41409894824028015,background_false_positive,0.0,0.0,5
102159151_K36580_F1B04-120_1_21.jpg,SVHBNL,3,0.33965134620666504,background_false_positive,0.0,0.0,5
102159151_K36580_F1B04-120_1_21.jpg,BSBM,13,0.25533705949783325,background_false_positive,0.0,0.0,5
102202043_K36499_F1B04-116_1_21.jpg,BSBM,13,0.4970569908618927,background_false_positive,0.0,0.0,5
102202043_K36499_F1B04-116_1_21.jpg,GWCNL,12,0.4720022976398468,background_false_positive,0.0,0.0,5
102202043_K36499_F1B04-116_1_21.jpg,GWCNL,12,0.4703246057033539,near_gt_wrong_class_or_location,0.2453365266920249,0.0,5
102202043_K36499_F1B04-116_1_21.jpg,VHBNL,1,0.4449639320373535,background_false_positive,0.0,0.0,5
102202043_K36499_F1B04-116_1_21.jpg,BSBM,13,0.41252782940864563,background_false_positive,0.0,0.0,5
102202043_K36499_F1B04-116_1_21.jpg,BSBM,13,0.33406394720077515,background_false_positive,0.0,0.0,5
102202043_K36499_F1B04-116_1_21.jpg,GWCNL,12,0.31255510449409485,background_false_positive,0.0,0.0,5
102202043_K36499_F1B04-116_1_21.jpg,SVHBNL,3,0.2900247573852539,background_false_positive,0.0,0.0,5
102202043_K36499_F1B04-116_1_21.jpg,BSBM,13,0.27204418182373047,background_false_positive,0.0,0.0,5
102210404_K36332_F1B04-106_1_21.jpg,BSBM,13,0.5938158631324768,background_false_positive,0.0,0.0,5
102210404_K36332_F1B04-106_1_21.jpg,VHBNL,1,0.554224967956543,background_false_positive,0.0,0.0,5
102210404_K36332_F1B04-106_1_21.jpg,SVHBNL,3,0.3892018795013428,background_false_positive,0.0,0.0,5
102210404_K36332_F1B04-106_1_21.jpg,BSBM,13,0.3153645098209381,background_false_positive,0.0,0.0,5
102210404_K36332_F1B04-106_1_21.jpg,BSBM,13,0.3120899498462677,background_false_positive,0.0,0.0,5
102210404_K36332_F1B04-106_1_21.jpg,INSD,14,0.3108575940132141,background_false_positive,0.0,0.0,5
102210404_K36332_F1B04-106_1_21.jpg,BSBM,13,0.29785293340682983,background_false_positive,0.0,0.0,5
102210404_K36332_F1B04-106_1_21.jpg,BSBM,13,0.27664148807525635,background_false_positive,0.0,0.0,5
102215265_K36263_F1B04-100_1_21.jpg,GWCNL,12,0.6502569317817688,background_false_positive,0.0,0.0,6
102215265_K36263_F1B04-100_1_21.jpg,BSBM,13,0.5357754230499268,background_false_positive,0.0,0.0,6
102215265_K36263_F1B04-100_1_21.jpg,BSBM,13,0.4991724491119385,background_false_positive,0.0,0.0,6
102215265_K36263_F1B04-100_1_21.jpg,BSBM,13,0.48062822222709656,background_false_positive,0.0,0.0,6
102215265_K36263_F1B04-100_1_21.jpg,BSBM,13,0.4293137192726135,background_false_positive,0.0,0.0,6
102215265_K36263_F1B04-100_1_21.jpg,BSBM,13,0.3856556713581085,background_false_positive,0.0,0.0,6
102215265_K36263_F1B04-100_1_21.jpg,BSBM,13,0.3445638418197632,background_false_positive,0.0,0.0,6
102215265_K36263_F1B04-100_1_21.jpg,BSBM,13,0.3065260350704193,background_false_positive,0.0,0.0,6
102215265_K36263_F1B04-100_1_21.jpg,VHBNL,1,0.29267653822898865,background_false_positive,0.0,0.0,6
102215265_K36263_F1B04-100_1_21.jpg,BSBM,13,0.2700556218624115,background_false_positive,0.0,0.0,6
102215265_K36263_F1B04-100_1_21.jpg,BSBM,13,0.2687821686267853,background_false_positive,0.0,0.0,6
102215265_K36263_F1B04-100_1_21.jpg,BSBM,13,0.2675382196903229,background_false_positive,0.0,0.0,6
102215265_K36263_F1B04-100_1_21.jpg,BSBM,13,0.2561585307121277,background_false_positive,0.0,0.0,6
102217181_K36236_F1B04-098_1_21.jpg,GWCNL,12,0.6439763307571411,background_false_positive,0.0,0.0,-1
102217181_K36236_F1B04-098_1_21.jpg,VHBNL,1,0.3939734995365143,background_false_positive,0.0,0.0,-1
102217181_K36236_F1B04-098_1_21.jpg,BSBM,13,0.3561646044254303,background_false_positive,0.0,0.0,-1
102217181_K36236_F1B04-098_1_21.jpg,BSBM,13,0.3393179774284363,background_false_positive,0.0,0.0,-1
102217181_K36236_F1B04-098_1_21.jpg,BSBM,13,0.25490760803222656,background_false_positive,0.0,0.0,-1
102219624_K36201_F1B04-096_1_21.jpg,BSBM,13,0.7708614468574524,background_false_positive,0.0,0.0,6
102219624_K36201_F1B04-096_1_21.jpg,GWCNM,11,0.5639842748641968,background_false_positive,0.0,0.0,6
102222766_K36167_F1B04-094_1_21.jpg,BSBM,13,0.45629453659057617,background_false_positive,0.0,0.0,6
102222766_K36167_F1B04-094_1_21.jpg,BSBM,13,0.4244028627872467,background_false_positive,0.0,0.0,6
102222766_K36167_F1B04-094_1_21.jpg,GWCNL,12,0.37031546235084534,background_false_positive,0.0,0.0,6
102222766_K36167_F1B04-094_1_21.jpg,VHBNM,0,0.2955927848815918,background_false_positive,0.0,0.0,6
102222766_K36167_F1B04-094_1_21.jpg,BSBM,13,0.2891433835029602,background_false_positive,0.0,0.0,6
102425487_K35897_F1B04-080_1_21.jpg,BSBM,13,0.6118585467338562,background_false_positive,0.0,0.0,-1
102425487_K35897_F1B04-080_1_21.jpg,BSBM,13,0.47399795055389404,background_false_positive,0.0,0.0,-1
102425487_K35897_F1B04-080_1_21.jpg,VHBNL,1,0.30121928453445435,background_false_positive,0.0,0.0,-1
102428169_K35856_F1B04-078_1_21.jpg,GWCNL,12,0.46301552653312683,background_false_positive,0.0,0.0,-1
102430449_K35814_F1B04-076_1_21.jpg,BSBM,13,0.6914489269256592,background_false_positive,0.0,0.0,-1
102430449_K35814_F1B04-076_1_21.jpg,GWCNL,12,0.5348765850067139,background_false_positive,0.0,0.0,-1
102430449_K35814_F1B04-076_1_21.jpg,VHBNL,1,0.41943544149398804,background_false_positive,0.0,0.0,-1
102430449_K35814_F1B04-076_1_21.jpg,BSBM,13,0.40183770656585693,background_false_positive,0.0,0.0,-1
102432640_K35771_F1B04-074_1_21.jpg,GWCNL,12,0.9175892472267151,background_false_positive,0.0,0.0,-1
102432640_K35771_F1B04-074_1_21.jpg,BSBM,13,0.8458636999130249,background_false_positive,0.0,0.0,-1
102432640_K35771_F1B04-074_1_21.jpg,BSBM,13,0.8212378621101379,background_false_positive,0.0,0.0,-1
102432640_K35771_F1B04-074_1_21.jpg,BSBM,13,0.445762574672699,background_false_positive,0.0,0.0,-1
102432640_K35771_F1B04-074_1_21.jpg,BSBM,13,0.30936411023139954,background_false_positive,0.0,0.0,-1
102432640_K35771_F1B04-074_1_21.jpg,BSBM,13,0.2606702148914337,background_false_positive,0.0,0.0,-1
102434844_K35726_F1B04-072_1_21.jpg,INSD,14,0.8582154512405396,background_false_positive,0.0,0.0,-1
102434844_K35726_F1B04-072_1_21.jpg,BSBM,13,0.8440259695053101,background_false_positive,0.0,0.0,-1
102434844_K35726_F1B04-072_1_21.jpg,BSBM,13,0.7181373238563538,background_false_positive,0.0,0.0,-1
102434844_K35726_F1B04-072_1_21.jpg,VHBNL,1,0.4906388819217682,background_false_positive,0.0,0.0,-1
102434844_K35726_F1B04-072_1_21.jpg,BSBM,13,0.47038736939430237,background_false_positive,0.0,0.0,-1
102434844_K35726_F1B04-072_1_21.jpg,VHBNM,0,0.3728315830230713,background_false_positive,0.0,0.0,-1
102434844_K35726_F1B04-072_1_21.jpg,BSBM,13,0.3680606186389923,background_false_positive,0.0,0.0,-1
102434844_K35726_F1B04-072_1_21.jpg,VHBNL,1,0.3322840631008148,background_false_positive,0.0,0.0,-1
102434844_K35726_F1B04-072_1_21.jpg,BSBM,13,0.3210963010787964,background_false_positive,0.0,0.0,-1
102434844_K35726_F1B04-072_1_21.jpg,DRPS,15,0.3169696033000946,background_false_positive,0.0,0.0,-1
102437078_K35681_F1B04-070_1_21.jpg,BSBM,13,0.6020387411117554,background_false_positive,0.0,0.0,5
102437078_K35681_F1B04-070_1_21.jpg,INSD,14,0.571481466293335,background_false_positive,0.0,0.0,5
102437078_K35681_F1B04-070_1_21.jpg,GWCNL,12,0.5056109428405762,background_false_positive,0.0,0.0,5
102437078_K35681_F1B04-070_1_21.jpg,BSBM,13,0.45193275809288025,background_false_positive,0.0,0.0,5
102437078_K35681_F1B04-070_1_21.jpg,BSBM,13,0.3974342346191406,background_false_positive,0.0,0.0,5
102437078_K35681_F1B04-070_1_21.jpg,BSBM,13,0.3373630940914154,background_false_positive,0.0,0.0,5
102437078_K35681_F1B04-070_1_21.jpg,BSBM,13,0.3090861141681671,background_false_positive,0.0,0.0,5
102437078_K35681_F1B04-070_1_21.jpg,VHBNL,1,0.2884639799594879,background_false_positive,0.0,0.0,5
102439200_K35636_F1B04-068_1_21.jpg,BSBM,13,0.5210187435150146,background_false_positive,0.0,0.0,-1
102439200_K35636_F1B04-068_1_21.jpg,BSBM,13,0.44412678480148315,background_false_positive,0.0,0.0,-1
102439200_K35636_F1B04-068_1_21.jpg,VHBNL,1,0.3160018026828766,background_false_positive,0.0,0.0,-1
102440626_K35606_F1B04-066_1_21.jpg,GWCNL,12,0.32014942169189453,background_false_positive,0.0,0.0,6
102440626_K35606_F1B04-066_1_21.jpg,INSD,14,0.2902294397354126,background_false_positive,0.0,0.0,6
102441869_K35581_F1B04-064_1_21.jpg,GWCNL,12,0.777854859828949,background_false_positive,0.0,0.0,5
102441869_K35581_F1B04-064_1_21.jpg,GWCNL,12,0.5272986888885498,background_false_positive,0.0,0.0,5
102441869_K35581_F1B04-064_1_21.jpg,GWCNL,12,0.47641950845718384,background_false_positive,0.0,0.0,5
102441869_K35581_F1B04-064_1_21.jpg,BSBM,13,0.36149317026138306,background_false_positive,0.0,0.0,5
102441869_K35581_F1B04-064_1_21.jpg,VHBNL,1,0.33211788535118103,background_false_positive,0.0,0.0,5
102441869_K35581_F1B04-064_1_21.jpg,DRPS,15,0.25807756185531616,background_false_positive,0.0,0.0,5
102444924_K35515_F1B04-060_1_21.jpg,BSBM,13,0.7570249438285828,background_false_positive,0.0,0.0,6
102444924_K35515_F1B04-060_1_21.jpg,SVHBNL,3,0.3256157338619232,background_false_positive,0.0,0.0,6
102446501_K35480_F1B04-058_1_21.jpg,GWCNL,12,0.5863630175590515,background_false_positive,0.0,0.0,-1
102446501_K35480_F1B04-058_1_21.jpg,VHBNL,1,0.2773393392562866,background_false_positive,0.0,0.0,-1
102448161_K35440_F1B04-056_1_21.jpg,GWCNL,12,0.811382532119751,background_false_positive,0.0,0.0,-1
102451264_K35360_F1B04-052_1_21.jpg,SVHBNL,3,0.5139375329017639,background_false_positive,0.0,0.0,6
102452762_K35320_F1B04-050_1_21.jpg,BSBM,13,0.3032075762748718,background_false_positive,0.0,0.0,6
102452762_K35320_F1B04-050_1_21.jpg,BSBM,13,0.2585146129131317,background_false_positive,0.0,0.0,6
102454252_K35280_F1B04-048_1_21.jpg,GWCNL,12,0.7164815664291382,background_false_positive,0.0,0.0,5
102454252_K35280_F1B04-048_1_21.jpg,BSBM,13,0.4822292923927307,background_false_positive,0.0,0.0,5
102455644_K35240_F1B04-046_1_21.jpg,VHBNL,1,0.46765440702438354,background_false_positive,0.0,0.0,-1
102455644_K35240_F1B04-046_1_21.jpg,BSBM,13,0.3567766547203064,background_false_positive,0.0,0.0,-1
102455644_K35240_F1B04-046_1_21.jpg,BSBM,13,0.3176722228527069,background_false_positive,0.0,0.0,-1
102455644_K35240_F1B04-046_1_21.jpg,GWCNL,12,0.27220502495765686,background_false_positive,0.0,0.0,-1
102457167_K35195_F1B04-044_1_21.jpg,INSD,14,0.49710869789123535,background_false_positive,0.0,0.0,-1
102457167_K35195_F1B04-044_1_21.jpg,BSBM,13,0.4068564176559448,background_false_positive,0.0,0.0,-1
102457167_K35195_F1B04-044_1_21.jpg,BSBM,13,0.3077022433280945,background_false_positive,0.0,0.0,-1
102457167_K35195_F1B04-044_1_21.jpg,GWCNL,12,0.3022211194038391,background_false_positive,0.0,0.0,-1
102458685_K35150_F1B04-042_1_21.jpg,GWCNL,12,0.6416044235229492,background_false_positive,0.0,0.0,-1
102458685_K35150_F1B04-042_1_21.jpg,VHBNL,1,0.4585317373275757,background_false_positive,0.0,0.0,-1
102458685_K35150_F1B04-042_1_21.jpg,BSBM,13,0.32311442494392395,background_false_positive,0.0,0.0,-1
102500130_K35105_F1B04-040_1_21.jpg,GWCNL,12,0.5943862199783325,background_false_positive,0.0,0.0,6
102500130_K35105_F1B04-040_1_21.jpg,GWCNL,12,0.5745125412940979,background_false_positive,0.0,0.0,6
102500130_K35105_F1B04-040_1_21.jpg,DRPS,15,0.34840458631515503,background_false_positive,0.0,0.0,6
102500130_K35105_F1B04-040_1_21.jpg,GWCNM,11,0.3399461507797241,background_false_positive,0.0,0.0,6
102500130_K35105_F1B04-040_1_21.jpg,VHBNL,1,0.2574326694011688,background_false_positive,0.0,0.0,6
102501588_K35060_F1B04-038_1_21.jpg,INSD,14,0.2965368628501892,background_false_positive,0.0,0.0,-1
102502978_K35015_F1B04-036_1_21.jpg,INSD,14,0.5242058038711548,background_false_positive,0.0,0.0,5
102502978_K35015_F1B04-036_1_21.jpg,VHBNL,1,0.27046459913253784,background_false_positive,0.0,0.0,5
102504351_K34970_F1B04-034_1_21.jpg,VHBNL,1,0.5458618998527527,background_false_positive,0.0,0.0,5
102504351_K34970_F1B04-034_1_21.jpg,BSBM,13,0.3726717233657837,background_false_positive,0.0,0.0,5
102504351_K34970_F1B04-034_1_21.jpg,VHBNL,1,0.3248271346092224,background_false_positive,0.0,0.0,5
102504351_K34970_F1B04-034_1_21.jpg,GWCNL,12,0.3006914258003235,background_false_positive,0.0,0.0,5
102505713_K34925_F1B04-032_1_21.jpg,INSD,14,0.45004802942276,background_false_positive,0.0,0.0,6
102505713_K34925_F1B04-032_1_21.jpg,VHBNL,1,0.38033249974250793,background_false_positive,0.0,0.0,6
102505713_K34925_F1B04-032_1_21.jpg,VHBNL,1,0.3664955198764801,background_false_positive,0.0,0.0,6
102505713_K34925_F1B04-032_1_21.jpg,INSD,14,0.3220702111721039,background_false_positive,0.0,0.0,6
102505713_K34925_F1B04-032_1_21.jpg,VHBNL,1,0.31375715136528015,background_false_positive,0.0,0.0,6
102505713_K34925_F1B04-032_1_21.jpg,BSBM,13,0.2633715867996216,background_false_positive,0.0,0.0,6
102505713_K34925_F1B04-032_1_21.jpg,VHBNL,1,0.25801631808280945,background_false_positive,0.0,0.0,6
102505713_K34925_F1B04-032_1_21.jpg,VHBNL,1,0.25385522842407227,background_false_positive,0.0,0.0,6
102507045_K34880_F1B04-030_1_21.jpg,BSBM,13,0.4581739604473114,background_false_positive,0.0,0.0,5
102507045_K34880_F1B04-030_1_21.jpg,GWCNM,11,0.3293060064315796,background_false_positive,0.0,0.0,5
102507045_K34880_F1B04-030_1_21.jpg,INSD,14,0.32330164313316345,background_false_positive,0.0,0.0,5
102507045_K34880_F1B04-030_1_21.jpg,VHBNL,1,0.2744588255882263,background_false_positive,0.0,0.0,5
102508372_K34835_F1B04-028_1_21.jpg,INSD,14,0.7512415647506714,background_false_positive,0.0,0.0,-1
102508372_K34835_F1B04-028_1_21.jpg,BSBM,13,0.7193760871887207,background_false_positive,0.0,0.0,-1
102509637_K34790_F1B04-026_1_21.jpg,INSD,14,0.4699442386627197,background_false_positive,0.0,0.0,6
102509637_K34790_F1B04-026_1_21.jpg,BSBM,13,0.3757534325122833,background_false_positive,0.0,0.0,6
102509637_K34790_F1B04-026_1_21.jpg,BSBM,13,0.32638800144195557,background_false_positive,0.0,0.0,6
102509637_K34790_F1B04-026_1_21.jpg,BSBM,13,0.26068115234375,background_false_positive,0.0,0.0,6
102510929_K34745_F1B04-024_1_21.jpg,BSBM,13,0.5932047367095947,background_false_positive,0.0,0.0,6
102510929_K34745_F1B04-024_1_21.jpg,GWCNL,12,0.5485912561416626,background_false_positive,0.0,0.0,6
102510929_K34745_F1B04-024_1_21.jpg,VHBNL,1,0.5169817805290222,wrong_class,0.5667134544827015,0.0,6
102510929_K34745_F1B04-024_1_21.jpg,GWCNL,12,0.31561338901519775,background_false_positive,0.0,0.0,6
102512168_K34700_F1B04-022_1_21.jpg,VHBNL,1,0.4015539288520813,background_false_positive,0.0,0.0,6
102512168_K34700_F1B04-022_1_21.jpg,GWCNL,12,0.29592716693878174,background_false_positive,0.0,0.0,6
102513402_K34655_F1B04-020_1_21.jpg,BSBM,13,0.4200698435306549,background_false_positive,0.0,0.0,6
102513402_K34655_F1B04-020_1_21.jpg,GWCNL,12,0.39341962337493896,background_false_positive,0.0,0.0,6
102513402_K34655_F1B04-020_1_21.jpg,SVHBNL,3,0.2754867672920227,background_false_positive,0.0,0.0,6
102513402_K34655_F1B04-020_1_21.jpg,VHBNL,1,0.2649107575416565,background_false_positive,0.0,0.0,6
102514656_K34610_F1B04-018_1_21.jpg,BSBM,13,0.536481499671936,background_false_positive,0.0,0.0,-1
102514656_K34610_F1B04-018_1_21.jpg,GWCNL,12,0.4219537377357483,background_false_positive,0.0,0.0,-1
102514656_K34610_F1B04-018_1_21.jpg,VHBNL,1,0.36601150035858154,background_false_positive,0.0,0.0,-1
102514656_K34610_F1B04-018_1_21.jpg,INSD,14,0.3345128893852234,background_false_positive,0.0,0.0,-1
102514656_K34610_F1B04-018_1_21.jpg,VHBNL,1,0.32321611046791077,background_false_positive,0.0,0.0,-1
102515765_K34569_F1B04-016_1_21.jpg,GWCNL,12,0.5028933882713318,background_false_positive,0.0,0.0,5
102515765_K34569_F1B04-016_1_21.jpg,DRPS,15,0.3045833706855774,background_false_positive,0.0,0.0,5
102515765_K34569_F1B04-016_1_21.jpg,VHBNL,1,0.2728056013584137,background_false_positive,0.0,0.0,5
102517029_K34524_F1B04-014_1_21.jpg,BSBM,13,0.4309673607349396,background_false_positive,0.0,0.0,6
102517029_K34524_F1B04-014_1_21.jpg,GWCNL,12,0.3730820417404175,background_false_positive,0.0,0.0,6
102518298_K34478_F1B04-012_1_21.jpg,GWCNL,12,0.6605755686759949,background_false_positive,0.0,0.0,6
102518298_K34478_F1B04-012_1_21.jpg,INSD,14,0.5858396291732788,background_false_positive,0.0,0.0,6
102518298_K34478_F1B04-012_1_21.jpg,BSBM,13,0.44726935029029846,background_false_positive,0.0,0.0,6
102518298_K34478_F1B04-012_1_21.jpg,BSBM,13,0.42938706278800964,background_false_positive,0.0,0.0,6
102518298_K34478_F1B04-012_1_21.jpg,BSBM,13,0.41215649247169495,background_false_positive,0.0,0.0,6
102518298_K34478_F1B04-012_1_21.jpg,VHBNL,1,0.30939242243766785,background_false_positive,0.0,0.0,6
102518298_K34478_F1B04-012_1_21.jpg,INSD,14,0.2987003028392792,background_false_positive,0.0,0.0,6
102518298_K34478_F1B04-012_1_21.jpg,VHBNL,1,0.2732982635498047,background_false_positive,0.0,0.0,6
102518298_K34478_F1B04-012_1_21.jpg,VHBNL,1,0.25635528564453125,background_false_positive,0.0,0.0,6
102519456_K34436_F1B04-010_1_21.jpg,BSBM,13,0.4729207158088684,background_false_positive,0.0,0.0,-1
102519456_K34436_F1B04-010_1_21.jpg,VHBNL,1,0.39062631130218506,background_false_positive,0.0,0.0,-1
102520714_K34391_F1B04-008_1_21.jpg,BSBM,13,0.4891377091407776,background_false_positive,0.0,0.0,6
102520714_K34391_F1B04-008_1_21.jpg,BSBM,13,0.3457145094871521,background_false_positive,0.0,0.0,6
102520714_K34391_F1B04-008_1_21.jpg,VHBNL,1,0.29193171858787537,background_false_positive,0.0,0.0,6
102520714_K34391_F1B04-008_1_21.jpg,VHBNL,1,0.2869204580783844,background_false_positive,0.0,0.0,6
102521928_K34389_F1B04-006b_1_21.jpg,BSBM,13,0.3260996639728546,background_false_positive,0.0,0.0,6
102523136_K34347_F1B04-006_1_21.jpg,BSBM,13,0.7234129309654236,background_false_positive,0.0,0.0,6
102523136_K34347_F1B04-006_1_21.jpg,INSD,14,0.285271018743515,background_false_positive,0.0,0.0,6
102524270_K34345_F1B04-004a_1_21.jpg,BSBM,13,0.46795761585235596,background_false_positive,0.0,0.0,6
102524270_K34345_F1B04-004a_1_21.jpg,BSBM,13,0.36837321519851685,background_false_positive,0.0,0.0,6
102524270_K34345_F1B04-004a_1_21.jpg,VHBNL,1,0.3044948875904083,background_false_positive,0.0,0.0,6
102525395_K34259_F1B03-558a_1_21.jpg,BSBM,13,0.5612993836402893,background_false_positive,0.0,0.0,6
102525395_K34259_F1B03-558a_1_21.jpg,BSBM,13,0.28651145100593567,background_false_positive,0.0,0.0,6
102525395_K34259_F1B03-558a_1_21.jpg,BSBM,13,0.2709401845932007,background_false_positive,0.0,0.0,6
102526554_K34221_F1B03-558_1_21.jpg,VHBNL,1,0.45709842443466187,background_false_positive,0.0,0.0,6
102526554_K34221_F1B03-558_1_21.jpg,INSD,14,0.29098066687583923,background_false_positive,0.0,0.0,6
102527680_K34181_F1B03-556_1_21.jpg,BSBM,13,0.4867951571941376,background_false_positive,0.0,0.0,-1
102527680_K34181_F1B03-556_1_21.jpg,VHBNL,1,0.47059425711631775,background_false_positive,0.0,0.0,-1
102527680_K34181_F1B03-556_1_21.jpg,VHBNL,1,0.35435232520103455,background_false_positive,0.0,0.0,-1
102527680_K34181_F1B03-556_1_21.jpg,VHBNL,1,0.2695048749446869,background_false_positive,0.0,0.0,-1
102527680_K34181_F1B03-556_1_21.jpg,GWCNL,12,0.25993072986602783,background_false_positive,0.0,0.0,-1
102529006_K34179_F1B03-554a_1_21.jpg,VHBNL,1,0.5236748456954956,background_false_positive,0.0,0.0,6
102529006_K34179_F1B03-554a_1_21.jpg,GWCNL,12,0.4544541835784912,background_false_positive,0.0,0.0,6
102529006_K34179_F1B03-554a_1_21.jpg,INSD,14,0.29730385541915894,background_false_positive,0.0,0.0,6
102529006_K34179_F1B03-554a_1_21.jpg,VHBNL,1,0.2932755947113037,near_gt_wrong_class_or_location,0.46528910680418584,0.0,6
102530190_K34141_F1B03-554_1_21.jpg,BSBM,13,0.7061734199523926,background_false_positive,0.0,0.0,5
102530190_K34141_F1B03-554_1_21.jpg,BSBM,13,0.6393596529960632,background_false_positive,0.0,0.0,5
102530190_K34141_F1B03-554_1_21.jpg,BSBM,13,0.5706009864807129,background_false_positive,0.0,0.0,5
102530190_K34141_F1B03-554_1_21.jpg,BSBM,13,0.5028089880943298,background_false_positive,0.0,0.0,5
102530190_K34141_F1B03-554_1_21.jpg,VHBNL,1,0.35109418630599976,background_false_positive,0.0,0.0,5
102530190_K34141_F1B03-554_1_21.jpg,BSBM,13,0.3367365896701813,background_false_positive,0.0,0.0,5
102530190_K34141_F1B03-554_1_21.jpg,VHBNL,1,0.3038066327571869,background_false_positive,0.0,0.0,5
102531517_K34092_F1B03-550a_1_21.jpg,BSBM,13,0.25674644112586975,background_false_positive,0.0,0.0,6
102532850_K34053_F1B03-550_1_21.jpg,INSD,14,0.3917928636074066,background_false_positive,0.0,0.0,6
102532850_K34053_F1B03-550_1_21.jpg,INSD,14,0.3346126973628998,background_false_positive,0.0,0.0,6
102534092_K34006_F1B03-548_1_21.jpg,BSBM,13,0.8331409692764282,background_false_positive,0.0,0.0,5
102534092_K34006_F1B03-548_1_21.jpg,GWCNL,12,0.5450778603553772,background_false_positive,0.0,0.0,5
102534092_K34006_F1B03-548_1_21.jpg,VHBNL,1,0.37092986702919006,background_false_positive,0.0,0.0,5
102534092_K34006_F1B03-548_1_21.jpg,BSBM,13,0.27785369753837585,background_false_positive,0.0,0.0,5
102534092_K34006_F1B03-548_1_21.jpg,BSBM,13,0.27639737725257874,background_false_positive,0.0,0.0,5
102534092_K34006_F1B03-548_1_21.jpg,VHBNL,1,0.2570619583129883,background_false_positive,0.0,0.0,5
102535197_K33961_F1B03-546_1_21.jpg,INSD,14,0.6590979695320129,background_false_positive,0.0,0.0,6
102535197_K33961_F1B03-546_1_21.jpg,SVHBNL,3,0.3802929222583771,background_false_positive,0.0,0.0,6
102535197_K33961_F1B03-546_1_21.jpg,INSD,14,0.2580453157424927,background_false_positive,0.0,0.0,6
102535197_K33961_F1B03-546_1_21.jpg,GWCNL,12,0.25627973675727844,background_false_positive,0.0,0.0,6
102535197_K33961_F1B03-546_1_21.jpg,VHBNM,0,0.25608518719673157,background_false_positive,0.0,0.0,6
102535197_K33961_F1B03-546_1_21.jpg,VHBNM,0,0.25375044345855713,background_false_positive,0.0,0.0,6
102542885_K33678_F1B03-532_1_21.jpg,GWCNL,12,0.411133736371994,background_false_positive,0.0,0.0,5
102542885_K33678_F1B03-532_1_21.jpg,GWCNL,12,0.3196527063846588,background_false_positive,0.0,0.0,5
102542885_K33678_F1B03-532_1_21.jpg,INSD,14,0.309600293636322,background_false_positive,0.0,0.0,5
102542885_K33678_F1B03-532_1_21.jpg,VHBNM,0,0.30274245142936707,background_false_positive,0.0,0.0,5
102542885_K33678_F1B03-532_1_21.jpg,VHBNL,1,0.2880654036998749,background_false_positive,0.0,0.0,5
102557200_K33148_F1B03-504_1_21.jpg,VHBNL,1,0.3403873145580292,background_false_positive,0.0,0.0,-1
102557200_K33148_F1B03-504_1_21.jpg,BSBM,13,0.25631555914878845,background_false_positive,0.0,0.0,-1
102558267_K33108_F1B03-502_1_21.jpg,GWCNL,12,0.7898092865943909,background_false_positive,0.0,0.0,-1
102558267_K33108_F1B03-502_1_21.jpg,SVHTNL,4,0.46928131580352783,background_false_positive,0.0,0.0,-1
102558267_K33108_F1B03-502_1_21.jpg,VHBNL,1,0.33996638655662537,background_false_positive,0.0,0.0,-1
102559345_K33068_F1B03-500_1_21.jpg,GWCNL,12,0.44386667013168335,background_false_positive,0.0,0.0,6
102600413_K33028_F1B03-498_1_21.jpg,VHBNL,1,0.3462122678756714,background_false_positive,0.0,0.0,5
102600413_K33028_F1B03-498_1_21.jpg,BSBM,13,0.3373781442642212,background_false_positive,0.0,0.0,5
102601483_K32988_F1B03-496_1_21.jpg,VHBNL,1,0.5236132740974426,background_false_positive,0.0,0.0,6
102601483_K32988_F1B03-496_1_21.jpg,GWCNL,12,0.49176740646362305,background_false_positive,0.0,0.0,6
102601483_K32988_F1B03-496_1_21.jpg,BSBM,13,0.25805509090423584,background_false_positive,0.0,0.0,6
102602637_K32948_F1B03-494_1_21.jpg,BSBM,13,0.7028026580810547,background_false_positive,0.0,0.0,5
102602637_K32948_F1B03-494_1_21.jpg,VHBNL,1,0.35586997866630554,background_false_positive,0.0,0.0,5
102602637_K32948_F1B03-494_1_21.jpg,BSBM,13,0.32967671751976013,background_false_positive,0.0,0.0,5
102602637_K32948_F1B03-494_1_21.jpg,BSBM,13,0.30099573731422424,background_false_positive,0.0,0.0,5
102603705_K32908_F1B03-492_1_21.jpg,SVHTNL,4,0.39750686287879944,background_false_positive,0.0,0.0,6
102604782_K32867_F1B03-490_1_21.jpg,INSD,14,0.6371946334838867,background_false_positive,0.0,0.0,-1
102604782_K32867_F1B03-490_1_21.jpg,BSBM,13,0.2506142854690552,background_false_positive,0.0,0.0,-1
102605816_K32826_F1B03-488_1_21.jpg,BSBM,13,0.7994713187217712,background_false_positive,0.0,0.0,6
102605816_K32826_F1B03-488_1_21.jpg,BSBM,13,0.732080340385437,background_false_positive,0.0,0.0,6
102605816_K32826_F1B03-488_1_21.jpg,BSBM,13,0.5657181739807129,background_false_positive,0.0,0.0,6
102605816_K32826_F1B03-488_1_21.jpg,BSBM,13,0.5327240228652954,background_false_positive,0.0,0.0,6
102605816_K32826_F1B03-488_1_21.jpg,BSBM,13,0.5195874571800232,background_false_positive,0.0,0.0,6
102605816_K32826_F1B03-488_1_21.jpg,BSBM,13,0.5029723644256592,background_false_positive,0.0,0.0,6
102605816_K32826_F1B03-488_1_21.jpg,BSBM,13,0.5001780986785889,background_false_positive,0.0,0.0,6
102605816_K32826_F1B03-488_1_21.jpg,BSBM,13,0.4716072976589203,background_false_positive,0.0,0.0,6
102605816_K32826_F1B03-488_1_21.jpg,VHBNM,0,0.4353224039077759,background_false_positive,0.0,0.0,6
102605816_K32826_F1B03-488_1_21.jpg,INSD,14,0.39767956733703613,background_false_positive,0.0,0.0,6
102605816_K32826_F1B03-488_1_21.jpg,BSBM,13,0.354743093252182,background_false_positive,0.0,0.0,6
102605816_K32826_F1B03-488_1_21.jpg,BSBM,13,0.3179021179676056,background_false_positive,0.0,0.0,6
102605816_K32826_F1B03-488_1_21.jpg,BSBM,13,0.31374379992485046,background_false_positive,0.0,0.0,6
102605816_K32826_F1B03-488_1_21.jpg,BSBM,13,0.28041139245033264,background_false_positive,0.0,0.0,6
102605816_K32826_F1B03-488_1_21.jpg,BSBM,13,0.27326130867004395,background_false_positive,0.0,0.0,6
102606888_K32786_F1B03-486_1_21.jpg,BSBM,13,0.7452502846717834,background_false_positive,0.0,0.0,5
102606888_K32786_F1B03-486_1_21.jpg,GWCNL,12,0.6054933667182922,background_false_positive,0.0,0.0,5
102606888_K32786_F1B03-486_1_21.jpg,BSBM,13,0.5457415580749512,background_false_positive,0.0,0.0,5
102606888_K32786_F1B03-486_1_21.jpg,BSBM,13,0.46455422043800354,background_false_positive,0.0,0.0,5
102606888_K32786_F1B03-486_1_21.jpg,BSBM,13,0.4586150646209717,background_false_positive,0.0,0.0,5
102606888_K32786_F1B03-486_1_21.jpg,BSBM,13,0.4510209560394287,background_false_positive,0.0,0.0,5
102606888_K32786_F1B03-486_1_21.jpg,BSBM,13,0.4431339502334595,background_false_positive,0.0,0.0,5
102606888_K32786_F1B03-486_1_21.jpg,BSBM,13,0.41613590717315674,background_false_positive,0.0,0.0,5
102606888_K32786_F1B03-486_1_21.jpg,BSBM,13,0.39753592014312744,background_false_positive,0.0,0.0,5
102606888_K32786_F1B03-486_1_21.jpg,BSBM,13,0.3855016231536865,background_false_positive,0.0,0.0,5
102606888_K32786_F1B03-486_1_21.jpg,BSBM,13,0.3830125629901886,background_false_positive,0.0,0.0,5
102606888_K32786_F1B03-486_1_21.jpg,BSBM,13,0.3613123595714569,background_false_positive,0.0,0.0,5
102606888_K32786_F1B03-486_1_21.jpg,BSBM,13,0.35175368189811707,background_false_positive,0.0,0.0,5
102606888_K32786_F1B03-486_1_21.jpg,BSBM,13,0.2885041832923889,background_false_positive,0.0,0.0,5
102606888_K32786_F1B03-486_1_21.jpg,VHBNL,1,0.28830602765083313,background_false_positive,0.0,0.0,5
102606888_K32786_F1B03-486_1_21.jpg,BSBM,13,0.27517253160476685,background_false_positive,0.0,0.0,5
102606888_K32786_F1B03-486_1_21.jpg,BSBM,13,0.2700287103652954,background_false_positive,0.0,0.0,5
102606888_K32786_F1B03-486_1_21.jpg,BSBM,13,0.2597438395023346,background_false_positive,0.0,0.0,5
102606888_K32786_F1B03-486_1_21.jpg,GWCNL,12,0.2578401565551758,background_false_positive,0.0,0.0,5
102609109_K32704_F1B03-482_1_21.jpg,VHBNM,0,0.3625728189945221,background_false_positive,0.0,0.0,6
102609109_K32704_F1B03-482_1_21.jpg,VHBNM,0,0.3363889455795288,background_false_positive,0.0,0.0,6
102611230_K32621_F1B03-478_1_21.jpg,SVHTNL,4,0.5772458910942078,background_false_positive,0.0,0.0,5
102611230_K32621_F1B03-478_1_21.jpg,VHBNL,1,0.28475815057754517,background_false_positive,0.0,0.0,5
102612319_K32580_F1B03-476_1_21.jpg,BSBM,13,0.501610517501831,background_false_positive,0.0,0.0,-1
102612319_K32580_F1B03-476_1_21.jpg,VHBNL,1,0.41344618797302246,background_false_positive,0.0,0.0,-1
102612319_K32580_F1B03-476_1_21.jpg,SVHTNL,4,0.3764610290527344,background_false_positive,0.0,0.0,-1
102612319_K32580_F1B03-476_1_21.jpg,GWCNL,12,0.37305083870887756,background_false_positive,0.0,0.0,-1
102612319_K32580_F1B03-476_1_21.jpg,BSBM,13,0.27163824439048767,background_false_positive,0.0,0.0,-1
102612319_K32580_F1B03-476_1_21.jpg,DRPS,15,0.25874224305152893,background_false_positive,0.0,0.0,-1
102613390_K32540_F1B03-474_1_21.jpg,BSBM,13,0.4585222601890564,background_false_positive,0.0,0.0,5
102613390_K32540_F1B03-474_1_21.jpg,BSBM,13,0.30698466300964355,background_false_positive,0.0,0.0,5
102613390_K32540_F1B03-474_1_21.jpg,VHBNL,1,0.2582850456237793,background_false_positive,0.0,0.0,5
102614461_K32500_F1B03-472_1_21.jpg,BSBM,13,0.35330265760421753,background_false_positive,0.0,0.0,6
102614461_K32500_F1B03-472_1_21.jpg,INSD,14,0.31937673687934875,background_false_positive,0.0,0.0,6
102614461_K32500_F1B03-472_1_21.jpg,BSBM,13,0.2661362290382385,background_false_positive,0.0,0.0,6
102614461_K32500_F1B03-472_1_21.jpg,VHBNL,1,0.2510409653186798,background_false_positive,0.0,0.0,6
102615553_K32460_F1B03-470_1_21.jpg,SVHTNL,4,0.32392561435699463,background_false_positive,0.0,0.0,6
102616647_K32420_F1B03-468_1_21.jpg,BSBM,13,0.8614866137504578,background_false_positive,0.0,0.0,5
102616647_K32420_F1B03-468_1_21.jpg,BSBM,13,0.6166393756866455,background_false_positive,0.0,0.0,5
102616647_K32420_F1B03-468_1_21.jpg,BSBM,13,0.3363758623600006,background_false_positive,0.0,0.0,5
102616647_K32420_F1B03-468_1_21.jpg,VHBNL,1,0.29934555292129517,background_false_positive,0.0,0.0,5
102616647_K32420_F1B03-468_1_21.jpg,GWCNL,12,0.25815144181251526,background_false_positive,0.0,0.0,5
102617718_K32380_F1B03-466_1_21.jpg,BSBM,13,0.6597428321838379,background_false_positive,0.0,0.0,-1
102617718_K32380_F1B03-466_1_21.jpg,SVHTNL,4,0.37539607286453247,background_false_positive,0.0,0.0,-1
102618767_K32340_F1B03-464_1_21.jpg,VHBNM,0,0.5973808169364929,background_false_positive,0.0,0.0,5
102618767_K32340_F1B03-464_1_21.jpg,GWCNL,12,0.5867666006088257,background_false_positive,0.0,0.0,5
102618767_K32340_F1B03-464_1_21.jpg,GWCNL,12,0.47014641761779785,background_false_positive,0.0,0.0,5
102618767_K32340_F1B03-464_1_21.jpg,BSBM,13,0.3234784007072449,background_false_positive,0.0,0.0,5
102618767_K32340_F1B03-464_1_21.jpg,BSBM,13,0.27747127413749695,background_false_positive,0.0,0.0,5
102619873_K32300_F1B03-462_1_21.jpg,BSBM,13,0.48724308609962463,background_false_positive,0.0,0.0,6
102619873_K32300_F1B03-462_1_21.jpg,CBVPM,6,0.47369030117988586,background_false_positive,0.0,0.0,6
102619873_K32300_F1B03-462_1_21.jpg,INSD,14,0.40246930718421936,background_false_positive,0.0,0.0,6
102619873_K32300_F1B03-462_1_21.jpg,BSBM,13,0.35989412665367126,background_false_positive,0.0,0.0,6
102620973_K32260_F1B03-460_1_21.jpg,VHBNL,1,0.3026314377784729,background_false_positive,0.0,0.0,5
102622044_K32220_F1B03-458_1_21.jpg,BSBM,13,0.7140321135520935,background_false_positive,0.0,0.0,5
102622044_K32220_F1B03-458_1_21.jpg,GWCNL,12,0.3469647169113159,background_false_positive,0.0,0.0,5
102623113_K32180_F1B03-456_1_21.jpg,BSBM,13,0.2912300229072571,background_false_positive,0.0,0.0,-1
102623113_K32180_F1B03-456_1_21.jpg,VHBNL,1,0.2804540991783142,background_false_positive,0.0,0.0,-1
102623113_K32180_F1B03-456_1_21.jpg,VHBNL,1,0.26744580268859863,background_false_positive,0.0,0.0,-1
102623113_K32180_F1B03-456_1_21.jpg,VHBNL,1,0.26651692390441895,background_false_positive,0.0,0.0,-1
102624135_K32140_F1B03-454_1_21.jpg,GWCNL,12,0.4018051326274872,background_false_positive,0.0,0.0,-1
102624135_K32140_F1B03-454_1_21.jpg,VHBNL,1,0.3662616014480591,background_false_positive,0.0,0.0,-1
102625250_K32100_F1B03-452_1_21.jpg,VHBNL,1,0.6140444278717041,background_false_positive,0.0,0.0,6
102625250_K32100_F1B03-452_1_21.jpg,BSBM,13,0.4878377914428711,background_false_positive,0.0,0.0,6
102625250_K32100_F1B03-452_1_21.jpg,GWCNL,12,0.3558637499809265,background_false_positive,0.0,0.0,6
102625250_K32100_F1B03-452_1_21.jpg,SVHTNL,4,0.34214335680007935,background_false_positive,0.0,0.0,6
102625250_K32100_F1B03-452_1_21.jpg,GWCNL,12,0.29926446080207825,background_false_positive,0.0,0.0,6
102626370_K32060_F1B03-450_1_21.jpg,BSBM,13,0.5874071717262268,background_false_positive,0.0,0.0,-1
102626370_K32060_F1B03-450_1_21.jpg,SVHTNL,4,0.4897756576538086,background_false_positive,0.0,0.0,-1
102627421_K32020_F1B03-448_1_21.jpg,BSBM,13,0.7624518871307373,background_false_positive,0.0,0.0,6
102627421_K32020_F1B03-448_1_21.jpg,VHBNL,1,0.3723008334636688,background_false_positive,0.0,0.0,6
102627421_K32020_F1B03-448_1_21.jpg,SVHBNL,3,0.3291659355163574,background_false_positive,0.0,0.0,6
102627421_K32020_F1B03-448_1_21.jpg,VHBNL,1,0.300081342458725,background_false_positive,0.0,0.0,6
102627421_K32020_F1B03-448_1_21.jpg,SVHBNL,3,0.2581942677497864,background_false_positive,0.0,0.0,6
102628493_K31980_F1B03-446_1_21.jpg,GWCNL,12,0.2529922127723694,background_false_positive,0.0,0.0,-1
102629588_K31940_F1B03-444_1_21.jpg,BSBM,13,0.4214209318161011,background_false_positive,0.0,0.0,6
102629588_K31940_F1B03-444_1_21.jpg,BSBM,13,0.29829132556915283,background_false_positive,0.0,0.0,6
102629588_K31940_F1B03-444_1_21.jpg,DRPS,15,0.2981873154640198,background_false_positive,0.0,0.0,6
102629588_K31940_F1B03-444_1_21.jpg,GWCNL,12,0.2826680839061737,background_false_positive,0.0,0.0,6
102630572_K31900_F1B03-442_1_21.jpg,BSBM,13,0.4998684227466583,background_false_positive,0.0,0.0,6
102630572_K31900_F1B03-442_1_21.jpg,BSBM,13,0.35894137620925903,background_false_positive,0.0,0.0,6
102630572_K31900_F1B03-442_1_21.jpg,GWCNL,12,0.3380415141582489,background_false_positive,0.0,0.0,6
102631744_K31861_F1B03-440_1_21.jpg,BSBM,13,0.5156204104423523,background_false_positive,0.0,0.0,5
102631744_K31861_F1B03-440_1_21.jpg,BSBM,13,0.3916958272457123,background_false_positive,0.0,0.0,5
102631744_K31861_F1B03-440_1_21.jpg,BSBM,13,0.3232957124710083,background_false_positive,0.0,0.0,5
102631744_K31861_F1B03-440_1_21.jpg,BSBM,13,0.2888854742050171,background_false_positive,0.0,0.0,5
102632850_K31824_F1B03-438_1_21.jpg,BSBM,13,0.5611100792884827,background_false_positive,0.0,0.0,6
102632850_K31824_F1B03-438_1_21.jpg,BSBM,13,0.4495594799518585,background_false_positive,0.0,0.0,6
102632850_K31824_F1B03-438_1_21.jpg,VHBNL,1,0.3474486470222473,background_false_positive,0.0,0.0,6
102632850_K31824_F1B03-438_1_21.jpg,GWCNL,12,0.33801034092903137,background_false_positive,0.0,0.0,6
102632850_K31824_F1B03-438_1_21.jpg,BSBM,13,0.3143536448478699,background_false_positive,0.0,0.0,6
102632850_K31824_F1B03-438_1_21.jpg,GWCNL,12,0.2816973030567169,background_false_positive,0.0,0.0,6
102633874_K31781_F1B03-436_1_21.jpg,BSBM,13,0.5458184480667114,background_false_positive,0.0,0.0,-1
102633874_K31781_F1B03-436_1_21.jpg,VHBNL,1,0.41313326358795166,background_false_positive,0.0,0.0,-1
102633874_K31781_F1B03-436_1_21.jpg,VHBNL,1,0.4081740081310272,background_false_positive,0.0,0.0,-1
102634974_K31741_F1B03-434_1_21.jpg,BSBM,13,0.7499194741249084,background_false_positive,0.0,0.0,6
102634974_K31741_F1B03-434_1_21.jpg,BSBM,13,0.6576277613639832,background_false_positive,0.0,0.0,6
102634974_K31741_F1B03-434_1_21.jpg,BSBM,13,0.5095527768135071,background_false_positive,0.0,0.0,6
102634974_K31741_F1B03-434_1_21.jpg,BSBM,13,0.48463207483291626,background_false_positive,0.0,0.0,6
102634974_K31741_F1B03-434_1_21.jpg,BSBM,13,0.399471640586853,background_false_positive,0.0,0.0,6
102634974_K31741_F1B03-434_1_21.jpg,BSBM,13,0.3478454351425171,background_false_positive,0.0,0.0,6
102634974_K31741_F1B03-434_1_21.jpg,BSBM,13,0.3443155586719513,background_false_positive,0.0,0.0,6
102634974_K31741_F1B03-434_1_21.jpg,VHBNL,1,0.32763585448265076,background_false_positive,0.0,0.0,6
102634974_K31741_F1B03-434_1_21.jpg,INSD,14,0.30519700050354004,background_false_positive,0.0,0.0,6
102634974_K31741_F1B03-434_1_21.jpg,SVHTNL,4,0.2973948121070862,background_false_positive,0.0,0.0,6
102634974_K31741_F1B03-434_1_21.jpg,INSD,14,0.2929638624191284,background_false_positive,0.0,0.0,6
102634974_K31741_F1B03-434_1_21.jpg,INSD,14,0.28192099928855896,background_false_positive,0.0,0.0,6
102634974_K31741_F1B03-434_1_21.jpg,BSBM,13,0.2554333209991455,background_false_positive,0.0,0.0,6
102635986_K31700_F1B03-432_1_21.jpg,BSBM,13,0.3860975205898285,background_false_positive,0.0,0.0,5
102635986_K31700_F1B03-432_1_21.jpg,BSBM,13,0.28861314058303833,background_false_positive,0.0,0.0,5
102635986_K31700_F1B03-432_1_21.jpg,BSBM,13,0.2878229320049286,background_false_positive,0.0,0.0,5
102635986_K31700_F1B03-432_1_21.jpg,BSBM,13,0.28657102584838867,background_false_positive,0.0,0.0,5
102635986_K31700_F1B03-432_1_21.jpg,VHBNL,1,0.2853145897388458,background_false_positive,0.0,0.0,5
102635986_K31700_F1B03-432_1_21.jpg,BSBM,13,0.260793536901474,background_false_positive,0.0,0.0,5
102637130_K31622_F1B03-428_1_21.jpg,VHBNL,1,0.5576263070106506,background_false_positive,0.0,0.0,5
102637130_K31622_F1B03-428_1_21.jpg,SVHTNL,4,0.42340773344039917,background_false_positive,0.0,0.0,5
102637130_K31622_F1B03-428_1_21.jpg,GWCNM,11,0.3239600658416748,background_false_positive,0.0,0.0,5
102638203_K31620_F1B03-426a_1_21.jpg,GWCNL,12,0.5835971832275391,background_false_positive,0.0,0.0,-1
102638203_K31620_F1B03-426a_1_21.jpg,VHBNL,1,0.5632039308547974,background_false_positive,0.0,0.0,-1
102638203_K31620_F1B03-426a_1_21.jpg,BSBM,13,0.31983712315559387,background_false_positive,0.0,0.0,-1
102638203_K31620_F1B03-426a_1_21.jpg,SVHBNL,3,0.3179773986339569,background_false_positive,0.0,0.0,-1
102638203_K31620_F1B03-426a_1_21.jpg,VHBNL,1,0.30776095390319824,background_false_positive,0.0,0.0,-1
102640403_K31538_F1B03-424_1_21.jpg,BSBM,13,0.6040126085281372,background_false_positive,0.0,0.0,6
102640403_K31538_F1B03-424_1_21.jpg,DRPS,15,0.30031877756118774,background_false_positive,0.0,0.0,6
102641519_K31498_F1B03-422_1_21.jpg,BSBM,13,0.3113291263580322,background_false_positive,0.0,0.0,-1
102641519_K31498_F1B03-422_1_21.jpg,SVHTNL,4,0.26725706458091736,background_false_positive,0.0,0.0,-1
102641519_K31498_F1B03-422_1_21.jpg,GWCNL,12,0.25218725204467773,background_false_positive,0.0,0.0,-1
102642556_K31458_F1B03-420_1_21.jpg,INSD,14,0.5657806396484375,background_false_positive,0.0,0.0,6
102642556_K31458_F1B03-420_1_21.jpg,VHBNL,1,0.4488053321838379,background_false_positive,0.0,0.0,6
102642556_K31458_F1B03-420_1_21.jpg,VHBNL,1,0.3706302046775818,background_false_positive,0.0,0.0,6
102642556_K31458_F1B03-420_1_21.jpg,SVHBNL,3,0.2682165801525116,background_false_positive,0.0,0.0,6
102643638_K31418_F1B03-418_1_21.jpg,SVHTNL,4,0.4868701994419098,background_false_positive,0.0,0.0,-1
102643638_K31418_F1B03-418_1_21.jpg,INSD,14,0.40342453122138977,background_false_positive,0.0,0.0,-1
102643638_K31418_F1B03-418_1_21.jpg,BSBM,13,0.3252691328525543,background_false_positive,0.0,0.0,-1
102643638_K31418_F1B03-418_1_21.jpg,SVHTNL,4,0.2974322736263275,background_false_positive,0.0,0.0,-1
102643638_K31418_F1B03-418_1_21.jpg,VHBNL,1,0.26532110571861267,background_false_positive,0.0,0.0,-1
102643638_K31418_F1B03-418_1_21.jpg,VHBNM,0,0.2622637152671814,background_false_positive,0.0,0.0,-1
102644782_K31378_F1B03-416_1_21.jpg,BSBM,13,0.46180081367492676,background_false_positive,0.0,0.0,6
102645767_K31338_F1B03-414_1_21.jpg,BSBM,13,0.44004908204078674,background_false_positive,0.0,0.0,5
102645767_K31338_F1B03-414_1_21.jpg,BSBM,13,0.41643133759498596,background_false_positive,0.0,0.0,5
102645767_K31338_F1B03-414_1_21.jpg,SVHTNL,4,0.37615951895713806,background_false_positive,0.0,0.0,5
102645767_K31338_F1B03-414_1_21.jpg,VHBNL,1,0.310586154460907,background_false_positive,0.0,0.0,5
102645767_K31338_F1B03-414_1_21.jpg,BSBM,13,0.26992112398147583,background_false_positive,0.0,0.0,5
102646890_K31298_F1B03-412_1_21.jpg,GWCNL,12,0.6363222599029541,background_false_positive,0.0,0.0,6
102647995_K31259_F1B03-410_1_21.jpg,BSBM,13,0.3744336664676666,background_false_positive,0.0,0.0,6
102647995_K31259_F1B03-410_1_21.jpg,BSBM,13,0.26217734813690186,background_false_positive,0.0,0.0,6
102649068_K31219_F1B03-408_1_21.jpg,SVHBNL,3,0.47186917066574097,background_false_positive,0.0,0.0,-1
102650167_K31179_F1B03-406_1_21.jpg,DRPS,15,0.40337106585502625,background_false_positive,0.0,0.0,6
102650167_K31179_F1B03-406_1_21.jpg,VHBNL,1,0.32843950390815735,background_false_positive,0.0,0.0,6
102650167_K31179_F1B03-406_1_21.jpg,BSBM,13,0.3114703297615051,background_false_positive,0.0,0.0,6
102650167_K31179_F1B03-406_1_21.jpg,GWCNL,12,0.27622124552726746,background_false_positive,0.0,0.0,6
102651176_K31139_F1B03-404_1_21.jpg,BSBM,13,0.8169836401939392,background_false_positive,0.0,0.0,5
102651176_K31139_F1B03-404_1_21.jpg,VHBNM,0,0.3275465667247772,background_false_positive,0.0,0.0,5
102651176_K31139_F1B03-404_1_21.jpg,BSBM,13,0.2884935140609741,background_false_positive,0.0,0.0,5
102651176_K31139_F1B03-404_1_21.jpg,BSBM,13,0.26186367869377136,background_false_positive,0.0,0.0,5
102652265_K31100_F1B03-402_1_21.jpg,VHBNM,0,0.6988680362701416,background_false_positive,0.0,0.0,-1
102652265_K31100_F1B03-402_1_21.jpg,CBVPM,6,0.34975847601890564,background_false_positive,0.0,0.0,-1
102652265_K31100_F1B03-402_1_21.jpg,BSBM,13,0.3373998701572418,background_false_positive,0.0,0.0,-1
102653337_K31062_F1B03-400_1_21.jpg,BSBM,13,0.7762618660926819,background_false_positive,0.0,0.0,5
102653337_K31062_F1B03-400_1_21.jpg,BSBM,13,0.558588981628418,background_false_positive,0.0,0.0,5
102653337_K31062_F1B03-400_1_21.jpg,VHBNL,1,0.506538987159729,background_false_positive,0.0,0.0,5
102653337_K31062_F1B03-400_1_21.jpg,CBVPM,6,0.3472028374671936,background_false_positive,0.0,0.0,5
102653337_K31062_F1B03-400_1_21.jpg,GWCNL,12,0.30775225162506104,background_false_positive,0.0,0.0,5
102653337_K31062_F1B03-400_1_21.jpg,VHBNL,1,0.2971895933151245,background_false_positive,0.0,0.0,5
102653337_K31062_F1B03-400_1_21.jpg,BSBM,13,0.27224573493003845,background_false_positive,0.0,0.0,5
102654475_K31022_F1B03-398_1_21.jpg,VHBNL,1,0.5807126760482788,background_false_positive,0.0,0.0,6
102654475_K31022_F1B03-398_1_21.jpg,SVHTNL,4,0.47385382652282715,background_false_positive,0.0,0.0,6
102654475_K31022_F1B03-398_1_21.jpg,CBVPM,6,0.3188566267490387,background_false_positive,0.0,0.0,6
102654475_K31022_F1B03-398_1_21.jpg,GWCNL,12,0.28993523120880127,background_false_positive,0.0,0.0,6
102655548_K30982_F1B03-396_1_21.jpg,BSBM,13,0.49915385246276855,background_false_positive,0.0,0.0,5
102655548_K30982_F1B03-396_1_21.jpg,VHBNL,1,0.30900904536247253,background_false_positive,0.0,0.0,5
102655548_K30982_F1B03-396_1_21.jpg,BSBM,13,0.29159286618232727,background_false_positive,0.0,0.0,5
102655548_K30982_F1B03-396_1_21.jpg,BSBM,13,0.2888574004173279,background_false_positive,0.0,0.0,5
102655548_K30982_F1B03-396_1_21.jpg,BSBM,13,0.2592041790485382,background_false_positive,0.0,0.0,5
102656599_K30941_F1B03-394_1_21.jpg,GWCNL,12,0.7378936409950256,background_false_positive,0.0,0.0,-1
102656599_K30941_F1B03-394_1_21.jpg,GWCNL,12,0.3651493191719055,background_false_positive,0.0,0.0,-1
102656599_K30941_F1B03-394_1_21.jpg,GWCNL,12,0.27826789021492004,background_false_positive,0.0,0.0,-1
102656599_K30941_F1B03-394_1_21.jpg,GWCNL,12,0.26604485511779785,background_false_positive,0.0,0.0,-1
102657694_K30900_F1B03-392_1_21.jpg,GWCNL,12,0.4888105094432831,background_false_positive,0.0,0.0,6
102657694_K30900_F1B03-392_1_21.jpg,VHBNL,1,0.36579421162605286,background_false_positive,0.0,0.0,6
102658809_K30860_F1B03-390_1_21.jpg,SVHTNL,4,0.46235334873199463,background_false_positive,0.0,0.0,-1
102658809_K30860_F1B03-390_1_21.jpg,VHBNL,1,0.4335736632347107,background_false_positive,0.0,0.0,-1
102658809_K30860_F1B03-390_1_21.jpg,SVHTNL,4,0.38825032114982605,background_false_positive,0.0,0.0,-1
102658809_K30860_F1B03-390_1_21.jpg,GWCNL,12,0.3096763491630554,background_false_positive,0.0,0.0,-1
102658809_K30860_F1B03-390_1_21.jpg,BSBM,13,0.30481794476509094,background_false_positive,0.0,0.0,-1
102659845_K30820_F1B03-388_1_21.jpg,INSD,14,0.34079501032829285,background_false_positive,0.0,0.0,5
102700917_K30780_F1B03-386_1_21.jpg,VHBNL,1,0.5415035486221313,background_false_positive,0.0,0.0,5
102700917_K30780_F1B03-386_1_21.jpg,GWCNL,12,0.4439050257205963,background_false_positive,0.0,0.0,5
102700917_K30780_F1B03-386_1_21.jpg,GWCNL,12,0.41319870948791504,background_false_positive,0.0,0.0,5
102700917_K30780_F1B03-386_1_21.jpg,SVHTNL,4,0.3891665041446686,background_false_positive,0.0,0.0,5
102700917_K30780_F1B03-386_1_21.jpg,SVHTNL,4,0.29525133967399597,background_false_positive,0.0,0.0,5
102700917_K30780_F1B03-386_1_21.jpg,DRPS,15,0.2554025948047638,background_false_positive,0.0,0.0,5
102702023_K30740_F1B03-384_1_21.jpg,GWCNL,12,0.5366501212120056,background_false_positive,0.0,0.0,-1
102702023_K30740_F1B03-384_1_21.jpg,BSBM,13,0.31880319118499756,background_false_positive,0.0,0.0,-1
102702023_K30740_F1B03-384_1_21.jpg,VHBNL,1,0.3054429292678833,background_false_positive,0.0,0.0,-1
102702023_K30740_F1B03-384_1_21.jpg,SVHTNL,4,0.28940287232398987,background_false_positive,0.0,0.0,-1
102702023_K30740_F1B03-384_1_21.jpg,BSBM,13,0.2656368613243103,background_false_positive,0.0,0.0,-1
102703107_K30700_F1B03-382_1_21.jpg,GWCNL,12,0.47630536556243896,background_false_positive,0.0,0.0,6
102703107_K30700_F1B03-382_1_21.jpg,CBVPM,6,0.3576197624206543,background_false_positive,0.0,0.0,6
102703107_K30700_F1B03-382_1_21.jpg,VHBNM,0,0.3156965970993042,background_false_positive,0.0,0.0,6
102703107_K30700_F1B03-382_1_21.jpg,INSD,14,0.3124341070652008,background_false_positive,0.0,0.0,6
102703107_K30700_F1B03-382_1_21.jpg,BSBM,13,0.28836122155189514,background_false_positive,0.0,0.0,6
102704184_K30660_F1B03-380_1_21.jpg,GWCNL,12,0.8026120066642761,background_false_positive,0.0,0.0,6
102704184_K30660_F1B03-380_1_21.jpg,VHBNM,0,0.33284997940063477,background_false_positive,0.0,0.0,6
102704184_K30660_F1B03-380_1_21.jpg,GWCNL,12,0.2819497585296631,background_false_positive,0.0,0.0,6
102705289_K30620_F1B03-378_1_21.jpg,BSBM,13,0.4767390489578247,background_false_positive,0.0,0.0,-1
102705289_K30620_F1B03-378_1_21.jpg,BSBM,13,0.3682616949081421,background_false_positive,0.0,0.0,-1
102705289_K30620_F1B03-378_1_21.jpg,BSBM,13,0.3659853935241699,background_false_positive,0.0,0.0,-1
102705289_K30620_F1B03-378_1_21.jpg,BSBM,13,0.27329862117767334,background_false_positive,0.0,0.0,-1
102705289_K30620_F1B03-378_1_21.jpg,BSBM,13,0.2667522728443146,background_false_positive,0.0,0.0,-1
102705289_K30620_F1B03-378_1_21.jpg,VHBNM,0,0.25972414016723633,background_false_positive,0.0,0.0,-1
102705289_K30620_F1B03-378_1_21.jpg,BSBM,13,0.25541457533836365,background_false_positive,0.0,0.0,-1
102706302_K30580_F1B03-376_1_21.jpg,BSBM,13,0.38538098335266113,background_false_positive,0.0,0.0,-1
102706302_K30580_F1B03-376_1_21.jpg,VHBNL,1,0.29924628138542175,background_false_positive,0.0,0.0,-1
102707342_K30538_F1B03-372a_1_21.jpg,BSBM,13,0.33909982442855835,background_false_positive,0.0,0.0,-1
102707342_K30538_F1B03-372a_1_21.jpg,BSBM,13,0.2856353521347046,background_false_positive,0.0,0.0,-1
102707342_K30538_F1B03-372a_1_21.jpg,BSBM,13,0.28031182289123535,background_false_positive,0.0,0.0,-1
102708316_K30502_F1B03-372_1_21.jpg,GWCNL,12,0.3806188404560089,background_false_positive,0.0,0.0,5
102708316_K30502_F1B03-372_1_21.jpg,VHBNL,1,0.3542419373989105,background_false_positive,0.0,0.0,5
102708316_K30502_F1B03-372_1_21.jpg,VHBNM,0,0.3398815393447876,background_false_positive,0.0,0.0,5
102708316_K30502_F1B03-372_1_21.jpg,INSD,14,0.2669885754585266,background_false_positive,0.0,0.0,5
102708316_K30502_F1B03-372_1_21.jpg,BSBM,13,0.2581371068954468,background_false_positive,0.0,0.0,5
102709203_K30464_F1B03-370_1_21.jpg,BSBM,13,0.3727399408817291,background_false_positive,0.0,0.0,6
102709203_K30464_F1B03-370_1_21.jpg,SVHTNL,4,0.32072529196739197,background_false_positive,0.0,0.0,6
102709203_K30464_F1B03-370_1_21.jpg,BSBM,13,0.30277326703071594,background_false_positive,0.0,0.0,6
102710166_K30428_F1B03-368_1_21.jpg,VHBNL,1,0.5662195086479187,background_false_positive,0.0,0.0,6
102710166_K30428_F1B03-368_1_21.jpg,BSBM,13,0.29873186349868774,background_false_positive,0.0,0.0,6
102710166_K30428_F1B03-368_1_21.jpg,VHBNL,1,0.2861287295818329,background_false_positive,0.0,0.0,6
102710166_K30428_F1B03-368_1_21.jpg,BSBM,13,0.2608553171157837,background_false_positive,0.0,0.0,6
102710166_K30428_F1B03-368_1_21.jpg,BSBM,13,0.25319531559944153,background_false_positive,0.0,0.0,6
102711108_K30394_F1B03-366_1_21.jpg,BSBM,13,0.8163366317749023,background_false_positive,0.0,0.0,5
102711108_K30394_F1B03-366_1_21.jpg,VHBNL,1,0.43299269676208496,background_false_positive,0.0,0.0,5
102711108_K30394_F1B03-366_1_21.jpg,VHBNL,1,0.333782434463501,background_false_positive,0.0,0.0,5
102711108_K30394_F1B03-366_1_21.jpg,VHBNL,1,0.3267565965652466,background_false_positive,0.0,0.0,5
102711108_K30394_F1B03-366_1_21.jpg,SVHTNL,4,0.2849256098270416,background_false_positive,0.0,0.0,5
102711108_K30394_F1B03-366_1_21.jpg,GWCNM,11,0.2709674835205078,background_false_positive,0.0,0.0,5
102711108_K30394_F1B03-366_1_21.jpg,VHBNL,1,0.2514230012893677,background_false_positive,0.0,0.0,5
102712077_K30359_F1B03-364_1_21.jpg,BSBM,13,0.6961130499839783,background_false_positive,0.0,0.0,6
102712077_K30359_F1B03-364_1_21.jpg,BSBM,13,0.3064289391040802,background_false_positive,0.0,0.0,6
102713035_K30324_F1B03-362_1_21.jpg,VHBNL,1,0.5117456912994385,background_false_positive,0.0,0.0,-1
102713035_K30324_F1B03-362_1_21.jpg,BSBM,13,0.3844258785247803,background_false_positive,0.0,0.0,-1
102713035_K30324_F1B03-362_1_21.jpg,SVHTNL,4,0.2770557701587677,background_false_positive,0.0,0.0,-1
102713813_K30289_F1B03-360_1_21.jpg,GWCNL,12,0.8759971261024475,background_false_positive,0.0,0.0,6
102713813_K30289_F1B03-360_1_21.jpg,SVHTNL,4,0.3038620948791504,background_false_positive,0.0,0.0,6
102713813_K30289_F1B03-360_1_21.jpg,VHBNL,1,0.27259373664855957,background_false_positive,0.0,0.0,6
102713813_K30289_F1B03-360_1_21.jpg,SVHBNL,3,0.26927343010902405,background_false_positive,0.0,0.0,6
102714651_K30256_F1B03-358_1_21.jpg,BSBM,13,0.44770100712776184,background_false_positive,0.0,0.0,6
102714651_K30256_F1B03-358_1_21.jpg,GWCNL,12,0.39279574155807495,background_false_positive,0.0,0.0,6
102715428_K30224_F1B03-356_1_21.jpg,BSBM,13,0.28328263759613037,background_false_positive,0.0,0.0,6
102715428_K30224_F1B03-356_1_21.jpg,BSBM,13,0.2650962173938751,near_gt_wrong_class_or_location,0.20826136279445345,0.0,6
102715428_K30224_F1B03-356_1_21.jpg,BSBM,13,0.2627922296524048,background_false_positive,0.0,0.0,6
102715428_K30224_F1B03-356_1_21.jpg,CBVPM,6,0.2549590766429901,background_false_positive,0.0,0.0,6
102716253_K30194_F1B03-354_1_21.jpg,GWCNL,12,0.38490739464759827,background_false_positive,0.0,0.0,5
102718141_K30134_F1B03-350_1_21.jpg,CBVPM,6,0.6104314923286438,background_false_positive,0.0,0.0,6
102718141_K30134_F1B03-350_1_21.jpg,GWCNM,11,0.4631229043006897,background_false_positive,0.0,0.0,6
102718141_K30134_F1B03-350_1_21.jpg,VHBNL,1,0.3282128870487213,background_false_positive,0.0,0.0,6
102718141_K30134_F1B03-350_1_21.jpg,BSBM,13,0.3076828420162201,background_false_positive,0.0,0.0,6
102720056_K30064_F1B03-346_1_21.jpg,BSBM,13,0.4485366642475128,background_false_positive,0.0,0.0,5
102720056_K30064_F1B03-346_1_21.jpg,BSBM,13,0.418828547000885,background_false_positive,0.0,0.0,5
102720056_K30064_F1B03-346_1_21.jpg,GWCNL,12,0.35778191685676575,background_false_positive,0.0,0.0,5
102720056_K30064_F1B03-346_1_21.jpg,BSBM,13,0.31713321805000305,background_false_positive,0.0,0.0,5
102720056_K30064_F1B03-346_1_21.jpg,VHBNM,0,0.262501060962677,background_false_positive,0.0,0.0,5
102721924_K29994_F1B03-342_1_21.jpg,BSBM,13,0.5248358845710754,background_false_positive,0.0,0.0,-1
102721924_K29994_F1B03-342_1_21.jpg,GWCNL,12,0.35961097478866577,background_false_positive,0.0,0.0,-1
102721924_K29994_F1B03-342_1_21.jpg,SVHTNL,4,0.27183252573013306,background_false_positive,0.0,0.0,-1
102721924_K29994_F1B03-342_1_21.jpg,BSBM,13,0.2532173693180084,background_false_positive,0.0,0.0,-1
102722837_K29959_F1B03-340_1_21.jpg,VHBNL,1,0.36664509773254395,background_false_positive,0.0,0.0,6
102723743_K29924_F1B03-338_1_21.jpg,VHBNL,1,0.41807547211647034,background_false_positive,0.0,0.0,-1
102723743_K29924_F1B03-338_1_21.jpg,DRPS,15,0.31247490644454956,background_false_positive,0.0,0.0,-1
102723743_K29924_F1B03-338_1_21.jpg,INSD,14,0.27566373348236084,background_false_positive,0.0,0.0,-1
102726886_K29814_F1B03-332_1_21.jpg,VHBNL,1,0.3739231526851654,background_false_positive,0.0,0.0,5
102726886_K29814_F1B03-332_1_21.jpg,VHBNL,1,0.3015686869621277,background_false_positive,0.0,0.0,5
102728016_K29774_F1B03-330_1_21.jpg,INSD,14,0.30759376287460327,background_false_positive,0.0,0.0,-1
102728980_K29734_F1B03-328_1_21.jpg,BSBM,13,0.6220203638076782,background_false_positive,0.0,0.0,6
102728980_K29734_F1B03-328_1_21.jpg,DRPS,15,0.2755822241306305,background_false_positive,0.0,0.0,6
102728980_K29734_F1B03-328_1_21.jpg,VHBNL,1,0.2583217918872833,background_false_positive,0.0,0.0,6
102730026_K29693_F1B03-326_1_21.jpg,BSBM,13,0.7798079252243042,background_false_positive,0.0,0.0,5
102730026_K29693_F1B03-326_1_21.jpg,BSBM,13,0.7780604958534241,background_false_positive,0.0,0.0,5
102730026_K29693_F1B03-326_1_21.jpg,BSBM,13,0.6749212741851807,background_false_positive,0.0,0.0,5
102730026_K29693_F1B03-326_1_21.jpg,BSBM,13,0.6367937326431274,background_false_positive,0.0,0.0,5
102730026_K29693_F1B03-326_1_21.jpg,BSBM,13,0.5982755422592163,background_false_positive,0.0,0.0,5
102730026_K29693_F1B03-326_1_21.jpg,GWCNL,12,0.4337242543697357,background_false_positive,0.0,0.0,5
102730026_K29693_F1B03-326_1_21.jpg,INSD,14,0.40992024540901184,background_false_positive,0.0,0.0,5
102730026_K29693_F1B03-326_1_21.jpg,GWCNL,12,0.38928574323654175,background_false_positive,0.0,0.0,5
102730026_K29693_F1B03-326_1_21.jpg,BSBM,13,0.34103554487228394,background_false_positive,0.0,0.0,5
102730026_K29693_F1B03-326_1_21.jpg,DRPS,15,0.33224862813949585,background_false_positive,0.0,0.0,5
102731133_K29615_F1B03-322_1_21.jpg,VHBNL,1,0.4361899495124817,background_false_positive,0.0,0.0,5
102731133_K29615_F1B03-322_1_21.jpg,VHBNM,0,0.28935325145721436,background_false_positive,0.0,0.0,5
102732253_K29573_F1B03-320_1_21.jpg,GWCNL,12,0.8807864189147949,background_false_positive,0.0,0.0,6
102732253_K29573_F1B03-320_1_21.jpg,VHBNL,1,0.4758869707584381,background_false_positive,0.0,0.0,6
102732253_K29573_F1B03-320_1_21.jpg,SVHTNL,4,0.4033031165599823,background_false_positive,0.0,0.0,6
102732253_K29573_F1B03-320_1_21.jpg,VHBNL,1,0.2855968475341797,background_false_positive,0.0,0.0,6
102733241_K29571_F1B03-318a_1_21.jpg,INSD,14,0.39610555768013,background_false_positive,0.0,0.0,5
102734268_K29529_F1B03-316a_1_21.jpg,SVHTNL,4,0.6316162347793579,background_false_positive,0.0,0.0,-1
102734268_K29529_F1B03-316a_1_21.jpg,INSD,14,0.32538196444511414,background_false_positive,0.0,0.0,-1
102735341_K29493_F1B03-316_1_21.jpg,VHBNL,1,0.38558951020240784,background_false_positive,0.0,0.0,-1
102735341_K29493_F1B03-316_1_21.jpg,VHBNL,1,0.3126787841320038,background_false_positive,0.0,0.0,-1
102735341_K29493_F1B03-316_1_21.jpg,INSD,14,0.2753188908100128,background_false_positive,0.0,0.0,-1
102735341_K29493_F1B03-316_1_21.jpg,VHBNL,1,0.27128544449806213,background_false_positive,0.0,0.0,-1
102736416_K29453_F1B03-314_1_21.jpg,BSBM,13,0.3671558201313019,background_false_positive,0.0,0.0,-1
102739548_K29335_F1B03-308_1_21.jpg,SVHBNL,3,0.6334647536277771,background_false_positive,0.0,0.0,6
102740591_K29295_F1B03-306_1_21.jpg,BSBM,13,0.6777623891830444,background_false_positive,0.0,0.0,-1
102740591_K29295_F1B03-306_1_21.jpg,SVHTNL,4,0.605566680431366,background_false_positive,0.0,0.0,-1
102740591_K29295_F1B03-306_1_21.jpg,VHBNL,1,0.4244459867477417,background_false_positive,0.0,0.0,-1
102741690_K29255_F1B03-304_1_21.jpg,VHBNL,1,0.5841720104217529,background_false_positive,0.0,0.0,5
102741690_K29255_F1B03-304_1_21.jpg,BSBM,13,0.38708987832069397,background_false_positive,0.0,0.0,5
102741690_K29255_F1B03-304_1_21.jpg,BSBM,13,0.28126272559165955,background_false_positive,0.0,0.0,5
102742705_K29215_F1B03-302_1_21.jpg,BSBM,13,0.802645742893219,background_false_positive,0.0,0.0,-1
102742705_K29215_F1B03-302_1_21.jpg,INSD,14,0.6053409576416016,background_false_positive,0.0,0.0,-1
102743722_K29175_F1B03-300_1_21.jpg,GWCNL,12,0.6485087275505066,background_false_positive,0.0,0.0,-1
102743722_K29175_F1B03-300_1_21.jpg,SVHBNL,3,0.2689663767814636,background_false_positive,0.0,0.0,-1
102743722_K29175_F1B03-300_1_21.jpg,VHBNL,1,0.26539528369903564,background_false_positive,0.0,0.0,-1
102744852_K29135_F1B03-298_1_21.jpg,BSBM,13,0.4267001748085022,background_false_positive,0.0,0.0,6
102744852_K29135_F1B03-298_1_21.jpg,BSBM,13,0.2631944715976715,background_false_positive,0.0,0.0,6
102746924_K29054_F1B03-294_1_21.jpg,SVHTNL,4,0.5689706802368164,background_false_positive,0.0,0.0,-1
102746924_K29054_F1B03-294_1_21.jpg,DRPS,15,0.4799640476703644,background_false_positive,0.0,0.0,-1
102746924_K29054_F1B03-294_1_21.jpg,BSBM,13,0.2845999598503113,background_false_positive,0.0,0.0,-1
102747963_K29013_F1B03-292_1_21.jpg,GWCNL,12,0.6064319610595703,background_false_positive,0.0,0.0,5
102747963_K29013_F1B03-292_1_21.jpg,VHBNL,1,0.5916370749473572,background_false_positive,0.0,0.0,5
102747963_K29013_F1B03-292_1_21.jpg,INSD,14,0.43015342950820923,background_false_positive,0.0,0.0,5
102747963_K29013_F1B03-292_1_21.jpg,CBVPM,6,0.31137776374816895,background_false_positive,0.0,0.0,5
102748864_K28973_F1B03-290_1_21.jpg,BSBM,13,0.8416277170181274,background_false_positive,0.0,0.0,6
102748864_K28973_F1B03-290_1_21.jpg,GWCNL,12,0.5528051853179932,background_false_positive,0.0,0.0,6
102748864_K28973_F1B03-290_1_21.jpg,VHBNL,1,0.2879660725593567,background_false_positive,0.0,0.0,6
102749846_K28935_F1B03-288_1_21.jpg,INSD,14,0.3474966585636139,background_false_positive,0.0,0.0,5
102749846_K28935_F1B03-288_1_21.jpg,VHBNL,1,0.3242333233356476,background_false_positive,0.0,0.0,5
102749846_K28935_F1B03-288_1_21.jpg,INSD,14,0.26846063137054443,background_false_positive,0.0,0.0,5
102750768_K28898_F1B03-286_1_21.jpg,BSBM,13,0.5058763027191162,background_false_positive,0.0,0.0,-1
102751628_K28861_F1B03-284_1_21.jpg,GWCNL,12,0.6567468643188477,background_false_positive,0.0,0.0,5
102751628_K28861_F1B03-284_1_21.jpg,BSBM,13,0.40641534328460693,background_false_positive,0.0,0.0,5
102751628_K28861_F1B03-284_1_21.jpg,SVHBNL,3,0.2844061255455017,background_false_positive,0.0,0.0,5
102752511_K28827_F1B03-282_1_21.jpg,GWCNL,12,0.377481073141098,background_false_positive,0.0,0.0,-1
102753302_K28793_F1B03-280_1_21.jpg,BSBM,13,0.5990820527076721,background_false_positive,0.0,0.0,-1
102753302_K28793_F1B03-280_1_21.jpg,VHBNL,1,0.3222759962081909,background_false_positive,0.0,0.0,-1
102753302_K28793_F1B03-280_1_21.jpg,DRPS,15,0.26439231634140015,background_false_positive,0.0,0.0,-1
102754091_K28761_F1B03-278_1_21.jpg,BSBM,13,0.6185289025306702,background_false_positive,0.0,0.0,-1
102754091_K28761_F1B03-278_1_21.jpg,VHBNL,1,0.30518221855163574,background_false_positive,0.0,0.0,-1
102754091_K28761_F1B03-278_1_21.jpg,INSD,14,0.2868242561817169,background_false_positive,0.0,0.0,-1
102754091_K28761_F1B03-278_1_21.jpg,VHBNM,0,0.251247763633728,background_false_positive,0.0,0.0,-1
102755142_K28730_F1B03-276_1_21.jpg,VHBNM,0,0.2562910318374634,background_false_positive,0.0,0.0,5
102755142_K28730_F1B03-276_1_21.jpg,GWCNL,12,0.2551667094230652,background_false_positive,0.0,0.0,5
102756142_K28700_F1B03-274_1_21.jpg,BSBM,13,0.49827954173088074,background_false_positive,0.0,0.0,6
102756142_K28700_F1B03-274_1_21.jpg,DRPS,15,0.2589898109436035,background_false_positive,0.0,0.0,6
102757182_K28661_F1B03-272_1_21.jpg,BSBM,13,0.5212860107421875,background_false_positive,0.0,0.0,-1
102757182_K28661_F1B03-272_1_21.jpg,VHBNL,1,0.2886773645877838,background_false_positive,0.0,0.0,-1
102757182_K28661_F1B03-272_1_21.jpg,GWCNL,12,0.257887065410614,background_false_positive,0.0,0.0,-1
102758085_K28622_F1B03-270_1_21.jpg,BSBM,13,0.3342835605144501,background_false_positive,0.0,0.0,-1
102758085_K28622_F1B03-270_1_21.jpg,SVHBNL,3,0.2757115364074707,background_false_positive,0.0,0.0,-1
102758085_K28622_F1B03-270_1_21.jpg,VHBNL,1,0.2730817198753357,background_false_positive,0.0,0.0,-1
102759144_K28584_F1B03-268_1_21.jpg,BSBM,13,0.7892694473266602,background_false_positive,0.0,0.0,-1
102759144_K28584_F1B03-268_1_21.jpg,GWCNL,12,0.7155628204345703,background_false_positive,0.0,0.0,-1
102759144_K28584_F1B03-268_1_21.jpg,BSBM,13,0.5327966809272766,background_false_positive,0.0,0.0,-1
102759144_K28584_F1B03-268_1_21.jpg,VHBNL,1,0.36997970938682556,background_false_positive,0.0,0.0,-1
102759144_K28584_F1B03-268_1_21.jpg,GWCNM,11,0.2879248857498169,background_false_positive,0.0,0.0,-1
102759144_K28584_F1B03-268_1_21.jpg,VHBNL,1,0.28156644105911255,background_false_positive,0.0,0.0,-1
102800196_K28547_F1B03-266_1_21.jpg,INSD,14,0.36598795652389526,background_false_positive,0.0,0.0,-1
102800196_K28547_F1B03-266_1_21.jpg,VHBNL,1,0.3567996919155121,background_false_positive,0.0,0.0,-1
102800196_K28547_F1B03-266_1_21.jpg,VHBNL,1,0.26608380675315857,background_false_positive,0.0,0.0,-1
102800980_K28507_F1B03-264_1_21.jpg,BSBM,13,0.5660199522972107,background_false_positive,0.0,0.0,-1
102800980_K28507_F1B03-264_1_21.jpg,GWCNL,12,0.5002696514129639,background_false_positive,0.0,0.0,-1
102801865_K28470_F1B03-262_1_21.jpg,BSBM,13,0.6881504654884338,background_false_positive,0.0,0.0,5
102801865_K28470_F1B03-262_1_21.jpg,BSBM,13,0.6840307116508484,background_false_positive,0.0,0.0,5
102801865_K28470_F1B03-262_1_21.jpg,BSBM,13,0.6795943379402161,background_false_positive,0.0,0.0,5
102801865_K28470_F1B03-262_1_21.jpg,BSBM,13,0.6392486095428467,background_false_positive,0.0,0.0,5
102801865_K28470_F1B03-262_1_21.jpg,INSD,14,0.596075177192688,background_false_positive,0.0,0.0,5
102801865_K28470_F1B03-262_1_21.jpg,BSBM,13,0.5521939992904663,background_false_positive,0.0,0.0,5
102801865_K28470_F1B03-262_1_21.jpg,BSBM,13,0.5450419187545776,background_false_positive,0.0,0.0,5
102801865_K28470_F1B03-262_1_21.jpg,BSBM,13,0.4216681122779846,background_false_positive,0.0,0.0,5
102801865_K28470_F1B03-262_1_21.jpg,BSBM,13,0.40651336312294006,background_false_positive,0.0,0.0,5
102801865_K28470_F1B03-262_1_21.jpg,BSBM,13,0.39463329315185547,background_false_positive,0.0,0.0,5
102801865_K28470_F1B03-262_1_21.jpg,BSBM,13,0.34168577194213867,background_false_positive,0.0,0.0,5
102801865_K28470_F1B03-262_1_21.jpg,BSBM,13,0.31150662899017334,background_false_positive,0.0,0.0,5
102801865_K28470_F1B03-262_1_21.jpg,BSBM,13,0.26345205307006836,background_false_positive,0.0,0.0,5
102801865_K28470_F1B03-262_1_21.jpg,BSBM,13,0.25999367237091064,background_false_positive,0.0,0.0,5
102802784_K28437_F1B03-260_1_21.jpg,BSBM,13,0.8819227814674377,background_false_positive,0.0,0.0,6
102802784_K28437_F1B03-260_1_21.jpg,BSBM,13,0.729512631893158,background_false_positive,0.0,0.0,6
102802784_K28437_F1B03-260_1_21.jpg,BSBM,13,0.6919012665748596,background_false_positive,0.0,0.0,6
102802784_K28437_F1B03-260_1_21.jpg,BSBM,13,0.6245505213737488,background_false_positive,0.0,0.0,6
102802784_K28437_F1B03-260_1_21.jpg,BSBM,13,0.5768818855285645,background_false_positive,0.0,0.0,6
102802784_K28437_F1B03-260_1_21.jpg,BSBM,13,0.4953605532646179,background_false_positive,0.0,0.0,6
102802784_K28437_F1B03-260_1_21.jpg,BSBM,13,0.4809493124485016,background_false_positive,0.0,0.0,6
102802784_K28437_F1B03-260_1_21.jpg,BSBM,13,0.4575135111808777,background_false_positive,0.0,0.0,6
102802784_K28437_F1B03-260_1_21.jpg,SVHBNL,3,0.4486982822418213,background_false_positive,0.0,0.0,6
102802784_K28437_F1B03-260_1_21.jpg,BSBM,13,0.4315589368343353,background_false_positive,0.0,0.0,6
102802784_K28437_F1B03-260_1_21.jpg,INSD,14,0.3783237040042877,background_false_positive,0.0,0.0,6
102802784_K28437_F1B03-260_1_21.jpg,BSBM,13,0.36285972595214844,background_false_positive,0.0,0.0,6
102802784_K28437_F1B03-260_1_21.jpg,BSBM,13,0.3580574095249176,background_false_positive,0.0,0.0,6
102802784_K28437_F1B03-260_1_21.jpg,VHBNM,0,0.29136350750923157,background_false_positive,0.0,0.0,6
102802784_K28437_F1B03-260_1_21.jpg,GWCNL,12,0.28439760208129883,background_false_positive,0.0,0.0,6
102802784_K28437_F1B03-260_1_21.jpg,BSBM,13,0.2796202003955841,background_false_positive,0.0,0.0,6
102803876_K28365_F1B03-256_1_21.jpg,BSBM,13,0.48609232902526855,background_false_positive,0.0,0.0,-1
102804910_K28363_F1B03-254a_1_21.jpg,VHBNL,1,0.5948091745376587,background_false_positive,0.0,0.0,-1
102804910_K28363_F1B03-254a_1_21.jpg,VHBNM,0,0.2750774323940277,background_false_positive,0.0,0.0,-1
102805971_K28322_F1B03-252a_1_21.jpg,BSBM,13,0.42032721638679504,background_false_positive,0.0,0.0,6
102805971_K28322_F1B03-252a_1_21.jpg,VHBNM,0,0.2556224763393402,background_false_positive,0.0,0.0,6
102807001_K28284_F1B03-252_1_21.jpg,VHBNL,1,0.2860751748085022,background_false_positive,0.0,0.0,-1
102809128_K28204_F1B03-248_1_21.jpg,GWCNL,12,0.46229758858680725,background_false_positive,0.0,0.0,6
102809128_K28204_F1B03-248_1_21.jpg,GWCNL,12,0.3138028383255005,background_false_positive,0.0,0.0,6
102810197_K28164_F1B03-246_1_21.jpg,VHBNL,1,0.34035199880599976,background_false_positive,0.0,0.0,-1
102810197_K28164_F1B03-246_1_21.jpg,VHBNM,0,0.29516008496284485,background_false_positive,0.0,0.0,-1
102810197_K28164_F1B03-246_1_21.jpg,GWCNM,11,0.28640034794807434,background_false_positive,0.0,0.0,-1
102810197_K28164_F1B03-246_1_21.jpg,CBVPM,6,0.2551683485507965,background_false_positive,0.0,0.0,-1
102811234_K28124_F1B03-244_1_21.jpg,INSD,14,0.44435328245162964,background_false_positive,0.0,0.0,-1
102812309_K28084_F1B03-242_1_21.jpg,GWCNL,12,0.42387789487838745,background_false_positive,0.0,0.0,5
102814414_K28004_F1B03-238_1_21.jpg,VHBNL,1,0.564063549041748,background_false_positive,0.0,0.0,5
102814414_K28004_F1B03-238_1_21.jpg,GWCNL,12,0.4996609687805176,background_false_positive,0.0,0.0,5
102814414_K28004_F1B03-238_1_21.jpg,VHBNM,0,0.26409193873405457,background_false_positive,0.0,0.0,5
102815494_K27964_F1B03-236_1_21.jpg,VHBNL,1,0.48439985513687134,background_false_positive,0.0,0.0,-1
102815494_K27964_F1B03-236_1_21.jpg,GWCNL,12,0.4790414571762085,background_false_positive,0.0,0.0,-1
102815494_K27964_F1B03-236_1_21.jpg,VHBNL,1,0.2638944089412689,background_false_positive,0.0,0.0,-1
102816539_K27924_F1B03-234_1_21.jpg,BSBM,13,0.2537136375904083,background_false_positive,0.0,0.0,5
102817548_K27884_F1B03-232_1_21.jpg,BSBM,13,0.3306647539138794,background_false_positive,0.0,0.0,6
102817548_K27884_F1B03-232_1_21.jpg,SVHTNL,4,0.2847243547439575,background_false_positive,0.0,0.0,6
102818641_K27844_F1B03-230_1_21.jpg,VHBNM,0,0.32419881224632263,background_false_positive,0.0,0.0,5
102818641_K27844_F1B03-230_1_21.jpg,VHBNL,1,0.2924286127090454,background_false_positive,0.0,0.0,5
102819699_K27804_F1B03-228_1_21.jpg,VHBNM,0,0.5266584753990173,background_false_positive,0.0,0.0,5
102819699_K27804_F1B03-228_1_21.jpg,GWCNL,12,0.3158707320690155,background_false_positive,0.0,0.0,5
102820598_K27764_F1B03-226_1_21.jpg,SVHTNL,4,0.4722708463668823,background_false_positive,0.0,0.0,-1
102821555_K27727_F1B03-224_1_21.jpg,BSBM,13,0.2694472372531891,background_false_positive,0.0,0.0,-1
102822491_K27689_F1B03-222_1_21.jpg,SVHBNL,3,0.7802190184593201,background_false_positive,0.0,0.0,-1
102822491_K27689_F1B03-222_1_21.jpg,VHBNL,1,0.33380958437919617,background_false_positive,0.0,0.0,-1
102823443_K27654_F1B03-220_1_21.jpg,VHBNL,1,0.34141480922698975,background_false_positive,0.0,0.0,5
102824313_K27619_F1B03-218_1_21.jpg,BSBM,13,0.4240609407424927,background_false_positive,0.0,0.0,-1
102824313_K27619_F1B03-218_1_21.jpg,CBVPM,6,0.3377547562122345,background_false_positive,0.0,0.0,-1
102825249_K27584_F1B03-216_1_21.jpg,BSBM,13,0.3187825679779053,background_false_positive,0.0,0.0,-1
102826194_K27549_F1B03-214_1_21.jpg,GWCNL,12,0.3068437874317169,background_false_positive,0.0,0.0,-1
102826194_K27549_F1B03-214_1_21.jpg,VHBNL,1,0.2762191593647003,background_false_positive,0.0,0.0,-1
102827057_K27514_F1B03-212_1_21.jpg,VHBNL,1,0.3869638741016388,background_false_positive,0.0,0.0,-1
102827057_K27514_F1B03-212_1_21.jpg,VHBNL,1,0.2501240372657776,background_false_positive,0.0,0.0,-1
102828043_K27479_F1B03-210_1_21.jpg,VHBNL,1,0.5458971261978149,background_false_positive,0.0,0.0,5
102828043_K27479_F1B03-210_1_21.jpg,DRPS,15,0.33525583148002625,background_false_positive,0.0,0.0,5
102828909_K27446_F1B03-208_1_21.jpg,VHBNL,1,0.3061015009880066,background_false_positive,0.0,0.0,-1
102828909_K27446_F1B03-208_1_21.jpg,BSBM,13,0.27429595589637756,background_false_positive,0.0,0.0,-1
102829946_K27411_F1B03-206_1_21.jpg,BSBM,13,0.4485156536102295,background_false_positive,0.0,0.0,-1
102829946_K27411_F1B03-206_1_21.jpg,GWCNL,12,0.38922226428985596,background_false_positive,0.0,0.0,-1
102829946_K27411_F1B03-206_1_21.jpg,BSBM,13,0.34617987275123596,background_false_positive,0.0,0.0,-1
102829946_K27411_F1B03-206_1_21.jpg,VHBNL,1,0.2975550591945648,background_false_positive,0.0,0.0,-1
102830988_K27376_F1B03-204_1_21.jpg,GWCNL,12,0.7771620154380798,background_false_positive,0.0,0.0,-1
102830988_K27376_F1B03-204_1_21.jpg,GWCNL,12,0.5411279797554016,background_false_positive,0.0,0.0,-1
102830988_K27376_F1B03-204_1_21.jpg,CBVPM,6,0.34192362427711487,background_false_positive,0.0,0.0,-1
102830988_K27376_F1B03-204_1_21.jpg,CBVPM,6,0.32145896553993225,background_false_positive,0.0,0.0,-1
102830988_K27376_F1B03-204_1_21.jpg,BSBM,13,0.32003888487815857,background_false_positive,0.0,0.0,-1
102830988_K27376_F1B03-204_1_21.jpg,BSBM,13,0.28678807616233826,background_false_positive,0.0,0.0,-1
102833117_K27294_F1B03-198a_1_21.jpg,BSBM,13,0.5664389729499817,background_false_positive,0.0,0.0,5
102833117_K27294_F1B03-198a_1_21.jpg,VHBNL,1,0.4729606509208679,background_false_positive,0.0,0.0,5
102833117_K27294_F1B03-198a_1_21.jpg,BSBM,13,0.3131360411643982,background_false_positive,0.0,0.0,5
102833117_K27294_F1B03-198a_1_21.jpg,BSBM,13,0.2753463089466095,background_false_positive,0.0,0.0,5
102833117_K27294_F1B03-198a_1_21.jpg,GWCNL,12,0.26736709475517273,background_false_positive,0.0,0.0,5
102835229_K27212_F1B03-196_1_21.jpg,GWCNL,12,0.5109006762504578,background_false_positive,0.0,0.0,5
102836311_K27172_F1B03-194_1_21.jpg,VHBNL,1,0.2517026662826538,background_false_positive,0.0,0.0,-1
102837335_K27132_F1B03-192_1_21.jpg,GWCNL,12,0.4906248152256012,background_false_positive,0.0,0.0,-1
102837335_K27132_F1B03-192_1_21.jpg,VHBNL,1,0.38635683059692383,background_false_positive,0.0,0.0,-1
102837335_K27132_F1B03-192_1_21.jpg,VHBNM,0,0.35174086689949036,background_false_positive,0.0,0.0,-1
102837335_K27132_F1B03-192_1_21.jpg,BSBM,13,0.2844211757183075,background_false_positive,0.0,0.0,-1
102838379_K27092_F1B03-190_1_21.jpg,INSD,14,0.31986066699028015,background_false_positive,0.0,0.0,6
102839447_K27052_F1B03-188_1_21.jpg,BSBM,13,0.699714720249176,background_false_positive,0.0,0.0,-1
102839447_K27052_F1B03-188_1_21.jpg,VHBNM,0,0.371086984872818,background_false_positive,0.0,0.0,-1
102839447_K27052_F1B03-188_1_21.jpg,VHBNL,1,0.29027482867240906,background_false_positive,0.0,0.0,-1
102840363_K27012_F1B03-186_1_21.jpg,SVHBNL,3,0.33612629771232605,background_false_positive,0.0,0.0,-1
102840363_K27012_F1B03-186_1_21.jpg,GWCNL,12,0.3144392669200897,background_false_positive,0.0,0.0,-1
102840363_K27012_F1B03-186_1_21.jpg,VHBNM,0,0.2538512349128723,background_false_positive,0.0,0.0,-1
102841280_K26974_F1B03-184_1_21.jpg,CBVPM,6,0.7247397899627686,background_false_positive,0.0,0.0,-1
102842219_K26937_F1B03-182_1_21.jpg,BSBM,13,0.5012364387512207,background_false_positive,0.0,0.0,5
102842219_K26937_F1B03-182_1_21.jpg,BSBM,13,0.3251075744628906,background_false_positive,0.0,0.0,5
102842219_K26937_F1B03-182_1_21.jpg,VHBNL,1,0.32368260622024536,background_false_positive,0.0,0.0,5
102842219_K26937_F1B03-182_1_21.jpg,BSBM,13,0.3228876292705536,background_false_positive,0.0,0.0,5
102842219_K26937_F1B03-182_1_21.jpg,BSBM,13,0.3044889569282532,background_false_positive,0.0,0.0,5
102843123_K26902_F1B03-180_1_21.jpg,BSBM,13,0.6238243579864502,background_false_positive,0.0,0.0,5
102843123_K26902_F1B03-180_1_21.jpg,GWCNM,11,0.5559207201004028,background_false_positive,0.0,0.0,5
102843123_K26902_F1B03-180_1_21.jpg,BSBM,13,0.35347986221313477,background_false_positive,0.0,0.0,5
102843123_K26902_F1B03-180_1_21.jpg,BSBM,13,0.26239630579948425,background_false_positive,0.0,0.0,5
102843123_K26902_F1B03-180_1_21.jpg,BSBM,13,0.2515406906604767,background_false_positive,0.0,0.0,5
102844051_K26867_F1B03-178_1_21.jpg,VHBNM,0,0.33047130703926086,background_false_positive,0.0,0.0,-1
102845934_K26797_F1B03-174_1_21.jpg,BSBM,13,0.2698182463645935,background_false_positive,0.0,0.0,6
102846895_K26762_F1B03-172_1_21.jpg,GWCNL,12,0.48616617918014526,background_false_positive,0.0,0.0,5
102846895_K26762_F1B03-172_1_21.jpg,VHBNL,1,0.3823283314704895,background_false_positive,0.0,0.0,5
102846895_K26762_F1B03-172_1_21.jpg,GWCNL,12,0.26205974817276,background_false_positive,0.0,0.0,5
102847884_K26727_F1B03-170_1_21.jpg,GWCNL,12,0.8207793831825256,background_false_positive,0.0,0.0,-1
102847884_K26727_F1B03-170_1_21.jpg,GWCNL,12,0.2914939820766449,background_false_positive,0.0,0.0,-1
102848903_K26692_F1B03-168_1_21.jpg,GWCNL,12,0.8185354471206665,background_false_positive,0.0,0.0,-1
102849936_K26657_F1B03-166_1_21.jpg,BSBM,13,0.5395594835281372,background_false_positive,0.0,0.0,5
102849936_K26657_F1B03-166_1_21.jpg,BSBM,13,0.437042236328125,background_false_positive,0.0,0.0,5
102849936_K26657_F1B03-166_1_21.jpg,GWCNL,12,0.4143458902835846,background_false_positive,0.0,0.0,5
102849936_K26657_F1B03-166_1_21.jpg,SVHTNL,4,0.3333139419555664,background_false_positive,0.0,0.0,5
102849936_K26657_F1B03-166_1_21.jpg,BSBM,13,0.2712171971797943,background_false_positive,0.0,0.0,5
102849936_K26657_F1B03-166_1_21.jpg,GWCNL,12,0.26144132018089294,background_false_positive,0.0,0.0,5
102851013_K26622_F1B03-164_1_21.jpg,GWCNL,12,0.8391815423965454,background_false_positive,0.0,0.0,-1
102851013_K26622_F1B03-164_1_21.jpg,SVHTNL,4,0.40151041746139526,background_false_positive,0.0,0.0,-1
102851013_K26622_F1B03-164_1_21.jpg,GWCNL,12,0.3994963467121124,background_false_positive,0.0,0.0,-1
102852116_K26587_F1B03-162_1_21.jpg,GWCNL,12,0.48247531056404114,background_false_positive,0.0,0.0,-1
102852116_K26587_F1B03-162_1_21.jpg,GWCNL,12,0.3510615825653076,background_false_positive,0.0,0.0,-1
102852116_K26587_F1B03-162_1_21.jpg,VHBNL,1,0.33751991391181946,background_false_positive,0.0,0.0,-1
102852116_K26587_F1B03-162_1_21.jpg,VHBNM,0,0.3143767714500427,background_false_positive,0.0,0.0,-1
102852116_K26587_F1B03-162_1_21.jpg,BSBM,13,0.3103899359703064,background_false_positive,0.0,0.0,-1
102853255_K26552_F1B03-160_1_21.jpg,VHBNL,1,0.3062674105167389,background_false_positive,0.0,0.0,6
102853255_K26552_F1B03-160_1_21.jpg,VHBNL,1,0.2721227705478668,background_false_positive,0.0,0.0,6
102854450_K26517_F1B03-158_1_21.jpg,INSD,14,0.38619109988212585,background_false_positive,0.0,0.0,-1
102855686_K26482_F1B03-156_1_21.jpg,VHBNL,1,0.4116184711456299,wrong_class,0.5126087331057079,0.0,6
102855686_K26482_F1B03-156_1_21.jpg,BSBM,13,0.40958744287490845,background_false_positive,0.0,0.0,6
102855686_K26482_F1B03-156_1_21.jpg,BSBM,13,0.28773126006126404,background_false_positive,0.0,0.0,6
102855686_K26482_F1B03-156_1_21.jpg,VHBNM,0,0.26316773891448975,background_false_positive,0.0,0.0,6
102856918_K26447_F1B03-154_1_21.jpg,GWCNL,12,0.9098907709121704,background_false_positive,0.0,0.0,-1
102856918_K26447_F1B03-154_1_21.jpg,BSBM,13,0.584341824054718,background_false_positive,0.0,0.0,-1
102856918_K26447_F1B03-154_1_21.jpg,BSBM,13,0.46522894501686096,background_false_positive,0.0,0.0,-1
102856918_K26447_F1B03-154_1_21.jpg,BSBM,13,0.40519243478775024,background_false_positive,0.0,0.0,-1
102856918_K26447_F1B03-154_1_21.jpg,GWCNL,12,0.3449932038784027,background_false_positive,0.0,0.0,-1
102858416_K26412_F1B03-152_1_21.jpg,GWCNL,12,0.5259851813316345,background_false_positive,0.0,0.0,-1
102858416_K26412_F1B03-152_1_21.jpg,VHBNM,0,0.33414924144744873,background_false_positive,0.0,0.0,-1
102858416_K26412_F1B03-152_1_21.jpg,INSD,14,0.2926233410835266,background_false_positive,0.0,0.0,-1
102859874_K26378_F1B03-150_1_21.jpg,VHBNL,1,0.3371967077255249,background_false_positive,0.0,0.0,5
102901451_K26341_F1B03-148_1_21.jpg,INSD,14,0.2622701823711395,background_false_positive,0.0,0.0,6
102901451_K26341_F1B03-148_1_21.jpg,GWCNM,11,0.2609032988548279,background_false_positive,0.0,0.0,6
103439580_K17836_F1B02-1032_1_21.jpg,VHBNL,1,0.712759256362915,background_false_positive,0.0,0.0,-1
103439580_K17836_F1B02-1032_1_21.jpg,BSBM,13,0.34360647201538086,background_false_positive,0.0,0.0,-1
103439580_K17836_F1B02-1032_1_21.jpg,SVHBNL,3,0.2512178122997284,background_false_positive,0.0,0.0,-1
103443082_K17756_F1B02-1028_1_21.jpg,BSBM,13,0.5234445929527283,background_false_positive,0.0,0.0,-1
103443082_K17756_F1B02-1028_1_21.jpg,BSBM,13,0.4456261694431305,background_false_positive,0.0,0.0,-1
103523538_K16880_F1B02-984_1_21.jpg,GWCNL,12,0.48792070150375366,background_false_positive,0.0,0.0,-1
103523538_K16880_F1B02-984_1_21.jpg,GWCNL,12,0.44389960169792175,background_false_positive,0.0,0.0,-1
103523538_K16880_F1B02-984_1_21.jpg,CBVPM,6,0.3870908319950104,background_false_positive,0.0,0.0,-1
103523538_K16880_F1B02-984_1_21.jpg,GWCNL,12,0.30780941247940063,background_false_positive,0.0,0.0,-1
103648072_K16476_F1B02-960_1_21.jpg,BSBM,13,0.7228822708129883,background_false_positive,0.0,0.0,5
103648072_K16476_F1B02-960_1_21.jpg,INSD,14,0.6202207207679749,background_false_positive,0.0,0.0,5
103648072_K16476_F1B02-960_1_21.jpg,BSBM,13,0.5089387893676758,background_false_positive,0.0,0.0,5
103648072_K16476_F1B02-960_1_21.jpg,SVHTNL,4,0.28655725717544556,background_false_positive,0.0,0.0,5
103648072_K16476_F1B02-960_1_21.jpg,BSBM,13,0.2736153304576874,background_false_positive,0.0,0.0,5
103648072_K16476_F1B02-960_1_21.jpg,INSD,14,0.2589021325111389,background_false_positive,0.0,0.0,5
103650474_K16446_F1B02-958_1_21.jpg,INSD,14,0.4565471410751343,background_false_positive,0.0,0.0,-1
103650474_K16446_F1B02-958_1_21.jpg,SVHTNL,4,0.3041054606437683,background_false_positive,0.0,0.0,-1
103650474_K16446_F1B02-958_1_21.jpg,VHBNL,1,0.2879050374031067,background_false_positive,0.0,0.0,-1
103650474_K16446_F1B02-958_1_21.jpg,VHBNL,1,0.27367639541625977,background_false_positive,0.0,0.0,-1
103650474_K16446_F1B02-958_1_21.jpg,GWCNL,12,0.2571505010128021,background_false_positive,0.0,0.0,-1
103821361_K14184_F1B02-680_1_21.jpg,BSBM,13,0.838916003704071,background_false_positive,0.0,0.0,14
103821361_K14184_F1B02-680_1_21.jpg,BSBM,13,0.795885443687439,background_false_positive,0.0,0.0,14
103821361_K14184_F1B02-680_1_22.jpg,GWCNL,12,0.32115429639816284,background_false_positive,0.0,0.0,14
103821361_K14184_F1B02-680_1_22.jpg,BSBM,13,0.26589536666870117,background_false_positive,0.0,0.0,14
103822836_K14128_F1B02-656_1_21.jpg,GWCNL,12,0.7654550671577454,background_false_positive,0.0,0.0,8
103822836_K14128_F1B02-656_1_21.jpg,BSBM,13,0.5722073912620544,background_false_positive,0.0,0.0,8
103822836_K14128_F1B02-656_1_21.jpg,BSBM,13,0.48914340138435364,background_false_positive,0.0,0.0,8
103822836_K14128_F1B02-656_1_21.jpg,CBVPM,6,0.3479013741016388,background_false_positive,0.0,0.0,8
103822836_K14128_F1B02-656_1_21.jpg,BSBM,13,0.34652239084243774,background_false_positive,0.0,0.0,8
103822836_K14128_F1B02-656_1_21.jpg,BSBM,13,0.340256929397583,background_false_positive,0.0,0.0,8
103827474_K13957_F1B02-600_1_21.jpg,BSBM,13,0.8133679628372192,background_false_positive,0.0,0.0,14
103827474_K13957_F1B02-600_1_21.jpg,GWCNL,12,0.5161296129226685,background_false_positive,0.0,0.0,14
103827474_K13957_F1B02-600_1_21.jpg,GWCNL,12,0.257364958524704,background_false_positive,0.030968729770565504,0.0,14
103829021_K13901_F1B02-574_1_21.jpg,GWCNL,12,0.49363934993743896,background_false_positive,0.0,0.0,14
103829021_K13901_F1B02-574_1_22.jpg,INSD,14,0.32288095355033875,background_false_positive,0.0,0.0,8
103844529_K13405_F1B02-438_1_21.jpg,BSBM,13,0.7704517841339111,background_false_positive,0.0,0.0,14
103949128_K11301_F1B01-2516_1_21.jpg,BSBM,13,0.590461015701294,background_false_positive,0.0,0.0,14
103949128_K11301_F1B01-2516_1_21.jpg,BSBM,13,0.28539013862609863,background_false_positive,0.0,0.0,14
104631001_K6437_F1B01-1126_1_21.jpg,BSBM,13,0.7678702473640442,background_false_positive,0.0,0.0,-1
104631001_K6437_F1B01-1126_1_21.jpg,GWCNL,12,0.25735020637512207,background_false_positive,0.0,0.0,-1
104631173_K6436_F1B01-1124_1_21.jpg,GWCNL,12,0.7539747357368469,background_false_positive,0.0,0.0,14
104631173_K6436_F1B01-1124_1_21.jpg,SVHBNL,3,0.28402239084243774,background_false_positive,0.0,0.0,14
104631173_K6436_F1B01-1124_1_21.jpg,GWCNL,12,0.2570122480392456,background_false_positive,0.0,0.0,14
104634876_K6387_F1B01-1104_1_21.jpg,BSBM,13,0.6491056680679321,background_false_positive,0.0,0.0,14
104634876_K6387_F1B01-1104_1_22.jpg,BSBM,13,0.29144296050071716,background_false_positive,0.0013665043672845072,0.0,7
104841326_K5158_F1B01-760_1_21.jpg,BSBM,13,0.899838924407959,background_false_positive,0.0,0.0,14
104841326_K5158_F1B01-760_1_21.jpg,CBVPM,6,0.6865900754928589,background_false_positive,0.0,0.0,14
104841326_K5158_F1B01-760_1_21.jpg,BSBM,13,0.45128682255744934,background_false_positive,0.0,0.0,14
104841326_K5158_F1B01-760_1_21.jpg,GWCNL,12,0.27025800943374634,background_false_positive,0.0,0.0,14
104845077_K5103_F1B01-734_1_22.jpg,BSBM,13,0.38472476601600647,background_false_positive,0.0,0.0,7
104845077_K5103_F1B01-734_1_22.jpg,BSBM,13,0.3845857083797455,background_false_positive,0.0,0.0,7
104845078_K5103_F1B01-734_1_21.jpg,BSBM,13,0.4312480092048645,background_false_positive,0.0,0.0,14
104845078_K5103_F1B01-734_1_21.jpg,INSD,14,0.29548534750938416,background_false_positive,0.0,0.0,14
104845078_K5103_F1B01-734_1_21.jpg,BSBM,13,0.259754478931427,background_false_positive,0.0,0.0,14
104845198_K5099_F1B01-730_1_22.jpg,SVHBNL,3,0.41951417922973633,near_gt_wrong_class_or_location,0.10535770023229224,0.0,7
104845199_K5099_F1B01-730_1_21.jpg,BSBM,13,0.755757749080658,background_false_positive,0.0,0.0,14
104845199_K5099_F1B01-730_1_21.jpg,BSBM,13,0.5803132653236389,background_false_positive,0.0,0.0,14
104908908_K4468_F1B01-550_1_21.jpg,BSBM,13,0.930627167224884,background_false_positive,0.0,0.0,14
104908908_K4468_F1B01-550_1_21.jpg,BSBM,13,0.46845316886901855,background_false_positive,0.0,0.0,14
104908908_K4468_F1B01-550_1_21.jpg,BSBM,13,0.40426141023635864,background_false_positive,0.0870527451173266,0.0,7
105005596_K2981_F1B01-144_1_21.jpg,BSBM,13,0.4836384356021881,background_false_positive,0.007776606342907325,0.0,14
105005826_K2977_F1B01-140_1_21.jpg,BSBM,13,0.6429267525672913,background_false_positive,0.0,0.0,14
105005826_K2977_F1B01-140_1_21.jpg,GWCNL,12,0.31173309683799744,background_false_positive,0.0,0.0,14
105023738_K2829_F1B01-096_1_21.jpg,GWCNL,12,0.4118348956108093,background_false_positive,0.0,0.0,14
105023738_K2829_F1B01-096_1_21.jpg,SVHTNL,4,0.29498013854026794,background_false_positive,0.0,0.0,14
105023852_K2822_F1B01-094_1_21.jpg,GWCNL,12,0.30013105273246765,background_false_positive,0.0,0.0,14
105023968_K2814_F1B01-092_1_21.jpg,SVHBNL,3,0.7991654276847839,near_gt_wrong_class_or_location,0.1852590921755268,0.0,7
105023968_K2814_F1B01-092_1_21.jpg,VHBNL,1,0.480674147605896,background_false_positive,0.0,0.0,14
105027907_K2773_F1B01-082_1_21.jpg,BSBM,13,0.6358557343482971,background_false_positive,0.0,0.0,7
105406681_K2586_F1A01-079_1_22.jpg,GWCNL,12,0.26614320278167725,near_gt_wrong_class_or_location,0.29846889816988725,0.0,8
105416796_K2783_F1A01-135_1_21.jpg,VHBNL,1,0.2601710557937622,background_false_positive,0.08304766801730565,0.0,7
105441946_K3273_F1A01-265_1_22.jpg,CBVPM,6,0.2598639726638794,background_false_positive,0.0,0.0,14
105441947_K3273_F1A01-265_1_21.jpg,BSBM,13,0.4639633595943451,background_false_positive,0.0,0.0,14
105441947_K3273_F1A01-265_1_21.jpg,GWCNM,11,0.26364290714263916,background_false_positive,0.0,0.0,14
105442103_K3279_F1A01-271_1_21.jpg,BSBM,13,0.7450718879699707,background_false_positive,0.0,0.0,7
105442103_K3279_F1A01-271_1_21.jpg,BSBM,13,0.4661283493041992,background_false_positive,0.0,0.0,7
105503569_K3775_F1A01-407_1_22.jpg,BSBM,13,0.34879177808761597,background_false_positive,0.0,0.0,14
105503569_K3775_F1A01-407_1_22.jpg,BSBM,13,0.3113691806793213,background_false_positive,0.0,0.0,14
105503569_K3775_F1A01-407_1_22.jpg,INSD,14,0.29082152247428894,background_false_positive,0.0,0.0,14
105521853_K4272_F1A01-543_1_21.jpg,BSBM,13,0.3499336540699005,background_false_positive,0.0,0.0,14
105521853_K4272_F1A01-543_1_21.jpg,BSBM,13,0.28775686025619507,background_false_positive,0.0,0.0,14
105540270_K4761_F1A01-677_1_22.jpg,BSBM,13,0.6065070629119873,background_false_positive,0.0,0.0,14
105540270_K4761_F1A01-677_1_22.jpg,VHBNL,1,0.42515838146209717,background_false_positive,0.0,0.0,14
105540270_K4761_F1A01-677_1_22.jpg,GWCNL,12,0.34557443857192993,background_false_positive,0.0,0.0,14
105548661_K4929_F1A01-729_1_22.jpg,INSD,14,0.28470444679260254,background_false_positive,0.0,0.0,14
105548662_K4929_F1A01-729_1_21.jpg,BSBM,13,0.535753607749939,background_false_positive,0.0,0.0,14
105548772_K4932_F1A01-731_1_22.jpg,BSBM,13,0.9135929942131042,background_false_positive,0.0,0.0,14
105548772_K4932_F1A01-731_1_22.jpg,BSBM,13,0.3575066030025482,background_false_positive,0.0,0.0,14
105548772_K4932_F1A01-731_1_22.jpg,BSBM,13,0.348190039396286,background_false_positive,0.0,0.0,14
105548772_K4932_F1A01-731_1_22.jpg,BSBM,13,0.3351256549358368,background_false_positive,0.0,0.0,14
105548773_K4932_F1A01-731_1_21.jpg,BSBM,13,0.40755560994148254,background_false_positive,0.0,0.0,14
105548773_K4932_F1A01-731_1_21.jpg,GWCNL,12,0.2679230868816376,background_false_positive,0.0,0.0,14
105548773_K4932_F1A01-731_1_21.jpg,BSBM,13,0.2629852592945099,background_false_positive,0.0,0.0,14
105552312_K4984_F1A01-755_1_22.jpg,VHBNL,1,0.25952935218811035,background_false_positive,0.0,0.0,14
105552312_K4984_F1A01-755_1_22.jpg,CBVPM,6,0.2527902126312256,background_false_positive,0.0,0.0,14
105742989_K5485_F1A01-897_1_22.jpg,BSBM,13,0.2890331447124481,background_false_positive,0.0,0.0,14
105802530_K5980_F1A01-1033_1_21.jpg,VHBNL,1,0.29274782538414,background_false_positive,0.0,0.0,14
105813693_K6211_F1A01-1097_1_21.jpg,BSBM,13,0.5559974908828735,background_false_positive,0.0,0.0,14
105813818_K6214_F1A01-1099_1_22.jpg,SVHBNL,3,0.4933169484138489,background_false_positive,0.0,0.0,8
105813818_K6214_F1A01-1099_1_22.jpg,BSBM,13,0.3061624765396118,background_false_positive,0.0,0.0,8
105813820_K6214_F1A01-1099_1_21.jpg,BSBM,13,0.7147455215454102,background_false_positive,0.0,0.0,14
11.jpg,VHBNM,0,0.439675897359848,background_false_positive,0.04328413804878805,0.0,14
11.jpg,BSBM,13,0.33670666813850403,background_false_positive,0.0,0.0,14
12.jpg,GWCNL,12,0.5062655210494995,background_false_positive,0.0,0.0,15
12.jpg,GWCNM,11,0.4114133417606354,background_false_positive,0.0,0.0,15
12.jpg,GWCNL,12,0.3484724164009094,background_false_positive,0.0,0.0,15
13.jpg,VHBNL,1,0.4158328175544739,background_false_positive,0.0,0.0,15
13.jpg,VHBNL,1,0.3349432647228241,background_false_positive,0.0,0.0,15
13.jpg,DRPS,15,0.26922333240509033,background_false_positive,0.0,0.0,15
14.jpg,SVHBNL,3,0.3465844690799713,background_false_positive,0.0,0.0,15
14.jpg,BSBM,13,0.3398120403289795,background_false_positive,0.0,0.0,15
15.jpg,BSBM,13,0.5672658085823059,background_false_positive,0.0,0.0,15
15.jpg,BSBM,13,0.4970569908618927,background_false_positive,0.0,0.0,15
15.jpg,GWCNL,12,0.4727564752101898,background_false_positive,0.0,0.0,15
15.jpg,VHBNL,1,0.46358415484428406,background_false_positive,0.0,0.0,15
15.jpg,GWCNL,12,0.3879378139972687,background_false_positive,0.0,0.0,15
15.jpg,BSBM,13,0.33406394720077515,background_false_positive,0.0,0.0,15
15.jpg,GWCNL,12,0.31255510449409485,background_false_positive,0.0,0.0,15
15.jpg,SVHBNL,3,0.2900247573852539,background_false_positive,0.006417396171698557,0.0,14
15.jpg,BSBM,13,0.27204418182373047,background_false_positive,0.0,0.0,15
16.jpg,BSBM,13,0.5938158631324768,background_false_positive,0.0,0.0,15
16.jpg,VHBNL,1,0.5558600425720215,background_false_positive,0.0,0.0,15
16.jpg,SVHBNL,3,0.3892018795013428,background_false_positive,0.0,0.0,15
16.jpg,BSBM,13,0.3153645098209381,background_false_positive,0.0,0.0,15
16.jpg,BSBM,13,0.3149825632572174,background_false_positive,0.0,0.0,15
16.jpg,INSD,14,0.31027257442474365,background_false_positive,0.0,0.0,15
16.jpg,BSBM,13,0.29785293340682983,background_false_positive,0.0,0.0,15
16.jpg,BSBM,13,0.27664148807525635,background_false_positive,0.0,0.0,15
17.jpg,BSBM,13,0.5913976430892944,background_false_positive,0.0,0.0,15
17.jpg,BSBM,13,0.5333120226860046,background_false_positive,0.0,0.0,15
17.jpg,BSBM,13,0.41217541694641113,background_false_positive,0.0,0.0,15
17.jpg,BSBM,13,0.3692386746406555,background_false_positive,0.0,0.0,15
17.jpg,BSBM,13,0.3209196925163269,background_false_positive,0.0,0.0,15
17.jpg,GWCNL,12,0.294729620218277,background_false_positive,0.0,0.0,15
17.jpg,BSBM,13,0.27761775255203247,background_false_positive,0.0,0.0,15
17.jpg,BSBM,13,0.2736413776874542,background_false_positive,0.0,0.0,15
17.jpg,VHBNL,1,0.26495951414108276,background_false_positive,0.0,0.0,15
17.jpg,BSBM,13,0.2597314715385437,background_false_positive,0.0,0.0,15
18.jpg,BSBM,13,0.7670412063598633,background_false_positive,0.0,0.0,15
18.jpg,GWCNM,11,0.5538166165351868,background_false_positive,0.0,0.0,15
19.jpg,BSBM,13,0.5962029099464417,background_false_positive,0.0,0.0,15
19.jpg,GWCNL,12,0.5204058885574341,background_false_positive,0.0,0.0,15
19.jpg,BSBM,13,0.4041498303413391,background_false_positive,0.0,0.0,15
19.jpg,VHBNL,1,0.3806408941745758,background_false_positive,0.0,0.0,15
190541484_K47307_F1B04-680_1_21.jpg,BSBM,13,0.8934881091117859,background_false_positive,0.0,0.0,-1
190542729_K47267_F1B04-678_1_21.jpg,SVHTNL,4,0.31360799074172974,background_false_positive,0.0,0.0,-1
190542729_K47267_F1B04-678_1_21.jpg,BSBM,13,0.25235050916671753,background_false_positive,0.0,0.0,-1
190543923_K47227_F1B04-676_1_21.jpg,SVHTNL,4,0.47646453976631165,background_false_positive,0.0,0.0,-1
190543923_K47227_F1B04-676_1_21.jpg,SVHTNL,4,0.2832023799419403,background_false_positive,0.0,0.0,-1
190543923_K47227_F1B04-676_1_21.jpg,BSBM,13,0.26998579502105713,background_false_positive,0.0,0.0,-1
190545225_K47188_F1B04-674_1_21.jpg,INSD,14,0.497427761554718,background_false_positive,0.0,0.0,-1
190545225_K47188_F1B04-674_1_21.jpg,BSBM,13,0.2767013907432556,background_false_positive,0.0,0.0,-1
190545225_K47188_F1B04-674_1_21.jpg,BSBM,13,0.2737741768360138,background_false_positive,0.0,0.0,-1
190546438_K47146_F1B04-672_1_21.jpg,BSBM,13,0.3857826888561249,background_false_positive,0.0,0.0,-1
190546438_K47146_F1B04-672_1_21.jpg,INSD,14,0.3605433702468872,background_false_positive,0.0,0.0,-1
190547660_K47106_F1B04-670_1_21.jpg,INSD,14,0.37706252932548523,background_false_positive,0.0,0.0,-1
190548880_K47066_F1B04-668_1_21.jpg,BSBM,13,0.3373585045337677,background_false_positive,0.0,0.0,6
190550154_K47027_F1B04-666_1_21.jpg,GWCNL,12,0.32497304677963257,background_false_positive,0.0,0.0,-1
190550154_K47027_F1B04-666_1_21.jpg,BSBM,13,0.3127419352531433,background_false_positive,0.0,0.0,-1
190550154_K47027_F1B04-666_1_21.jpg,BSBM,13,0.29439106583595276,background_false_positive,0.0,0.0,-1
190550154_K47027_F1B04-666_1_21.jpg,VHBNL,1,0.2670266628265381,background_false_positive,0.0,0.0,-1
190551382_K46987_F1B04-664_1_21.jpg,SVHTNL,4,0.37972986698150635,background_false_positive,0.0,0.0,-1
190610264_K46389_F1B04-630_1_21.jpg,VHBNM,0,0.5482842922210693,background_false_positive,0.0,0.0,-1
190610264_K46389_F1B04-630_1_21.jpg,GWCNL,12,0.3529244065284729,background_false_positive,0.0,0.0,-1
190611514_K46350_F1B04-628_1_21.jpg,GWCNM,11,0.6509701013565063,background_false_positive,0.0,0.0,6
190611514_K46350_F1B04-628_1_21.jpg,INSD,14,0.6256188154220581,background_false_positive,0.0,0.0,6
190611514_K46350_F1B04-628_1_21.jpg,BSBM,13,0.38185036182403564,background_false_positive,0.0,0.0,6
190611514_K46350_F1B04-628_1_21.jpg,SVHTNL,4,0.3656039834022522,background_false_positive,0.0,0.0,6
190612852_K46311_F1B04-626_1_21.jpg,SVHBNL,3,0.3069135546684265,background_false_positive,0.0,0.0,6
190612852_K46311_F1B04-626_1_21.jpg,SVHBNL,3,0.268565833568573,background_false_positive,0.0,0.0,6
190614062_K46268_F1B04-624_1_21.jpg,SVHTNL,4,0.2822329103946686,background_false_positive,0.0,0.0,6
190615278_K46229_F1B04-622_1_21.jpg,GWCNL,12,0.6048951745033264,background_false_positive,0.0,0.0,6
190615278_K46229_F1B04-622_1_21.jpg,SVHBNL,3,0.43650686740875244,background_false_positive,0.0,0.0,6
190616500_K46190_F1B04-620_1_21.jpg,GWCNL,12,0.27203673124313354,background_false_positive,0.0,0.0,6
190617695_K46149_F1B04-618_1_21.jpg,BSBM,13,0.43389081954956055,background_false_positive,0.0,0.0,6
190618902_K46109_F1B04-616_1_21.jpg,VHBNL,1,0.42688754200935364,background_false_positive,0.0,0.0,6
190618902_K46109_F1B04-616_1_21.jpg,GWCNL,12,0.37308764457702637,background_false_positive,0.0,0.0,6
190621366_K46030_F1B04-612_1_21.jpg,VHBNL,1,0.33138951659202576,background_false_positive,0.0,0.0,6
190621366_K46030_F1B04-612_1_21.jpg,CBVPM,6,0.3307949900627136,background_false_positive,0.0,0.0,6
190621366_K46030_F1B04-612_1_21.jpg,VHBNL,1,0.2595049738883972,background_false_positive,0.0,0.0,6
190621366_K46030_F1B04-612_1_21.jpg,SVHTNL,4,0.25089576840400696,background_false_positive,0.0,0.0,6
190622656_K45990_F1B04-610_1_21.jpg,VHBNL,1,0.5311250686645508,background_false_positive,0.0,0.0,6
190622656_K45990_F1B04-610_1_21.jpg,GWCNM,11,0.3467642068862915,background_false_positive,0.0,0.0,6
190622656_K45990_F1B04-610_1_21.jpg,VHBNL,1,0.3126896619796753,background_false_positive,0.0,0.0,6
190622656_K45990_F1B04-610_1_21.jpg,VHBNL,1,0.26917117834091187,background_false_positive,0.0,0.0,6
190625283_K45910_F1B04-606_1_21.jpg,VHBNL,1,0.25404423475265503,background_false_positive,0.0,0.0,-1
190626626_K45871_F1B04-604_1_21.jpg,GWCNL,12,0.42653316259384155,background_false_positive,0.0,0.0,-1
190626626_K45871_F1B04-604_1_21.jpg,GWCNL,12,0.3846281170845032,background_false_positive,0.0,0.0,-1
190626626_K45871_F1B04-604_1_21.jpg,GWCNL,12,0.2992783784866333,background_false_positive,0.0,0.0,-1
190627978_K45831_F1B04-602_1_21.jpg,VHBNL,1,0.4167982339859009,background_false_positive,0.0,0.0,-1
190627978_K45831_F1B04-602_1_21.jpg,GWCNL,12,0.26083803176879883,background_false_positive,0.0,0.0,-1
190629341_K45791_F1B04-600_1_21.jpg,VHBNM,0,0.3320492208003998,background_false_positive,0.0,0.0,-1
190629341_K45791_F1B04-600_1_21.jpg,GWCNL,12,0.2842101454734802,background_false_positive,0.0,0.0,-1
190629341_K45791_F1B04-600_1_21.jpg,VHBNL,1,0.2551659941673279,background_false_positive,0.0,0.0,-1
190630719_K45752_F1B04-598_1_21.jpg,VHBNL,1,0.5491039752960205,background_false_positive,0.0,0.0,-1
190630719_K45752_F1B04-598_1_21.jpg,VHBNL,1,0.2853229343891144,background_false_positive,0.0,0.0,-1
190632154_K45712_F1B04-596_1_21.jpg,VHBNL,1,0.34104734659194946,background_false_positive,0.0,0.0,6
190632154_K45712_F1B04-596_1_21.jpg,VHBNM,0,0.3291012942790985,background_false_positive,0.0,0.0,6
190632154_K45712_F1B04-596_1_21.jpg,VHBNL,1,0.301207959651947,background_false_positive,0.0,0.0,6
190632154_K45712_F1B04-596_1_21.jpg,INSD,14,0.2952263355255127,background_false_positive,0.0,0.0,6
190632154_K45712_F1B04-596_1_21.jpg,VHBNL,1,0.2786019444465637,background_false_positive,0.0,0.0,6
190633518_K45671_F1B04-594_1_21.jpg,BSBM,13,0.5353821516036987,background_false_positive,0.0,0.0,-1
190633518_K45671_F1B04-594_1_21.jpg,INSD,14,0.2994872033596039,background_false_positive,0.0,0.0,-1
190634993_K45633_F1B04-592_1_21.jpg,BSBM,13,0.4034472703933716,background_false_positive,0.0,0.0,-1
190634993_K45633_F1B04-592_1_21.jpg,GWCNL,12,0.281421422958374,background_false_positive,0.0,0.0,-1
190636433_K45591_F1B04-590_1_21.jpg,BSBM,13,0.691213846206665,background_false_positive,0.0,0.0,6
190637949_K45552_F1B04-588_1_21.jpg,GWCNL,12,0.737112820148468,background_false_positive,0.0,0.0,6
190637949_K45552_F1B04-588_1_21.jpg,SVHTNL,4,0.5089147090911865,background_false_positive,0.0,0.0,6
190637949_K45552_F1B04-588_1_21.jpg,BSBM,13,0.4012819528579712,background_false_positive,0.0,0.0,6
190637949_K45552_F1B04-588_1_21.jpg,VHBNM,0,0.3901703655719757,background_false_positive,0.0,0.0,6
190637949_K45552_F1B04-588_1_21.jpg,INSD,14,0.26257380843162537,background_false_positive,0.0,0.0,6
190639429_K45511_F1B04-586_1_21.jpg,BSBM,13,0.6618133783340454,background_false_positive,0.0,0.0,6
190639429_K45511_F1B04-586_1_21.jpg,VHBNL,1,0.4165910482406616,background_false_positive,0.0,0.0,6
190639429_K45511_F1B04-586_1_212.jpg,BSBM,13,0.6618133783340454,background_false_positive,0.0,0.0,-1
190639429_K45511_F1B04-586_1_212.jpg,VHBNL,1,0.4165910482406616,background_false_positive,0.0,0.0,-1
190642484_K45431_F1B04-582_1_21.jpg,GWCNL,12,0.8416297435760498,background_false_positive,0.0,0.0,6
190642484_K45431_F1B04-582_1_21.jpg,VHBNM,0,0.539371132850647,background_false_positive,0.0,0.0,6
190642484_K45431_F1B04-582_1_21.jpg,VHBNL,1,0.45831742882728577,background_false_positive,0.0,0.0,6
190642484_K45431_F1B04-582_1_21.jpg,INSD,14,0.43515899777412415,background_false_positive,0.0,0.0,6
190642484_K45431_F1B04-582_1_21.jpg,VHBNL,1,0.31282514333724976,background_false_positive,0.0,0.0,6
190642484_K45431_F1B04-582_1_21.jpg,GWCNL,12,0.254781037569046,background_false_positive,0.0,0.0,6
190643775_K45392_F1B04-580_1_21.jpg,BSBM,13,0.620191752910614,background_false_positive,0.0,0.0,6
190643775_K45392_F1B04-580_1_21.jpg,BSBM,13,0.5422834157943726,background_false_positive,0.0,0.0,6
190643775_K45392_F1B04-580_1_21.jpg,BSBM,13,0.4148205816745758,background_false_positive,0.0,0.0,6
190643775_K45392_F1B04-580_1_21.jpg,VHBNM,0,0.4008329510688782,background_false_positive,0.0,0.0,6
190643775_K45392_F1B04-580_1_21.jpg,BSBM,13,0.3352227807044983,background_false_positive,0.0,0.0,6
190643775_K45392_F1B04-580_1_21.jpg,VHBNL,1,0.3349122703075409,background_false_positive,0.0,0.0,6
190643775_K45392_F1B04-580_1_21.jpg,BSBM,13,0.3055534362792969,background_false_positive,0.0,0.0,6
190643775_K45392_F1B04-580_1_21.jpg,BSBM,13,0.29640746116638184,background_false_positive,0.0,0.0,6
190643775_K45392_F1B04-580_1_21.jpg,BSBM,13,0.2930143475532532,background_false_positive,0.0,0.0,6
190643775_K45392_F1B04-580_1_21.jpg,VHBNM,0,0.2604498863220215,background_false_positive,0.0,0.0,6
190643775_K45392_F1B04-580_1_21.jpg,BSBM,13,0.2583164870738983,background_false_positive,0.0,0.0,6
190643775_K45392_F1B04-580_1_21.jpg,BSBM,13,0.2574595808982849,background_false_positive,0.0,0.0,6
190645004_K45357_F1B04-576a_1_21.jpg,BSBM,13,0.6270952224731445,background_false_positive,0.0,0.0,6
190645004_K45357_F1B04-576a_1_21.jpg,BSBM,13,0.5260303616523743,background_false_positive,0.0,0.0,6
190645004_K45357_F1B04-576a_1_21.jpg,BSBM,13,0.4490630030632019,background_false_positive,0.0,0.0,6
190645004_K45357_F1B04-576a_1_21.jpg,BSBM,13,0.4455917179584503,background_false_positive,0.0,0.0,6
190645004_K45357_F1B04-576a_1_21.jpg,BSBM,13,0.4319901764392853,background_false_positive,0.0,0.0,6
190645004_K45357_F1B04-576a_1_21.jpg,BSBM,13,0.4034828245639801,background_false_positive,0.0,0.0,6
190645004_K45357_F1B04-576a_1_21.jpg,BSBM,13,0.3549747169017792,background_false_positive,0.0,0.0,6
190645004_K45357_F1B04-576a_1_21.jpg,CBVPM,6,0.34289830923080444,background_false_positive,0.0,0.0,6
190645004_K45357_F1B04-576a_1_21.jpg,BSBM,13,0.25668010115623474,background_false_positive,0.0,0.0,6
190645004_K45357_F1B04-576a_1_21.jpg,BSBM,13,0.2516399919986725,background_false_positive,0.0,0.0,6
190647697_K45294_F1B04-572a_1_21.jpg,GWCNL,12,0.5769479870796204,background_false_positive,0.0,0.0,6
190647697_K45294_F1B04-572a_1_21.jpg,GWCNL,12,0.40869227051734924,background_false_positive,0.0,0.0,6
190649395_K45260_F1B04-572_1_21.jpg,DRPS,15,0.7575171589851379,background_false_positive,0.0,0.0,6
190649395_K45260_F1B04-572_1_21.jpg,GWCNL,12,0.5025546550750732,background_false_positive,0.0,0.0,6
190649395_K45260_F1B04-572_1_21.jpg,GWCNL,12,0.291574627161026,background_false_positive,0.0,0.0,6
190651053_K45219_F1B04-570_1_21.jpg,VHBNL,1,0.581010103225708,background_false_positive,0.0,0.0,6
190652676_K45180_F1B04-568_1_21.jpg,SVHTNL,4,0.9531334042549133,background_false_positive,0.0,0.0,6
190652676_K45180_F1B04-568_1_21.jpg,BSBM,13,0.4304543435573578,background_false_positive,0.0,0.0,6
190652676_K45180_F1B04-568_1_21.jpg,BSBM,13,0.26657769083976746,background_false_positive,0.0,0.0,6
190654357_K45141_F1B04-566_1_21.jpg,BSBM,13,0.40607577562332153,background_false_positive,0.0,0.0,6
190654357_K45141_F1B04-566_1_21.jpg,BSBM,13,0.40402624011039734,background_false_positive,0.0,0.0,6
190654357_K45141_F1B04-566_1_21.jpg,VHBNL,1,0.27276113629341125,background_false_positive,0.0,0.0,6
190654357_K45141_F1B04-566_1_21.jpg,BSBM,13,0.2515271306037903,background_false_positive,0.0,0.0,6
190656092_K45101_F1B04-564_1_21.jpg,VHBNL,1,0.37710821628570557,background_false_positive,0.0,0.0,-1
190656092_K45101_F1B04-564_1_21.jpg,VHBNL,1,0.30233514308929443,background_false_positive,0.0,0.0,-1
190656092_K45101_F1B04-564_1_21.jpg,BSBM,13,0.29879000782966614,background_false_positive,0.0,0.0,-1
190657759_K45060_F1B04-562_1_21.jpg,VHBNL,1,0.3559671640396118,background_false_positive,0.0,0.0,6
190657759_K45060_F1B04-562_1_21.jpg,CBVPM,6,0.3200782239437103,background_false_positive,0.0,0.0,6
190657759_K45060_F1B04-562_1_21.jpg,GWCNL,12,0.26138532161712646,background_false_positive,0.0,0.0,6
190657759_K45060_F1B04-562_1_21.jpg,GWCNM,11,0.25710374116897583,background_false_positive,0.0,0.0,6
190700717_K44986_F1B04-558_1_21.jpg,BSBM,13,0.44532647728919983,background_false_positive,0.0,0.0,6
190700717_K44986_F1B04-558_1_21.jpg,GWCNL,12,0.27700671553611755,background_false_positive,0.0,0.0,6
190703697_K44915_F1B04-554_1_21.jpg,BSBM,13,0.6716270446777344,background_false_positive,0.0,0.0,-1
190703697_K44915_F1B04-554_1_21.jpg,GWCNL,12,0.6246515512466431,background_false_positive,0.0,0.0,-1
190703697_K44915_F1B04-554_1_21.jpg,SVHBNL,3,0.443109929561615,background_false_positive,0.0,0.0,-1
190703697_K44915_F1B04-554_1_21.jpg,BSBM,13,0.35534024238586426,background_false_positive,0.0,0.0,-1
190703697_K44915_F1B04-554_1_21.jpg,BSBM,13,0.30998507142066956,background_false_positive,0.0,0.0,-1
190705230_K44878_F1B04-550a_1_21.jpg,SVHBNL,3,0.3112504184246063,background_false_positive,0.0,0.0,-1
190705230_K44878_F1B04-550a_1_21.jpg,VHBNM,0,0.2582525312900543,background_false_positive,0.0,0.0,-1
190708219_K44809_F1B04-548_1_21.jpg,INSD,14,0.412916898727417,background_false_positive,0.0,0.0,-1
190708219_K44809_F1B04-548_1_21.jpg,GWCNL,12,0.2584890127182007,background_false_positive,0.0,0.0,-1
190708219_K44809_F1B04-548_1_21.jpg,BSBM,13,0.25769758224487305,background_false_positive,0.0,0.0,-1
190713832_K44668_F1B04-540_1_21.jpg,GWCNL,12,0.5449548959732056,background_false_positive,0.0,0.0,-1
190713832_K44668_F1B04-540_1_21.jpg,INSD,14,0.4846056401729584,background_false_positive,0.0,0.0,-1
190713832_K44668_F1B04-540_1_21.jpg,SVHTNL,4,0.44476163387298584,background_false_positive,0.0,0.0,-1
190713832_K44668_F1B04-540_1_21.jpg,BSBM,13,0.37502849102020264,background_false_positive,0.0,0.0,-1
190713832_K44668_F1B04-540_1_21.jpg,BSBM,13,0.322072297334671,background_false_positive,0.0,0.0,-1
190713832_K44668_F1B04-540_1_21.jpg,VHBNL,1,0.30103546380996704,background_false_positive,0.0,0.0,-1
190713832_K44668_F1B04-540_1_21.jpg,BSBM,13,0.2982575595378876,background_false_positive,0.0,0.0,-1
190714973_K44630_F1B04-536a_1_21.jpg,BSBM,13,0.6038957834243774,background_false_positive,0.0,0.0,-1
190714973_K44630_F1B04-536a_1_21.jpg,BSBM,13,0.479813814163208,background_false_positive,0.0,0.0,-1
190714973_K44630_F1B04-536a_1_21.jpg,DRPS,15,0.4338681101799011,background_false_positive,0.0,0.0,-1
190714973_K44630_F1B04-536a_1_21.jpg,BSBM,13,0.3462996780872345,background_false_positive,0.0,0.0,-1
190718767_K44533_F1B04-532_1_21.jpg,CBVPM,6,0.2507590353488922,background_false_positive,0.0,0.0,-1
190720068_K44492_F1B04-530_1_21.jpg,GWCNL,12,0.5797197222709656,background_false_positive,0.0,0.0,-1
190720068_K44492_F1B04-530_1_21.jpg,BSBM,13,0.3022145628929138,background_false_positive,0.0,0.0,-1
190720068_K44492_F1B04-530_1_21.jpg,VHBNL,1,0.27133917808532715,background_false_positive,0.0,0.0,-1
190722599_K44413_F1B04-526_1_21.jpg,GWCNL,12,0.4457530975341797,background_false_positive,0.0,0.0,-1
190723821_K44373_F1B04-524_1_21.jpg,BSBM,13,0.3877534866333008,background_false_positive,0.0,0.0,-1
190723821_K44373_F1B04-524_1_21.jpg,VHBNL,1,0.27932867407798767,background_false_positive,0.0,0.0,-1
190723821_K44373_F1B04-524_1_21.jpg,BSBM,13,0.26467108726501465,background_false_positive,0.0,0.0,-1
190725049_K44333_F1B04-522_1_21.jpg,BSBM,13,0.8184932470321655,background_false_positive,0.0,0.0,-1
190726263_K44292_F1B04-520_1_21.jpg,SVHTNL,4,0.49847865104675293,background_false_positive,0.0,0.0,6
190726263_K44292_F1B04-520_1_21.jpg,BSBM,13,0.3343352675437927,background_false_positive,0.0,0.0,6
190726263_K44292_F1B04-520_1_21.jpg,BSBM,13,0.29297640919685364,background_false_positive,0.0,0.0,6
190726263_K44292_F1B04-520_1_21.jpg,BSBM,13,0.2892288565635681,background_false_positive,0.0,0.0,6
190727376_K44251_F1B04-518_1_21.jpg,INSD,14,0.47347983717918396,background_false_positive,0.0,0.0,6
190727376_K44251_F1B04-518_1_21.jpg,GWCNL,12,0.4477463364601135,background_false_positive,0.0,0.0,6
190727376_K44251_F1B04-518_1_21.jpg,SVHBNL,3,0.26969942450523376,background_false_positive,0.0,0.0,6
190728503_K44212_F1B04-516_1_21.jpg,VHBNM,0,0.3249071538448334,background_false_positive,0.0,0.0,6
190728503_K44212_F1B04-516_1_21.jpg,VHBNL,1,0.2867518961429596,background_false_positive,0.0,0.0,6
190728503_K44212_F1B04-516_1_21.jpg,SVHBNM,2,0.2816399931907654,background_false_positive,0.0,0.0,6
190728503_K44212_F1B04-516_1_21.jpg,BSBM,13,0.25635284185409546,background_false_positive,0.0,0.0,6
190728503_K44212_F1B04-516_1_21.jpg,INSD,14,0.2555731236934662,background_false_positive,0.0,0.0,6
190729610_K44173_F1B04-514_1_21.jpg,VHBNL,1,0.2923440933227539,background_false_positive,0.0,0.0,6
190730777_K44133_F1B04-512_1_21.jpg,BSBM,13,0.5193142294883728,background_false_positive,0.0,0.0,6
190730777_K44133_F1B04-512_1_21.jpg,VHBNM,0,0.2535255253314972,background_false_positive,0.0,0.0,6
190731840_K44091_F1B04-510_1_21.jpg,BSBM,13,0.2597617208957672,background_false_positive,0.0,0.0,6
190732924_K44052_F1B04-508_1_21.jpg,VHBNM,0,0.2672012150287628,background_false_positive,0.0,0.0,-1
190734027_K44012_F1B04-506_1_21.jpg,SVHTNL,4,0.3972965478897095,background_false_positive,0.0,0.0,6
190734027_K44012_F1B04-506_1_21.jpg,SVHBNL,3,0.34769344329833984,background_false_positive,0.0,0.0,6
190734027_K44012_F1B04-506_1_21.jpg,BSBM,13,0.2755955755710602,background_false_positive,0.0,0.0,6
190734027_K44012_F1B04-506_1_21.jpg,BSBM,13,0.2664310038089752,background_false_positive,0.0,0.0,6
190734027_K44012_F1B04-506_1_21.jpg,VHBNM,0,0.26605549454689026,background_false_positive,0.0,0.0,6
190742689_K43691_F1B04-490_1_21.jpg,SVHTNL,4,0.38518425822257996,background_false_positive,0.0,0.0,-1
190742689_K43691_F1B04-490_1_21.jpg,BSBM,13,0.37597647309303284,background_false_positive,0.0,0.0,-1
190742689_K43691_F1B04-490_1_21.jpg,BSBM,13,0.3356560468673706,background_false_positive,0.0,0.0,-1
190742689_K43691_F1B04-490_1_21.jpg,BSBM,13,0.3211461901664734,background_false_positive,0.0,0.0,-1
190742689_K43691_F1B04-490_1_21.jpg,VHBNL,1,0.2565384805202484,background_false_positive,0.0,0.0,-1
190742689_K43691_F1B04-490_1_21.jpg,BSBM,13,0.25312188267707825,background_false_positive,0.0,0.0,-1
190742689_K43691_F1B04-490_1_21.jpg,CBVPM,6,0.25120094418525696,background_false_positive,0.0,0.0,-1
190743576_K43652_F1B04-488_1_21.jpg,INSD,14,0.36022505164146423,background_false_positive,0.0,0.0,-1
190743576_K43652_F1B04-488_1_21.jpg,SVHTNL,4,0.29842686653137207,background_false_positive,0.0,0.0,-1
190744485_K43618_F1B04-484a_1_21.jpg,BSBM,13,0.6846442818641663,background_false_positive,0.0,0.0,-1
190744485_K43618_F1B04-484a_1_21.jpg,BSBM,13,0.5518360137939453,background_false_positive,0.0,0.0,-1
190744485_K43618_F1B04-484a_1_21.jpg,BSBM,13,0.4318663477897644,background_false_positive,0.0,0.0,-1
190744485_K43618_F1B04-484a_1_21.jpg,BSBM,13,0.382321834564209,background_false_positive,0.0,0.0,-1
190744485_K43618_F1B04-484a_1_21.jpg,BSBM,13,0.35093027353286743,background_false_positive,0.0,0.0,-1
190744485_K43618_F1B04-484a_1_21.jpg,VHBNL,1,0.3378904163837433,background_false_positive,0.0,0.0,-1
190744485_K43618_F1B04-484a_1_21.jpg,BSBM,13,0.32395973801612854,background_false_positive,0.0,0.0,-1
190744485_K43618_F1B04-484a_1_21.jpg,BSBM,13,0.321208119392395,background_false_positive,0.0,0.0,-1
190744485_K43618_F1B04-484a_1_21.jpg,BSBM,13,0.3151759207248688,background_false_positive,0.0,0.0,-1
190744485_K43618_F1B04-484a_1_21.jpg,BSBM,13,0.30287644267082214,background_false_positive,0.0,0.0,-1
190744485_K43618_F1B04-484a_1_21.jpg,BSBM,13,0.2940062880516052,background_false_positive,0.0,0.0,-1
190744485_K43618_F1B04-484a_1_21.jpg,BSBM,13,0.29018905758857727,background_false_positive,0.0,0.0,-1
190744485_K43618_F1B04-484a_1_21.jpg,BSBM,13,0.28084051609039307,background_false_positive,0.0,0.0,-1
190744485_K43618_F1B04-484a_1_21.jpg,VHBNM,0,0.2638387382030487,background_false_positive,0.0,0.0,-1
190744485_K43618_F1B04-484a_1_21.jpg,BSBM,13,0.2540166676044464,background_false_positive,0.0,0.0,-1
190747414_K43520_F1B04-480_1_21.jpg,GWCNL,12,0.282563179731369,background_false_positive,0.0,0.0,6
194041437_K5158_F1B01-760_1_21.jpg,BSBM,13,0.8429819941520691,background_false_positive,0.0,0.0,14
194041437_K5158_F1B01-760_1_21.jpg,CBVPM,6,0.5465417504310608,background_false_positive,0.0,0.0,14
194041437_K5158_F1B01-760_1_21.jpg,GWCNL,12,0.3401355445384979,background_false_positive,0.0,0.0,14
194041437_K5158_F1B01-760_1_21.jpg,GWCNL,12,0.3382725417613983,background_false_positive,0.0,0.0,14
194045187_K5103_F1B01-734_1_21.jpg,BSBM,13,0.32764583826065063,background_false_positive,0.0,0.0,14
194045187_K5103_F1B01-734_1_21.jpg,INSD,14,0.3031238615512848,background_false_positive,0.0,0.0,14
194045294_K5100_F1B01-732_1_21.jpg,BSBM,13,0.3511718511581421,background_false_positive,0.0,0.0,-1
194051973_K4967_F1B01-688_1_21.jpg,BSBM,13,0.6097359657287598,background_false_positive,0.0,0.0,14
194051973_K4967_F1B01-688_1_21.jpg,BSBM,13,0.2688216269016266,background_false_positive,0.0,0.0,14
194051973_K4967_F1B01-688_1_22.jpg,BSBM,13,0.3338077664375305,background_false_positive,0.0,0.0,14
194052106_K4963_F1B01-684_1_21.jpg,GWCNL,12,0.2573673129081726,background_false_positive,0.0,0.0,14
194109875_K4471_F1B01-552_1_21.jpg,BSBM,13,0.8904139995574951,background_false_positive,0.0,0.0,14
194109875_K4471_F1B01-552_1_21.jpg,BSBM,13,0.44769087433815,background_false_positive,0.0,0.0,14
194109875_K4471_F1B01-552_1_22.jpg,SVHTNL,4,0.33067190647125244,background_false_positive,0.0,0.0,14
194109875_K4471_F1B01-552_1_22.jpg,CBVPM,6,0.26327890157699585,background_false_positive,0.0,0.0,14
194127663_K3974_F1B01-416_1_21.jpg,BSBM,13,0.33127331733703613,background_false_positive,0.0,0.0,14
194127663_K3974_F1B01-416_1_21.jpg,GWCNL,12,0.2581504285335541,background_false_positive,0.0,0.0,14
194127663_K3974_F1B01-416_1_22.jpg,GWCNL,12,0.5140527486801147,background_false_positive,0.0,0.0,7
194127663_K3974_F1B01-416_1_22.jpg,GWCNL,12,0.4415700137615204,background_false_positive,0.0,0.0,7
194127663_K3974_F1B01-416_1_22.jpg,BSBM,13,0.4156859815120697,background_false_positive,0.010044466649783469,0.0,7
194152569_K3477_F1B01-280_1_21.jpg,SVHBNL,3,0.8024539351463318,background_false_positive,0.0,0.0,14
194152569_K3477_F1B01-280_1_21.jpg,BSBM,13,0.709943413734436,background_false_positive,0.0,0.0,14
194152569_K3477_F1B01-280_1_22.jpg,GWCNL,12,0.42047780752182007,background_false_positive,0.0,0.0,7
194152569_K3477_F1B01-280_1_22.jpg,GWCNL,12,0.35892951488494873,background_false_positive,0.0,0.0,7
194152569_K3477_F1B01-280_1_22.jpg,BSBM,13,0.2788480520248413,background_false_positive,0.0,0.0,7
194152569_K3477_F1B01-280_1_22.jpg,GWCNL,12,0.25821948051452637,background_false_positive,0.0,0.0,7
194152695_K3474_F1B01-276_1_22.jpg,BSBM,13,0.26800623536109924,background_false_positive,0.0,0.0,7
194229350_K2981_F1B01-144_1_21.jpg,BSBM,13,0.4782399535179138,background_false_positive,0.0,0.0,14
194229350_K2981_F1B01-144_1_21.jpg,BSBM,13,0.2912466526031494,background_false_positive,0.0,0.0,14
194229350_K2981_F1B01-144_1_22.jpg,VHBNL,1,0.37654948234558105,background_false_positive,0.0,0.0,14
194229350_K2981_F1B01-144_1_22.jpg,INSD,14,0.3233488202095032,background_false_positive,0.0,0.0,14
194229350_K2981_F1B01-144_1_22.jpg,GWCNM,11,0.3173082768917084,background_false_positive,0.0,0.0,14
194229454_K2978_F1B01-142_1_21.jpg,GWCNL,12,0.3007872998714447,background_false_positive,0.0,0.0,14
194229454_K2978_F1B01-142_1_21.jpg,CBVPM,6,0.27876749634742737,background_false_positive,0.0,0.0,14
194229454_K2978_F1B01-142_1_21.jpg,BSBM,13,0.25056949257850647,background_false_positive,0.0,0.0,14
194247127_K2829_F1B01-096_1_21.jpg,BSBM,13,0.5363863706588745,background_false_positive,0.0,0.0,-1
194247127_K2829_F1B01-096_1_21.jpg,BSBM,13,0.2889515161514282,background_false_positive,0.0,0.0,-1
194247241_K2822_F1B01-094_1_21.jpg,BSBM,13,0.4233797788619995,background_false_positive,0.0,0.0,14
194251299_K2766_F1B01-080_1_21.jpg,GWCNL,12,0.4490188658237457,background_false_positive,0.0,0.0,14
194251299_K2766_F1B01-080_1_22.jpg,GWCNL,12,0.4849255084991455,background_false_positive,0.05344096794334289,0.0,14
194251475_K2766_F1B01-080_1_22.jpg,CBVPM,6,0.3625563085079193,background_false_positive,0.0,0.0,14
194745741_K2586_F1A01-079_1_22.jpg,BSBM,13,0.3987162113189697,background_false_positive,0.0,0.0,14
194745849_K2595_F1A01-081_1_22.jpg,CBVPM,6,0.30497196316719055,background_false_positive,0.013793235443465932,0.0,14
194749681_K2666_F1A01-099_1_22.jpg,SVHBNL,3,0.7305277585983276,near_gt_wrong_class_or_location,0.19765118266943374,0.0,7
194749793_K2674_F1A01-101_1_22.jpg,VHBNL,1,0.44757065176963806,background_false_positive,0.0,0.0,14
194749794_K2674_F1A01-101_1_21.jpg,BSBM,13,0.3138490319252014,background_false_positive,0.0,0.0,-1
194749794_K2674_F1A01-101_1_21.jpg,INSD,14,0.2923493981361389,background_false_positive,0.0,0.0,-1
194819452_K3273_F1A01-265_1_22.jpg,VHBNL,1,0.30045223236083984,background_false_positive,0.0,0.0,14
194819453_K3273_F1A01-265_1_21.jpg,BSBM,13,0.4553774297237396,background_false_positive,0.0,0.0,14
194819453_K3273_F1A01-265_1_21.jpg,INSD,14,0.33330196142196655,background_false_positive,0.0,0.0,14
194819593_K3279_F1A01-271_1_21.jpg,BSBM,13,0.3377140164375305,background_false_positive,0.0,0.0,14
194819593_K3279_F1A01-271_1_21.jpg,GWCNL,12,0.3097118139266968,background_false_positive,0.0,0.0,14
194840008_K3770_F1A01-401_1_21.jpg,VHBNL,1,0.2572177052497864,background_false_positive,0.0,0.0,14
194840123_K3775_F1A01-407_1_22.jpg,VHBNL,1,0.292903333902359,background_false_positive,0.0,0.0,14
194857673_K4266_F1A01-537_1_22.jpg,INSD,14,0.2610289454460144,background_false_positive,0.03084845836903594,0.0,8
194857674_K4266_F1A01-537_1_21.jpg,BSBM,13,0.5166730880737305,background_false_positive,0.0,0.0,14
194857674_K4266_F1A01-537_1_21.jpg,VHBNL,1,0.37825316190719604,background_false_positive,0.0,0.0,14
194857784_K4272_F1A01-543_1_22.jpg,BSBM,13,0.3659193515777588,background_false_positive,0.0,0.0,14
194857784_K4272_F1A01-543_1_22.jpg,CBVPM,6,0.35967662930488586,background_false_positive,0.0,0.0,14
194857785_K4272_F1A01-543_1_21.jpg,CBVPM,6,0.27225804328918457,background_false_positive,0.0,0.0,14
194915462_K4757_F1A01-673_1_22.jpg,BSBM,13,0.3065461218357086,background_false_positive,0.0,0.0,14
194915462_K4757_F1A01-673_1_22.jpg,GWCNL,12,0.2701299786567688,background_false_positive,0.0,0.0,14
194915462_K4757_F1A01-673_1_22.jpg,GWCNM,11,0.2623891830444336,background_false_positive,0.0,0.0,14
194915589_K4761_F1A01-677_1_21.jpg,BSBM,13,0.28945788741111755,background_false_positive,0.0,0.0,14
194915589_K4761_F1A01-677_1_22.jpg,VHBNL,1,0.3830100893974304,background_false_positive,0.0,0.0,14
194923949_K4929_F1A01-729_1_21.jpg,BSBM,13,0.632506251335144,background_false_positive,0.0,0.0,14
194923949_K4929_F1A01-729_1_22.jpg,BSBM,13,0.2707812190055847,background_false_positive,0.0,0.0,14
194923949_K4929_F1A01-729_1_22.jpg,INSD,14,0.2672746181488037,background_false_positive,0.0,0.0,14
194924061_K4932_F1A01-731_1_21.jpg,BSBM,13,0.5179799795150757,background_false_positive,0.0,0.0,14
194924061_K4932_F1A01-731_1_22.jpg,VHBNL,1,0.6006793975830078,background_false_positive,0.0,0.0,14
194924061_K4932_F1A01-731_1_22.jpg,BSBM,13,0.5871490240097046,background_false_positive,0.0,0.0,14
194924061_K4932_F1A01-731_1_22.jpg,GWCNL,12,0.5538526773452759,background_false_positive,0.0,0.0,14
194924061_K4932_F1A01-731_1_22.jpg,CBVPM,6,0.2788279056549072,background_false_positive,0.0,0.0,14
194927601_K4984_F1A01-755_1_21.jpg,SVHBNL,3,0.5594332218170166,background_false_positive,0.0,0.0,14
194927601_K4984_F1A01-755_1_21.jpg,VHBNL,1,0.39539632201194763,background_false_positive,0.0,0.0,14
195111242_K5485_F1A01-897_1_21.jpg,VHBNM,0,0.25245046615600586,background_false_positive,0.0,0.0,14
195130663_K5975_F1A01-1027_1_22.jpg,BSBM,13,0.27141356468200684,background_false_positive,0.0,0.0,14
195130787_K5980_F1A01-1033_1_22.jpg,BSBM,13,0.4598459005355835,background_false_positive,0.0,0.0,14
195130787_K5980_F1A01-1033_1_22.jpg,GWCNL,12,0.34239211678504944,background_false_positive,0.0,0.0,14
195130787_K5980_F1A01-1033_1_22.jpg,GWCNL,12,0.30182385444641113,background_false_positive,0.0,0.0,14
195130787_K5980_F1A01-1033_1_22.jpg,GWCNL,12,0.26922738552093506,background_false_positive,0.0,0.0,14
195130788_K5980_F1A01-1033_1_21.jpg,DRPS,15,0.3186011016368866,background_false_positive,0.0,0.0,7
195142076_K6214_F1A01-1099_1_22.jpg,VHBNL,1,0.2883537709712982,background_false_positive,0.0,0.0,14
195142077_K6214_F1A01-1099_1_21.jpg,BSBM,13,0.6338889002799988,background_false_positive,0.0,0.0,14
195307340_K6564_F1A01-1209_1_21.jpg,BSBM,13,0.34291645884513855,background_false_positive,0.0,0.0,-1
195307340_K6564_F1A01-1209_1_21.jpg,GWCNL,12,0.3397393524646759,background_false_positive,0.0,0.0,-1
195307451_K6564_F1A01-1209_1_21.jpg,SVHTNL,4,0.2502616047859192,background_false_positive,0.0,0.0,-1
195307451_K6564_F1A01-1209_1_22.jpg,INSD,14,0.37054765224456787,background_false_positive,0.0,0.0,14
195307451_K6564_F1A01-1209_1_22.jpg,BSBM,13,0.28227993845939636,background_false_positive,0.0,0.0,14
195316227_K6765_F1A01-1265_1_21.jpg,BSBM,13,0.38247251510620117,background_false_positive,0.0,0.0,14
195316227_K6765_F1A01-1265_1_21.jpg,VHBNL,1,0.2999161183834076,background_false_positive,0.0,0.0,14
195316227_K6765_F1A01-1265_1_22.jpg,VHBNL,1,0.4285430312156677,background_false_positive,0.0,0.0,14
195316227_K6765_F1A01-1265_1_22.jpg,VHBNL,1,0.3053867220878601,background_false_positive,0.0,0.0,14
195316227_K6765_F1A01-1265_1_22.jpg,CBVPM,6,0.2780335247516632,background_false_positive,0.0,0.0,14
195316339_K6766_F1A01-1267_1_21.jpg,BSBM,13,0.4236145317554474,background_false_positive,0.0,0.0,14
195316339_K6766_F1A01-1267_1_21.jpg,BSBM,13,0.39989131689071655,background_false_positive,0.0,0.0,14
195316339_K6766_F1A01-1267_1_22.jpg,GWCNL,12,0.5503895282745361,background_false_positive,0.0,0.0,14
195316339_K6766_F1A01-1267_1_22.jpg,BSBM,13,0.4315072000026703,background_false_positive,0.0,0.0,14
195316339_K6766_F1A01-1267_1_22.jpg,SVHBNL,3,0.39398902654647827,background_false_positive,0.02377376694081527,0.0,14
195316339_K6766_F1A01-1267_1_22.jpg,BSBM,13,0.30572062730789185,background_false_positive,0.0,0.0,14
195316339_K6766_F1A01-1267_1_22.jpg,GWCNL,12,0.2831275463104248,background_false_positive,0.0,0.0,14
195333018_K7258_F1A01-1397_1_22.jpg,BSBM,13,0.27153870463371277,background_false_positive,0.0,0.0,14
195333018_K7258_F1A01-1397_1_22.jpg,VHBNL,1,0.2636266052722931,background_false_positive,0.0,0.0,14
195333019_K7258_F1A01-1397_1_21.jpg,GWCNM,11,0.30664101243019104,background_false_positive,0.0,0.0,14
195333019_K7258_F1A01-1397_1_21.jpg,CBVPM,6,0.286336213350296,background_false_positive,0.0,0.0,14
195333019_K7258_F1A01-1397_1_21.jpg,CBVPM,6,0.2799745798110962,background_false_positive,0.0,0.0,14
195333136_K7263_F1A01-1403_1_21.jpg,BSBM,13,0.3862994313240051,background_false_positive,0.0,0.0,7
195343848_K7484_F1A01-1465_1_22.jpg,BSBM,13,0.669226348400116,background_false_positive,0.0,0.0,14
195343848_K7484_F1A01-1465_1_22.jpg,BSBM,13,0.5880482196807861,background_false_positive,0.0,0.0,14
195343848_K7484_F1A01-1465_1_22.jpg,GWCNL,12,0.565372109413147,background_false_positive,0.0,0.0,14
195343849_K7484_F1A01-1465_1_21.jpg,BSBM,13,0.3524949252605438,background_false_positive,0.0,0.0,8
195343849_K7484_F1A01-1465_1_21.jpg,GWCNL,12,0.3340972363948822,background_false_positive,0.0,0.0,8
195343849_K7484_F1A01-1465_1_21.jpg,BSBM,13,0.3087596297264099,background_false_positive,0.0,0.0,8
195343849_K7484_F1A01-1465_1_21.jpg,BSBM,13,0.2699139714241028,background_false_positive,0.0,0.0,8
195343975_K7487_F1A01-1467_1_22.jpg,BSBM,13,0.45142993330955505,background_false_positive,0.0,0.0,14
195343975_K7487_F1A01-1467_1_22.jpg,INSD,14,0.3071672022342682,near_gt_wrong_class_or_location,0.18529591291461164,0.0,7
195936817_K13797_F1A02-591_1_22.jpg,GWCNL,12,0.7916790843009949,background_false_positive,0.07533376801043919,0.0,14
195936817_K13797_F1A02-591_1_22.jpg,SVHBNL,3,0.3247908353805542,background_false_positive,0.027738823397435983,0.0,14
195936817_K13797_F1A02-591_1_22.jpg,SVHBNL,3,0.3211671710014343,background_false_positive,0.0,0.0,14
195936817_K13797_F1A02-591_1_22.jpg,BSBM,13,0.2775866687297821,background_false_positive,0.07080497584538478,0.0,14
195936817_K13797_F1A02-591_1_22.jpg,GWCNL,12,0.2529672384262085,near_gt_wrong_class_or_location,0.10730838227935877,0.0,14
195936817_K13797_F1A02-591_1_22.jpg,BSBM,13,0.2501499652862549,near_gt_wrong_class_or_location,0.104779702060354,0.0,14
195941703_K13971_F1A02-649_1_22.jpg,GWCNL,12,0.7470201849937439,background_false_positive,0.013553121443342473,0.0,14
195941703_K13971_F1A02-649_1_22.jpg,BSBM,13,0.49663645029067993,background_false_positive,0.0,0.0,14
195941703_K13971_F1A02-649_1_22.jpg,INSD,14,0.3344871401786804,background_false_positive,0.0,0.0,14
195941703_K13971_F1A02-649_1_22.jpg,GWCNL,12,0.3112156391143799,background_false_positive,0.0,0.0,14
195943287_K14029_F1A02-677_1_22.jpg,BSBM,13,0.7679569721221924,background_false_positive,0.0,0.0,14
195943287_K14029_F1A02-677_1_22.jpg,BSBM,13,0.35390156507492065,background_false_positive,0.0,0.0,14
195943287_K14029_F1A02-677_1_22.jpg,SVHBNL,3,0.3450702428817749,background_false_positive,0.0,0.0,14
195943287_K14029_F1A02-677_1_22.jpg,BSBM,13,0.3441370725631714,background_false_positive,0.0,0.0,14
195943287_K14029_F1A02-677_1_22.jpg,GWCNL,12,0.2824363708496094,background_false_positive,0.0,0.0,14
195943288_K14029_F1A02-677_1_21.jpg,BSBM,13,0.677592396736145,background_false_positive,0.0,0.0,14
195943288_K14029_F1A02-677_1_21.jpg,GWCNL,12,0.3549702763557434,background_false_positive,0.0,0.0,14
20.jpg,GWCNL,12,0.9230624437332153,background_false_positive,0.0,0.0,15
20.jpg,BSBM,13,0.8047705292701721,background_false_positive,0.0,0.0,15
20.jpg,BSBM,13,0.7623516917228699,background_false_positive,0.0,0.0,15
20.jpg,VHBNL,1,0.45042455196380615,background_false_positive,0.0,0.0,15
20.jpg,BSBM,13,0.44109079241752625,background_false_positive,0.0,0.0,15
20.jpg,BSBM,13,0.3053573668003082,background_false_positive,0.0,0.0,15
21.jpg,BSBM,13,0.8451382517814636,background_false_positive,0.0,0.0,15
21.jpg,INSD,14,0.8403759002685547,background_false_positive,0.0,0.0,15
21.jpg,BSBM,13,0.7259823083877563,background_false_positive,0.0,0.0,15
21.jpg,VHBNL,1,0.46970319747924805,background_false_positive,0.0,0.0,15
21.jpg,BSBM,13,0.45473581552505493,background_false_positive,0.0,0.0,15
21.jpg,VHBNM,0,0.4016839265823364,background_false_positive,0.0,0.0,15
21.jpg,BSBM,13,0.34839969873428345,background_false_positive,0.0,0.0,15
21.jpg,VHBNL,1,0.32978546619415283,background_false_positive,0.0,0.0,15
21.jpg,BSBM,13,0.32183319330215454,background_false_positive,0.0,0.0,15
21.jpg,GWCNL,12,0.29297465085983276,background_false_positive,0.0,0.0,15
21.jpg,DRPS,15,0.28574395179748535,background_false_positive,0.0,0.0,15
22.jpg,BSBM,13,0.5210187435150146,background_false_positive,0.0,0.0,15
22.jpg,BSBM,13,0.44412678480148315,background_false_positive,0.0,0.0,15
22.jpg,VHBNL,1,0.2528032958507538,background_false_positive,0.0,0.0,15
23.jpg,GWCNL,12,0.32014942169189453,background_false_positive,0.0,0.0,15
23.jpg,INSD,14,0.2902294397354126,background_false_positive,0.0,0.0,15
24.jpg,GWCNL,12,0.5925738215446472,background_false_positive,0.0,0.0,15
24.jpg,GWCNL,12,0.5252370834350586,background_false_positive,0.0,0.0,15
24.jpg,GWCNL,12,0.4772745966911316,background_false_positive,0.0,0.0,15
24.jpg,BSBM,13,0.35969263315200806,background_false_positive,0.0,0.0,15
24.jpg,VHBNL,1,0.33211788535118103,background_false_positive,0.0,0.0,15
24.jpg,DRPS,15,0.25807756185531616,background_false_positive,0.0,0.0,15
25.jpg,GWCNL,12,0.6020956039428711,background_false_positive,0.0,0.0,15
25.jpg,VHBNL,1,0.27722373604774475,background_false_positive,0.0,0.0,15
26.jpg,GWCNL,12,0.811382532119751,background_false_positive,0.0,0.0,15
27.jpg,SVHBNL,3,0.514132559299469,background_false_positive,0.0,0.0,15
28.jpg,BSBM,13,0.3032075762748718,background_false_positive,0.0,0.0,15
28.jpg,BSBM,13,0.2683647572994232,background_false_positive,0.0,0.0,15
29.jpg,GWCNL,12,0.7164815664291382,background_false_positive,0.0,0.0,15
29.jpg,BSBM,13,0.47819948196411133,background_false_positive,0.0,0.0,15
3.jpg,VHBNL,1,0.3454264998435974,background_false_positive,0.0,0.0,15
30.jpg,VHBNL,1,0.46765440702438354,background_false_positive,0.0,0.0,15
30.jpg,BSBM,13,0.32815128564834595,background_false_positive,0.0,0.0,15
30.jpg,GWCNL,12,0.2740335762500763,background_false_positive,0.0,0.0,15
31.jpg,INSD,14,0.49710869789123535,background_false_positive,0.0,0.0,15
31.jpg,BSBM,13,0.4068564176559448,background_false_positive,0.0,0.0,15
31.jpg,GWCNL,12,0.3022211194038391,background_false_positive,0.0,0.0,15
32.jpg,GWCNL,12,0.6315683126449585,background_false_positive,0.0,0.0,15
32.jpg,VHBNL,1,0.4585317373275757,background_false_positive,0.0046710830071373935,0.0,14
32.jpg,BSBM,13,0.29318150877952576,background_false_positive,0.0,0.0,15
33.jpg,INSD,14,0.2965368628501892,background_false_positive,0.0,0.0,15
34.jpg,INSD,14,0.5242058038711548,background_false_positive,0.0,0.0,15
34.jpg,VHBNL,1,0.27046459913253784,background_false_positive,0.0,0.0,15
35.jpg,VHBNL,1,0.5458618998527527,background_false_positive,0.0,0.0,15
35.jpg,BSBM,13,0.3726717233657837,background_false_positive,0.0,0.0,15
35.jpg,VHBNL,1,0.32379257678985596,background_false_positive,0.0,0.0,15
35.jpg,GWCNL,12,0.30107739567756653,background_false_positive,0.0,0.0,15
36.jpg,INSD,14,0.45004802942276,background_false_positive,0.0,0.0,15
36.jpg,VHBNL,1,0.38033249974250793,background_false_positive,0.0,0.0,15
36.jpg,VHBNL,1,0.3743005394935608,background_false_positive,0.0,0.0,15
36.jpg,INSD,14,0.3220702111721039,background_false_positive,0.0,0.0,15
36.jpg,VHBNL,1,0.31375715136528015,background_false_positive,0.0,0.0,15
36.jpg,VHBNL,1,0.25801631808280945,background_false_positive,0.0,0.0,15
36.jpg,BSBM,13,0.2565998136997223,background_false_positive,0.0,0.0,15
36.jpg,VHBNL,1,0.2557930052280426,background_false_positive,0.0,0.0,15
37.jpg,BSBM,13,0.4525999426841736,background_false_positive,0.0,0.0,15
37.jpg,GWCNM,11,0.3287194073200226,background_false_positive,0.0,0.0,15
37.jpg,INSD,14,0.32330164313316345,background_false_positive,0.0,0.0,15
37.jpg,VHBNL,1,0.2744588255882263,background_false_positive,0.0,0.0,15
38.jpg,INSD,14,0.4699442386627197,background_false_positive,0.0,0.0,15
38.jpg,BSBM,13,0.32936644554138184,background_false_positive,0.0,0.0,15
38.jpg,BSBM,13,0.32638800144195557,background_false_positive,0.0,0.0,15
38.jpg,BSBM,13,0.26068115234375,background_false_positive,0.0,0.0,15
39.jpg,BSBM,13,0.5446304082870483,background_false_positive,0.0,0.0,15
39.jpg,VHBNL,1,0.43734821677207947,background_false_positive,0.0,0.0,15
39.jpg,GWCNL,12,0.3949336111545563,background_false_positive,0.0,0.0,15
39.jpg,GWCNL,12,0.31561338901519775,background_false_positive,0.0,0.0,15
4.jpg,SVHBNL,3,0.4304797053337097,background_false_positive,0.0,0.0,15
4.jpg,VHBNL,1,0.2943764925003052,background_false_positive,0.0,0.0,15
40.jpg,VHBNL,1,0.4015539288520813,background_false_positive,0.0,0.0,15
40.jpg,GWCNL,12,0.2994093894958496,background_false_positive,0.0,0.0,15
41.jpg,BSBM,13,0.4990038573741913,background_false_positive,0.0,0.0,15
41.jpg,GWCNL,12,0.4219537377357483,background_false_positive,0.0,0.0,15
41.jpg,VHBNL,1,0.36924493312835693,background_false_positive,0.0,0.0,15
41.jpg,INSD,14,0.3345128893852234,background_false_positive,0.0,0.0,15
41.jpg,VHBNL,1,0.3228972256183624,background_false_positive,0.0,0.0,15
42.jpg,GWCNL,12,0.5625830292701721,background_false_positive,0.0,0.0,15
42.jpg,DRPS,15,0.3059578835964203,background_false_positive,0.0,0.0,15
42.jpg,VHBNL,1,0.27214714884757996,background_false_positive,0.0,0.0,15
43.jpg,BSBM,13,0.40671998262405396,background_false_positive,0.0,0.0,15
43.jpg,GWCNL,12,0.3730820417404175,background_false_positive,0.0,0.0,15
44.jpg,BSBM,13,0.4729207158088684,background_false_positive,0.0,0.0,15
44.jpg,VHBNL,1,0.39062631130218506,background_false_positive,0.0,0.0,15
44.jpg,BSBM,13,0.25863561034202576,background_false_positive,0.0,0.0,15
45.jpg,BSBM,13,0.3260996639728546,background_false_positive,0.0,0.0,15
46.jpg,BSBM,13,0.7103468179702759,background_false_positive,0.0,0.0,15
46.jpg,INSD,14,0.28536444902420044,background_false_positive,0.0,0.0,15
48.jpg,BSBM,13,0.5612993836402893,background_false_positive,0.0,0.0,15
48.jpg,VHBNL,1,0.3053783178329468,background_false_positive,0.0,0.0,15
48.jpg,BSBM,13,0.29609212279319763,background_false_positive,0.0,0.0,15
48.jpg,BSBM,13,0.2709401845932007,background_false_positive,0.0,0.0,15
49.jpg,BSBM,13,0.7306779623031616,background_false_positive,0.0,0.0,15
49.jpg,VHBNL,1,0.3590347468852997,background_false_positive,0.0,0.0,15
49.jpg,BSBM,13,0.3463316261768341,background_false_positive,0.0,0.0,15
49.jpg,GWCNL,12,0.2515968084335327,background_false_positive,0.0,0.0,15
5.jpg,GWCNL,12,0.3348999321460724,background_false_positive,0.0,0.0,15
5.jpg,INSD,14,0.2711091935634613,background_false_positive,0.0,0.0,15
6.jpg,INSD,14,0.42441338300704956,background_false_positive,0.0,0.0,15
8.jpg,INSD,14,0.6744452118873596,background_false_positive,0.0,0.0,15
8.jpg,BSBM,13,0.5450804233551025,background_false_positive,0.0,0.0,15
8.jpg,GWCNL,12,0.36749422550201416,background_false_positive,0.0,0.0,15
9.jpg,GWCNL,12,0.28493794798851013,background_false_positive,0.0,0.0,15
9.jpg,VHBNL,1,0.25241726636886597,background_false_positive,0.0,0.0,15
