image,class_id,class_name,confidence,x1,y1,x2,y2
101031896_K53481_F1B04-1018_1_21.jpg,5,CBHPM,0.012075478211045265,84.83293,4011.9692,431.91547,4160.0
101031896_K53481_F1B04-1018_1_21.jpg,6,CBVPM,0.01202025543898344,3193.4602,2522.0957,3462.321,2712.5493
101031896_K53481_F1B04-1018_1_21.jpg,6,CBVPM,0.010119353421032429,4308.8433,0.0,4575.377,70.24589
101031896_K53481_F1B04-1018_1_21.jpg,6,CBVPM,0.006858484819531441,172.16042,4024.9927,373.16565,4255.749
101031896_K53481_F1B04-1018_1_21.jpg,15,DRPS,0.0034605003893375397,2046.8308,1915.0112,2239.012,2240.0
101031896_K53481_F1B04-1018_1_21.jpg,6,CBVPM,0.002392055233940482,91.18909,3980.203,436.41943,4275.3315
101031896_K53481_F1B04-1018_1_21.jpg,5,CBHPM,0.0021679827477782965,199.3896,4041.092,369.89386,4160.0
101031896_K53481_F1B04-1018_1_21.jpg,5,CBHPM,0.0018515464616939425,64.0499,3951.0957,439.50906,4282.4316
101031896_K53481_F1B04-1018_1_21.jpg,5,CBHPM,0.001045422744937241,4325.2905,1.0584984,4510.9604,55.05061
101033246_K53441_F1B04-1016_1_21.jpg,6,CBVPM,0.03372182324528694,355.09106,4160.066,525.9821,4357.917
101033246_K53441_F1B04-1016_1_21.jpg,5,CBHPM,0.01982071064412594,2990.6333,1966.4758,3428.7842,2240.0
101033246_K53441_F1B04-1016_1_21.jpg,5,CBHPM,0.0099592050537467,242.38184,4091.1729,571.93567,4384.0483
101033246_K53441_F1B04-1016_1_21.jpg,5,CBHPM,0.007565009407699108,226.84546,3258.4644,625.7124,3661.8557
101033246_K53441_F1B04-1016_1_21.jpg,5,CBHPM,0.005487455055117607,366.59436,4165.0596,518.59796,4345.751
101033246_K53441_F1B04-1016_1_21.jpg,6,CBVPM,0.004220935981720686,3016.2708,182.77881,3196.8572,432.85083
101033246_K53441_F1B04-1016_1_21.jpg,6,CBVPM,0.0035754202399402857,129.40906,5025.321,339.0039,5115.5874
101033246_K53441_F1B04-1016_1_21.jpg,5,CBHPM,0.0016217698575928807,124.89441,5031.385,350.82178,5116.1963
101033246_K53441_F1B04-1016_1_21.jpg,6,CBVPM,0.0014091366901993752,3018.2065,1990.5327,3430.6733,2240.0
101033246_K53441_F1B04-1016_1_21.jpg,3,SVHBNL,0.0012233031447976828,1151.1627,1726.123,1280.0,2240.0
101033246_K53441_F1B04-1016_1_21.jpg,5,CBHPM,0.0011050112079828978,7.6176453,4091.5051,200.20248,4296.886
101033246_K53441_F1B04-1016_1_21.jpg,5,CBHPM,0.0010466664098203182,2103.2302,3386.058,2239.4094,3744.066
101127809_K51829_F1B04-934_1_21.jpg,5,CBHPM,0.010709872469305992,97.278015,3968.5432,462.2129,4268.542
101127809_K51829_F1B04-934_1_21.jpg,6,CBVPM,0.010458678007125854,3303.5625,2533.7424,3547.1306,2711.489
101127809_K51829_F1B04-934_1_21.jpg,5,CBHPM,0.006998793222010136,107.73633,4008.4668,441.25647,4160.0
101127809_K51829_F1B04-934_1_21.jpg,6,CBVPM,0.005749949254095554,153.31702,4002.059,398.7926,4240.4365
101127809_K51829_F1B04-934_1_21.jpg,5,CBHPM,0.0038737014401704073,176.12956,4012.4902,402.44293,4232.947
101127809_K51829_F1B04-934_1_21.jpg,5,CBHPM,0.0016937943873926997,234.13531,4041.533,377.53534,4206.118
101127809_K51829_F1B04-934_1_21.jpg,5,CBHPM,0.0014213008107617497,690.9055,3840.0,1102.4548,3901.8154
101127809_K51829_F1B04-934_1_21.jpg,6,CBVPM,0.0013581067323684692,682.59106,3840.0696,1086.7571,3904.5742
101127809_K51829_F1B04-934_1_21.jpg,5,CBHPM,0.0011928384192287922,2138.1558,3161.2307,2548.7246,3507.864
101129158_K51789_F1B04-932_1_21.jpg,6,CBVPM,0.013157046400010586,4.579193,3974.02,194.53589,4223.4414
101129158_K51789_F1B04-932_1_21.jpg,6,CBVPM,0.009693030267953873,3220.4595,2466.928,3483.5095,2644.748
101129158_K51789_F1B04-932_1_21.jpg,5,CBHPM,0.004632480908185244,0.0,4005.0073,267.1818,4159.9727
101129158_K51789_F1B04-932_1_21.jpg,5,CBHPM,0.0013303314335644245,310.1443,832.68445,453.818,1013.2655
101130469_K51750_F1B04-930_1_21.jpg,6,CBVPM,0.005601254757493734,3226.8916,2474.8452,3494.0818,2659.813
101130469_K51750_F1B04-930_1_21.jpg,2,SVHBNM,0.003998122178018093,0.0,3262.6956,94.46346,3712.2952
101130469_K51750_F1B04-930_1_21.jpg,6,CBVPM,0.003900965442880988,1188.4846,3840.7231,1549.7726,3905.764
101130469_K51750_F1B04-930_1_21.jpg,6,CBVPM,0.0028556175529956818,0.0,3945.0903,393.237,4160.0
101130469_K51750_F1B04-930_1_21.jpg,5,CBHPM,0.002749028382822871,0.0,3213.6873,437.58234,3641.7312
101130469_K51750_F1B04-930_1_21.jpg,5,CBHPM,0.002702915808185935,51.706055,4000.6956,317.95905,4159.417
101130469_K51750_F1B04-930_1_21.jpg,4,SVHTNL,0.0013747893972322345,4131.5024,422.47372,4159.2256,634.0343
101130469_K51750_F1B04-930_1_21.jpg,2,SVHBNM,0.0012777475640177727,2880.8386,523.7643,2941.8303,925.7311
101130469_K51750_F1B04-930_1_21.jpg,13,BSBM,0.0012074318947270513,1154.223,983.64185,1277.2223,1277.8223
101131852_K51711_F1B04-928_1_21.jpg,3,SVHBNL,0.017516974359750748,1121.825,787.2857,1277.9792,1280.0
101131852_K51711_F1B04-928_1_21.jpg,6,CBVPM,0.014018764719367027,82.10239,3980.2876,280.82208,4198.7773
101131852_K51711_F1B04-928_1_21.jpg,5,CBHPM,0.010360556654632092,0.0,3907.779,359.82275,4236.631
101131852_K51711_F1B04-928_1_21.jpg,6,CBVPM,0.006985596381127834,3242.0593,0.8354645,3474.0137,103.90046
101131852_K51711_F1B04-928_1_21.jpg,5,CBHPM,0.002798647852614522,1578.661,2880.0,1782.2139,2933.51
101131852_K51711_F1B04-928_1_21.jpg,5,CBHPM,0.001615295303054154,20.606476,3352.2664,394.92758,3716.7402
101131852_K51711_F1B04-928_1_21.jpg,5,CBHPM,0.0014174504904076457,2948.122,1982.7354,3368.8823,2240.0
101131852_K51711_F1B04-928_1_21.jpg,2,SVHBNM,0.0013886858941987157,1133.1503,809.9132,1275.1962,1187.6183
101131852_K51711_F1B04-928_1_21.jpg,3,SVHBNL,0.00137546646874398,1206.5178,794.04224,1278.5803,1214.6609
101131852_K51711_F1B04-928_1_21.jpg,5,CBHPM,0.0011306399246677756,118.06741,3985.4775,283.10486,4192.4595
101133002_K51670_F1B04-926_1_21.jpg,5,CBHPM,0.0016031228005886078,0.0,3837.6543,333.12537,4149.773
101133002_K51670_F1B04-926_1_21.jpg,6,CBVPM,0.0014542568242177367,400.07318,3840.0,794.7138,3901.993
101133002_K51670_F1B04-926_1_21.jpg,6,CBVPM,0.0013375735143199563,46.438293,3274.793,482.7245,3719.5576
101133002_K51670_F1B04-926_1_21.jpg,6,CBVPM,0.0013369825901463628,18.384094,3867.2761,283.27374,4134.2915
101133002_K51670_F1B04-926_1_21.jpg,6,CBVPM,0.0013123813550919294,3568.7593,2881.4285,3835.9175,3069.6707
101133002_K51670_F1B04-926_1_21.jpg,5,CBHPM,0.0012359798420220613,407.99518,3840.0,811.4217,3900.593
101133002_K51670_F1B04-926_1_21.jpg,5,CBHPM,0.0011137102264910936,43.04058,3899.5952,262.19556,4126.5044
101134993_K51577_F1B04-920_1_21.jpg,6,CBVPM,0.007586698979139328,967.8625,4142.643,1323.1096,4479.851
101134993_K51577_F1B04-920_1_21.jpg,6,CBVPM,0.00697373179718852,3156.261,3334.022,3535.0571,3723.0723
101134993_K51577_F1B04-920_1_21.jpg,6,CBVPM,0.005593939684331417,3410.2158,2361.3594,3716.8396,2545.323
101134993_K51577_F1B04-920_1_21.jpg,6,CBVPM,0.005511165596544743,1265.4265,4334.439,1473.2975,4515.5303
101134993_K51577_F1B04-920_1_21.jpg,5,CBHPM,0.005346166435629129,18.28299,3581.6821,366.36874,3881.9453
101134993_K51577_F1B04-920_1_21.jpg,5,CBHPM,0.005305618047714233,164.15619,3644.3042,304.9098,3803.826
101134993_K51577_F1B04-920_1_21.jpg,5,CBHPM,0.004934235475957394,1269.8628,4337.775,1478.8318,4513.7773
101134993_K51577_F1B04-920_1_21.jpg,5,CBHPM,0.004686459898948669,90.3685,3615.6274,322.71176,3828.1196
101134993_K51577_F1B04-920_1_21.jpg,5,CBHPM,0.004606203641742468,1335.9956,4365.609,1450.752,4486.5728
101134993_K51577_F1B04-920_1_21.jpg,6,CBVPM,0.004250490106642246,31.533295,3585.3557,329.86313,3875.7888
101134993_K51577_F1B04-920_1_21.jpg,6,CBVPM,0.0032928481232374907,206.5072,3841.5312,574.09045,4098.731
101134993_K51577_F1B04-920_1_21.jpg,3,SVHBNL,0.0023898615036159754,3841.3193,1886.8002,3904.0618,2240.0
101134993_K51577_F1B04-920_1_21.jpg,6,CBVPM,0.0019562700763344765,2312.9333,3532.7969,2763.5608,3974.7783
101134993_K51577_F1B04-920_1_21.jpg,2,SVHBNM,0.0014105734881013632,1094.4209,3934.9407,1449.6409,4159.1367
101134993_K51577_F1B04-920_1_21.jpg,6,CBVPM,0.0012723832624033093,2530.9883,3041.37,2633.1414,3171.87
101134993_K51577_F1B04-920_1_21.jpg,6,CBVPM,0.001233861898072064,2372.0542,2952.028,2728.5166,3190.7273
101134993_K51577_F1B04-920_1_21.jpg,5,CBHPM,0.001186481211334467,1170.4565,4273.42,1507.1622,4556.0195
101134993_K51577_F1B04-920_1_21.jpg,6,CBVPM,0.0011836834019050002,3319.6821,3448.4934,3711.267,3885.57
101134993_K51577_F1B04-920_1_21.jpg,5,CBHPM,0.0011395426699891686,1007.542,4147.907,1318.3113,4460.156
101134993_K51577_F1B04-920_1_21.jpg,5,CBHPM,0.0010769576765596867,2419.204,2934.4956,2749.8262,3200.0
101134993_K51577_F1B04-920_1_21.jpg,2,SVHBNM,0.0010725826723501086,1920.303,3241.2576,1976.5055,3664.9307
101136161_K51575_F1B04-918a_1_21.jpg,6,CBVPM,0.059047214686870575,265.90515,3841.2107,541.0129,4004.9565
101136161_K51575_F1B04-918a_1_21.jpg,6,CBVPM,0.025230858474969864,220.5736,3702.5515,561.7914,4016.0664
101136161_K51575_F1B04-918a_1_21.jpg,5,CBHPM,0.014830163680016994,205.41591,3689.4297,569.35803,4011.6936
101136161_K51575_F1B04-918a_1_21.jpg,6,CBVPM,0.010880234651267529,3238.1284,2542.8394,3496.8086,2721.4932
101136161_K51575_F1B04-918a_1_21.jpg,5,CBHPM,0.009569508954882622,359.01202,3793.3262,513.92206,3959.858
101136161_K51575_F1B04-918a_1_21.jpg,3,SVHBNL,0.003625965677201748,1920.0,1920.0,2070.5225,2342.131
101136161_K51575_F1B04-918a_1_21.jpg,6,CBVPM,0.0033904791343957186,199.5116,3088.9707,550.8169,3486.4648
101136161_K51575_F1B04-918a_1_21.jpg,6,CBVPM,0.0031189986038953066,351.02435,3840.0,497.26447,3968.3674
101136161_K51575_F1B04-918a_1_21.jpg,6,CBVPM,0.0022250544279813766,3588.03,2880.0,3973.5854,2951.6814
101136161_K51575_F1B04-918a_1_21.jpg,5,CBHPM,0.0016715370584279299,206.17139,3840.0798,605.9833,3986.292
101136161_K51575_F1B04-918a_1_21.jpg,6,CBVPM,0.0016678681131452322,3746.916,2880.8044,4143.906,2943.351
101136161_K51575_F1B04-918a_1_21.jpg,5,CBHPM,0.001484038308262825,391.65112,3856.6963,515.73505,4038.5176
101136161_K51575_F1B04-918a_1_21.jpg,5,CBHPM,0.0014039716916158795,195.3086,3079.373,551.62933,3469.987
101136161_K51575_F1B04-918a_1_21.jpg,6,CBVPM,0.0010710387723520398,539.9867,4352.3086,812.4901,4622.362
101136161_K51575_F1B04-918a_1_21.jpg,5,CBHPM,0.0010551230516284704,308.4428,3768.0425,544.2217,3987.4048
101137467_K51539_F1B04-918_1_21.jpg,6,CBVPM,0.13128934800624847,461.62183,3708.2876,659.46094,3906.9883
101137467_K51539_F1B04-918_1_21.jpg,5,CBHPM,0.12658743560314178,402.76794,3840.0,618.8662,3898.7073
101137467_K51539_F1B04-918_1_21.jpg,6,CBVPM,0.033326808363199234,308.1076,3608.711,690.3987,3961.8525
101137467_K51539_F1B04-918_1_21.jpg,5,CBHPM,0.031158048659563065,479.6231,3723.076,615.7215,3890.9375
101137467_K51539_F1B04-918_1_21.jpg,5,CBHPM,0.025611771270632744,311.28363,3617.333,706.7523,3955.8022
101137467_K51539_F1B04-918_1_21.jpg,5,CBHPM,0.019577039405703545,346.16803,3840.2207,658.4257,3925.4165
101137467_K51539_F1B04-918_1_21.jpg,6,CBVPM,0.007271677255630493,3237.8542,2502.766,3530.7239,2721.4756
101137467_K51539_F1B04-918_1_21.jpg,5,CBHPM,0.004389336798340082,59.49408,4747.3936,501.08655,5115.5513
101137467_K51539_F1B04-918_1_21.jpg,6,CBVPM,0.004261689260601997,352.53848,3840.0,744.47766,3941.2683
101137467_K51539_F1B04-918_1_21.jpg,6,CBVPM,0.0038235571701079607,395.67682,3840.0,616.96375,3890.8325
101137467_K51539_F1B04-918_1_21.jpg,6,CBVPM,0.0037478392478078604,380.13953,3723.5435,609.5997,3923.4282
101137467_K51539_F1B04-918_1_21.jpg,6,CBVPM,0.0020952157210558653,255.09949,3840.0,644.59686,3910.5195
101137467_K51539_F1B04-918_1_21.jpg,1,VHBNL,0.002019638428464532,2098.5872,2881.0774,2240.0,2999.1921
101137467_K51539_F1B04-918_1_21.jpg,6,CBVPM,0.0015965026104822755,126.265594,4828.664,391.87143,5071.4346
101137467_K51539_F1B04-918_1_21.jpg,3,SVHBNL,0.0013560439692810178,2880.6892,1920.2106,3139.0776,2233.2014
101137467_K51539_F1B04-918_1_21.jpg,5,CBHPM,0.0012063649483025074,4752.1523,317.85376,4875.969,479.52502
101137467_K51539_F1B04-918_1_21.jpg,6,CBVPM,0.0011085611768066883,124.25714,3840.113,508.26282,3910.108
101138834_K51499_F1B04-916_1_21.jpg,6,CBVPM,0.06941423565149307,548.17126,3747.0176,748.10266,3941.6855
101138834_K51499_F1B04-916_1_21.jpg,5,CBHPM,0.0616249144077301,575.7455,3840.0,748.5016,3906.1018
101138834_K51499_F1B04-916_1_21.jpg,6,CBVPM,0.047187332063913345,478.7794,3840.0,799.88245,3984.5022
101138834_K51499_F1B04-916_1_21.jpg,5,CBHPM,0.04199880734086037,521.71295,3840.4426,776.3765,3944.5874
101138834_K51499_F1B04-916_1_21.jpg,6,CBVPM,0.028087904676795006,444.6587,3682.8906,769.28784,3966.63
101138834_K51499_F1B04-916_1_21.jpg,6,CBVPM,0.02741480991244316,581.7297,3840.0,730.1247,3912.9893
101138834_K51499_F1B04-916_1_21.jpg,5,CBHPM,0.02322223037481308,400.39972,3649.6963,770.50555,3984.9321
101138834_K51499_F1B04-916_1_21.jpg,5,CBHPM,0.017739947885274887,585.7093,3751.335,728.4777,3918.7246
101138834_K51499_F1B04-916_1_21.jpg,6,CBVPM,0.015919264405965805,300.2713,3840.0,637.713,3904.5947
101138834_K51499_F1B04-916_1_21.jpg,6,CBVPM,0.013049469329416752,396.86972,3840.068,731.10364,3926.6135
101138834_K51499_F1B04-916_1_21.jpg,5,CBHPM,0.012544525787234306,475.20264,3840.2683,825.22046,4046.76
101138834_K51499_F1B04-916_1_21.jpg,6,CBVPM,0.010897685773670673,3239.6807,2510.2837,3542.816,2709.804
101138834_K51499_F1B04-916_1_21.jpg,5,CBHPM,0.007877813652157784,369.8994,3840.0,728.1752,3919.1504
101138834_K51499_F1B04-916_1_21.jpg,5,CBHPM,0.006363652180880308,562.73413,3840.0,681.5414,3923.0762
101138834_K51499_F1B04-916_1_21.jpg,6,CBVPM,0.00490716565400362,451.27008,3840.0,668.5997,3877.3098
101138834_K51499_F1B04-916_1_21.jpg,5,CBHPM,0.004161664750427008,480.03033,3840.0,648.85956,3907.4065
101138834_K51499_F1B04-916_1_21.jpg,5,CBHPM,0.00391616253182292,91.56212,4673.3213,511.60156,5085.4824
101138834_K51499_F1B04-916_1_21.jpg,5,CBHPM,0.003854455193504691,350.24835,3840.0,557.05505,3892.899
101138834_K51499_F1B04-916_1_21.jpg,5,CBHPM,0.003689556149765849,561.3109,3848.0652,699.50305,3972.581
101138834_K51499_F1B04-916_1_21.jpg,5,CBHPM,0.0030728650745004416,539.40405,3840.279,933.4612,3915.465
101138834_K51499_F1B04-916_1_21.jpg,6,CBVPM,0.0023074292112141848,153.63658,3840.0,528.36804,3904.0696
101138834_K51499_F1B04-916_1_21.jpg,5,CBHPM,0.0022417884320020676,239.19855,3840.4749,623.0992,3904.8499
101138834_K51499_F1B04-916_1_21.jpg,6,CBVPM,0.0017021194798871875,525.47375,3840.209,685.5227,3915.012
101138834_K51499_F1B04-916_1_21.jpg,5,CBHPM,0.0014600951690226793,664.7811,3840.0,835.7294,3905.4736
101140208_K51459_F1B04-914_1_21.jpg,6,CBVPM,0.2277635931968689,557.9227,3535.833,855.823,3792.5718
101140208_K51459_F1B04-914_1_21.jpg,6,CBVPM,0.13280203938484192,642.85315,3585.4014,834.3563,3772.92
101140208_K51459_F1B04-914_1_21.jpg,5,CBHPM,0.03435928747057915,655.5377,3588.8398,805.1522,3762.6504
101140208_K51459_F1B04-914_1_21.jpg,6,CBVPM,0.020250432193279266,3845.7388,2407.3572,4123.1035,2591.6548
101140208_K51459_F1B04-914_1_21.jpg,5,CBHPM,0.008523165248334408,791.59106,3840.749,1174.7086,3931.0044
101140208_K51459_F1B04-914_1_21.jpg,6,CBVPM,0.008297502063214779,3972.8833,2325.7646,4157.4976,2595.559
101140208_K51459_F1B04-914_1_21.jpg,5,CBHPM,0.005901480093598366,240.90309,4585.7246,675.29175,4936.643
101140208_K51459_F1B04-914_1_21.jpg,6,CBVPM,0.005893470719456673,3863.4578,2881.2913,4160.0,2948.2314
101140208_K51459_F1B04-914_1_21.jpg,5,CBHPM,0.004904947243630886,534.3906,3493.144,872.29443,3817.8237
101140208_K51459_F1B04-914_1_21.jpg,6,CBVPM,0.004408917855471373,3987.0286,2880.4844,4297.3413,2959.7747
101140208_K51459_F1B04-914_1_21.jpg,6,CBVPM,0.004124524537473917,2085.8245,3453.6792,2238.2502,3822.5703
101140208_K51459_F1B04-914_1_21.jpg,5,CBHPM,0.0036332046147435904,3961.8982,2880.296,4288.1904,2958.6897
101140208_K51459_F1B04-914_1_21.jpg,6,CBVPM,0.003613542066887021,797.12695,3840.0,1191.048,3977.811
101140208_K51459_F1B04-914_1_21.jpg,6,CBVPM,0.0032795551232993603,331.8827,4658.8794,562.5631,4879.043
101140208_K51459_F1B04-914_1_21.jpg,5,CBHPM,0.00274753849953413,331.627,4652.3613,556.329,4882.045
101140208_K51459_F1B04-914_1_21.jpg,6,CBVPM,0.002284096088260412,515.2705,3499.514,748.38306,3802.6677
101140208_K51459_F1B04-914_1_21.jpg,5,CBHPM,0.002127809217199683,4824.968,1896.0793,5120.0,2240.0
101140208_K51459_F1B04-914_1_21.jpg,5,CBHPM,0.0020832146983593702,808.678,3840.0,1122.3208,4050.7595
101140208_K51459_F1B04-914_1_21.jpg,1,VHBNL,0.001952116610482335,1652.9303,962.62823,2008.2445,1118.365
101140208_K51459_F1B04-914_1_21.jpg,5,CBHPM,0.001098769367672503,2034.3065,3841.0962,2425.301,3903.9136
101140208_K51459_F1B04-914_1_21.jpg,3,SVHBNL,0.0010784699115902185,2167.631,2842.1755,2287.9792,2921.055
101141617_K51419_F1B04-912_1_21.jpg,6,CBVPM,0.20715893805027008,618.85474,3727.2285,800.9236,3910.7227
101141617_K51419_F1B04-912_1_21.jpg,5,CBHPM,0.19354569911956787,459.68384,3840.0,813.798,3912.3481
101141617_K51419_F1B04-912_1_21.jpg,5,CBHPM,0.15845125913619995,622.56165,3728.3625,801.61584,3907.8093
101141617_K51419_F1B04-912_1_21.jpg,6,CBVPM,0.13677741587162018,494.07788,3629.787,823.88696,3959.6572
101141617_K51419_F1B04-912_1_21.jpg,5,CBHPM,0.13444840908050537,597.25256,3840.0,759.6561,3900.9102
101141617_K51419_F1B04-912_1_21.jpg,6,CBVPM,0.051151979714632034,299.59576,3840.0,605.5808,3914.9087
101141617_K51419_F1B04-912_1_21.jpg,6,CBVPM,0.016392111778259277,535.1898,3840.0,828.9745,3938.3708
101141617_K51419_F1B04-912_1_21.jpg,5,CBHPM,0.014752076007425785,485.77463,3636.521,840.13965,3956.289
101141617_K51419_F1B04-912_1_21.jpg,6,CBVPM,0.014631638303399086,567.4092,3840.0,776.07544,3882.732
101141617_K51419_F1B04-912_1_21.jpg,5,CBHPM,0.014228450134396553,498.73523,3840.0,714.7612,3893.1218
101141617_K51419_F1B04-912_1_21.jpg,6,CBVPM,0.010234198532998562,301.49213,4826.384,503.43994,5050.3677
101141617_K51419_F1B04-912_1_21.jpg,6,CBVPM,0.0073974234983325005,3337.2637,2569.5962,3574.1074,2738.3284
101141617_K51419_F1B04-912_1_21.jpg,5,CBHPM,0.00607945816591382,354.8482,3840.702,566.4146,3899.6543
101141617_K51419_F1B04-912_1_21.jpg,5,CBHPM,0.0041076247580349445,154.44525,4728.3955,600.90295,5114.32
101141617_K51419_F1B04-912_1_21.jpg,5,CBHPM,0.003436614293605089,610.83026,3840.0,829.0452,3879.9546
101141617_K51419_F1B04-912_1_21.jpg,5,CBHPM,0.0018342547118663788,512.7068,3840.0,804.1333,3986.0066
101141617_K51419_F1B04-912_1_21.jpg,6,CBVPM,0.0018242351943627,334.5958,3840.0,728.599,3940.6926
101141617_K51419_F1B04-912_1_21.jpg,5,CBHPM,0.0015339384553954005,292.8352,4845.3633,454.6996,5056.5835
101141617_K51419_F1B04-912_1_21.jpg,6,CBVPM,0.001531432499177754,541.9171,3840.0,908.1576,4007.238
101141617_K51419_F1B04-912_1_21.jpg,4,SVHTNL,0.001225273939780891,2137.4004,2880.7788,2240.0,3005.5889
101141617_K51419_F1B04-912_1_21.jpg,6,CBVPM,0.0010371735552325845,216.42755,4795.667,532.5611,5095.676
101143128_K51379_F1B04-910_1_21.jpg,6,CBVPM,0.08362281322479248,663.58057,3660.9363,848.03955,3841.606
101143128_K51379_F1B04-910_1_21.jpg,6,CBVPM,0.04382737725973129,3948.3408,2448.3477,4158.233,2629.1965
101143128_K51379_F1B04-910_1_21.jpg,5,CBHPM,0.03818744793534279,691.79156,3666.2686,835.4959,3828.232
101143128_K51379_F1B04-910_1_21.jpg,5,CBHPM,0.03679203614592552,519.1564,3546.795,883.52576,3900.3774
101143128_K51379_F1B04-910_1_21.jpg,6,CBVPM,0.02504953369498253,538.68286,3574.9531,874.12524,3892.418
101143128_K51379_F1B04-910_1_21.jpg,5,CBHPM,0.009234989061951637,554.99426,3840.883,874.3878,3913.7004
101143128_K51379_F1B04-910_1_21.jpg,6,CBVPM,0.00820168387144804,582.0267,3840.854,884.61176,3915.9832
101143128_K51379_F1B04-910_1_21.jpg,6,CBVPM,0.006953617092221975,961.5866,4204.965,1035.6385,4478.78
101143128_K51379_F1B04-910_1_21.jpg,5,CBHPM,0.00609779916703701,960.0,4205.183,1102.2523,4504.448
101143128_K51379_F1B04-910_1_21.jpg,5,CBHPM,0.0033051888458430767,367.8074,3498.4268,809.7595,3895.9697
101143128_K51379_F1B04-910_1_21.jpg,5,CBHPM,0.003304501064121723,612.3535,2883.871,872.28516,3084.2432
101143128_K51379_F1B04-910_1_21.jpg,6,CBVPM,0.0019964028615504503,4025.054,2465.5112,4157.9834,2596.2607
101143128_K51379_F1B04-910_1_21.jpg,6,CBVPM,0.0014594773529097438,441.18167,3840.6309,824.51636,3905.7837
101143128_K51379_F1B04-910_1_21.jpg,5,CBHPM,0.001375102438032627,2045.1809,3841.026,2431.32,3909.0361
101143128_K51379_F1B04-910_1_21.jpg,3,SVHBNL,0.0013073307927697897,960.1575,2880.0,1093.8524,3215.0063
101143128_K51379_F1B04-910_1_21.jpg,5,CBHPM,0.0012868696358054876,4135.012,2124.7825,4477.396,2239.5916
101143128_K51379_F1B04-910_1_21.jpg,5,CBHPM,0.001270057400688529,4559.8657,2149.1716,4886.084,2239.8801
101143128_K51379_F1B04-910_1_21.jpg,5,CBHPM,0.0012050718069076538,2134.7834,3840.0,2318.9902,3906.0234
101143128_K51379_F1B04-910_1_21.jpg,5,CBHPM,0.0011280246544629335,250.33488,3535.3853,666.1136,3892.3933
101143128_K51379_F1B04-910_1_21.jpg,6,CBVPM,0.0010748072527348995,4033.0227,2880.565,4393.512,2951.1792
101143128_K51379_F1B04-910_1_21.jpg,6,CBVPM,0.0010617261286824942,2114.3467,3841.328,2240.0,3908.0535
101143128_K51379_F1B04-910_1_21.jpg,5,CBHPM,0.0010200201068073511,564.9033,2798.127,920.6887,3145.766
101144725_K51339_F1B04-908_1_21.jpg,6,CBVPM,0.22817030549049377,535.5686,3655.5688,720.39343,3838.5837
101144725_K51339_F1B04-908_1_21.jpg,6,CBVPM,0.043887604027986526,409.58444,3590.5925,750.60254,3881.2366
101144725_K51339_F1B04-908_1_21.jpg,5,CBHPM,0.01904701441526413,545.6044,3660.479,705.1631,3834.2483
101144725_K51339_F1B04-908_1_21.jpg,5,CBHPM,0.01666433736681938,439.74963,3840.487,755.9867,3919.2183
101144725_K51339_F1B04-908_1_21.jpg,5,CBHPM,0.01555626280605793,389.9623,3578.7607,755.75134,3894.0508
101144725_K51339_F1B04-908_1_21.jpg,6,CBVPM,0.010953747667372227,3285.5593,2459.2114,3582.8716,2654.0686
101144725_K51339_F1B04-908_1_21.jpg,6,CBVPM,0.0095108263194561,453.02222,3840.3547,767.5657,3937.795
101144725_K51339_F1B04-908_1_21.jpg,5,CBHPM,0.0076990085653960705,315.71942,3840.8245,685.7159,3906.5354
101144725_K51339_F1B04-908_1_21.jpg,3,SVHBNL,0.004497884307056665,2117.7566,1920.0,2239.241,2365.4084
101144725_K51339_F1B04-908_1_21.jpg,2,SVHBNM,0.0033266404643654823,960.37317,2242.9204,1022.77014,2705.706
101144725_K51339_F1B04-908_1_21.jpg,5,CBHPM,0.0025815966073423624,103.179504,3565.1953,490.76654,3879.091
101144725_K51339_F1B04-908_1_21.jpg,5,CBHPM,0.001969636185094714,455.61047,2420.2402,845.834,2778.332
101144725_K51339_F1B04-908_1_21.jpg,15,DRPS,0.0019026633817702532,2078.7944,1920.0,2239.2437,2299.733
101144725_K51339_F1B04-908_1_21.jpg,6,CBVPM,0.0015708496794104576,534.8578,3840.0,695.98083,3911.781
101144725_K51339_F1B04-908_1_21.jpg,5,CBHPM,0.0015403683064505458,2198.2651,3061.8433,2495.6006,3200.0
101144725_K51339_F1B04-908_1_21.jpg,6,CBVPM,0.0013701734133064747,275.51074,3840.0,671.1289,3901.4165
101144725_K51339_F1B04-908_1_21.jpg,2,SVHBNM,0.0012618870241567492,961.25745,2642.9734,1015.30347,3103.5103
101144725_K51339_F1B04-908_1_21.jpg,5,CBHPM,0.0012317935470491648,512.01196,3840.0,682.8401,3905.9775
101144725_K51339_F1B04-908_1_21.jpg,6,CBVPM,0.0011099751573055983,2168.462,3032.7886,2512.7588,3198.829
101144725_K51339_F1B04-908_1_21.jpg,6,CBVPM,0.0010650823824107647,491.11676,3840.0,710.1563,3878.3887
101144725_K51339_F1B04-908_1_21.jpg,5,CBHPM,0.0010181458201259375,485.83038,3841.5142,650.54376,3969.2583
101146409_K51299_F1B04-906_1_21.jpg,6,CBVPM,0.06425697356462479,493.08252,3538.1514,857.3412,3876.1587
101146409_K51299_F1B04-906_1_21.jpg,6,CBVPM,0.03844447061419487,627.01135,3623.9272,825.182,3829.3691
101146409_K51299_F1B04-906_1_21.jpg,5,CBHPM,0.020669257268309593,650.8674,3634.018,807.0975,3809.8997
101146409_K51299_F1B04-906_1_21.jpg,5,CBHPM,0.016622381284832954,478.37097,3534.385,864.38684,3882.4683
101146409_K51299_F1B04-906_1_21.jpg,6,CBVPM,0.016581915318965912,3852.9165,2366.69,4137.675,2581.438
101146409_K51299_F1B04-906_1_21.jpg,5,CBHPM,0.008335794322192669,230.5876,3523.8682,627.26324,3844.525
101146409_K51299_F1B04-906_1_21.jpg,3,SVHBNL,0.005225378088653088,963.5731,2880.0,1153.6373,3175.4258
101146409_K51299_F1B04-906_1_21.jpg,5,CBHPM,0.004687463399022818,431.1802,3841.086,814.8423,3906.217
101146409_K51299_F1B04-906_1_21.jpg,3,SVHBNL,0.004209787119179964,960.0,2684.9856,1028.4498,3057.9165
101146409_K51299_F1B04-906_1_21.jpg,6,CBVPM,0.0030555222183465958,4867.9336,2126.56,5112.7812,2236.1074
101146409_K51299_F1B04-906_1_21.jpg,5,CBHPM,0.0026376545429229736,518.0563,3840.0,716.45935,3895.6306
101146409_K51299_F1B04-906_1_21.jpg,5,CBHPM,0.0024629742838442326,230.912,4600.4077,652.32056,4925.121
101146409_K51299_F1B04-906_1_21.jpg,3,SVHBNL,0.002065206877887249,2170.771,2219.3687,2239.9512,2659.0552
101146409_K51299_F1B04-906_1_21.jpg,6,CBVPM,0.0019287217874079943,3963.411,2291.6428,4157.3984,2586.1326
101146409_K51299_F1B04-906_1_21.jpg,6,CBVPM,0.0014995441306382418,1156.0646,3840.0,1278.0382,3941.0059
101148227_K51259_F1B04-904_1_21.jpg,6,CBVPM,0.15457753837108612,577.05664,3621.1343,772.5476,3808.8706
101148227_K51259_F1B04-904_1_21.jpg,5,CBHPM,0.05210386961698532,402.13867,3497.5916,807.797,3867.5347
101148227_K51259_F1B04-904_1_21.jpg,6,CBVPM,0.048416633158922195,395.17114,3493.3066,809.7427,3872.512
101148227_K51259_F1B04-904_1_21.jpg,6,CBVPM,0.04840727522969246,494.0677,3567.2256,790.26764,3829.5295
101148227_K51259_F1B04-904_1_21.jpg,6,CBVPM,0.0273730605840683,3312.0881,2413.6348,3587.2039,2606.9429
101148227_K51259_F1B04-904_1_21.jpg,5,CBHPM,0.003989777993410826,1949.7207,3997.4695,2238.732,4160.0
101148227_K51259_F1B04-904_1_21.jpg,5,CBHPM,0.003949906677007675,613.27454,3628.4468,765.6909,3789.1885
101148227_K51259_F1B04-904_1_21.jpg,5,CBHPM,0.0027716495096683502,2023.4578,1949.2367,2440.4739,2240.0
101148227_K51259_F1B04-904_1_21.jpg,5,CBHPM,0.002099985722452402,3783.7192,3087.466,3938.0234,3194.909
101148227_K51259_F1B04-904_1_21.jpg,5,CBHPM,0.0018675526371225715,2161.1716,2953.5933,2594.1814,3200.0
101148227_K51259_F1B04-904_1_21.jpg,6,CBVPM,0.0017216081032529473,433.33163,3841.264,800.8827,3905.4973
101148227_K51259_F1B04-904_1_21.jpg,13,BSBM,0.0012837371323257685,453.9226,3474.8992,771.5282,3844.4636
101150169_K51219_F1B04-902_1_21.jpg,6,CBVPM,0.09683199226856232,3870.904,2324.3708,4142.215,2519.1863
101150169_K51219_F1B04-902_1_21.jpg,6,CBVPM,0.08667296916246414,482.80103,3638.208,670.3032,3824.2666
101150169_K51219_F1B04-902_1_21.jpg,6,CBVPM,0.042658280581235886,360.43353,3583.3335,699.5347,3866.4873
101150169_K51219_F1B04-902_1_21.jpg,5,CBHPM,0.007113557308912277,515.5663,3646.1917,661.0408,3805.627
101150169_K51219_F1B04-902_1_21.jpg,6,CBVPM,0.0070652831345796585,422.7419,3840.3428,753.76294,3905.2397
101150169_K51219_F1B04-902_1_21.jpg,5,CBHPM,0.0062913596630096436,44.92874,3509.3413,477.06113,3854.3486
101150169_K51219_F1B04-902_1_21.jpg,5,CBHPM,0.004867015406489372,419.75134,3841.0774,737.7661,3906.0317
101150169_K51219_F1B04-902_1_21.jpg,5,CBHPM,0.002169510116800666,3744.9302,1773.1979,4160.0,2209.004
101150169_K51219_F1B04-902_1_21.jpg,2,SVHBNM,0.0018087889766320586,960.33466,2609.6504,1015.84863,3024.3862
101150169_K51219_F1B04-902_1_21.jpg,5,CBHPM,0.0012864212039858103,316.25256,3529.0186,716.6334,3887.018
101152001_K51178_F1B04-900_1_21.jpg,5,CBHPM,0.10696922242641449,556.28284,3841.0962,851.3844,3915.939
101152001_K51178_F1B04-900_1_21.jpg,6,CBVPM,0.028353627771139145,461.7208,3537.7502,857.26575,3899.4626
101152001_K51178_F1B04-900_1_21.jpg,6,CBVPM,0.027581853792071342,621.2377,3646.5505,819.0631,3835.3628
101152001_K51178_F1B04-900_1_21.jpg,5,CBHPM,0.009940979070961475,651.5803,3657.8198,794.55225,3815.291
101152001_K51178_F1B04-900_1_21.jpg,5,CBHPM,0.006151432171463966,430.6106,3841.0586,774.468,3908.2612
101152001_K51178_F1B04-900_1_21.jpg,6,CBVPM,0.005890816915780306,3297.8242,2510.0798,3569.086,2698.6387
101152001_K51178_F1B04-900_1_21.jpg,6,CBVPM,0.0053671919740736485,575.8262,3840.0,917.55676,3912.7202
101152001_K51178_F1B04-900_1_21.jpg,5,CBHPM,0.0028029975946992636,3360.7866,2537.3506,3529.6882,2657.7432
101152001_K51178_F1B04-900_1_21.jpg,5,CBHPM,0.0022317105904221535,339.59668,3510.4756,747.1106,3889.4956
101152001_K51178_F1B04-900_1_21.jpg,5,CBHPM,0.0019364514155313373,519.46265,3671.001,803.14624,3883.5762
101152001_K51178_F1B04-900_1_21.jpg,5,CBHPM,0.001846018829382956,200.06995,3541.7178,621.5996,3872.1172
101152001_K51178_F1B04-900_1_21.jpg,6,CBVPM,0.0018053193343803287,3359.0747,2537.7854,3519.6108,2658.314
101152001_K51178_F1B04-900_1_21.jpg,5,CBHPM,0.0015068163629621267,508.62738,3686.7551,890.4943,3994.7593
101152001_K51178_F1B04-900_1_21.jpg,6,CBVPM,0.0013211513869464397,4019.893,2922.4023,4158.788,3193.3306
101152001_K51178_F1B04-900_1_21.jpg,6,CBVPM,0.0012021391885355115,629.02734,3840.0,828.7639,3900.329
101152001_K51178_F1B04-900_1_21.jpg,6,CBVPM,0.0011379128554835916,437.57687,3840.427,772.4956,3928.7583
101152001_K51178_F1B04-900_1_21.jpg,5,CBHPM,0.0011024026898667216,494.51648,3840.0,705.5338,3895.6575
101152001_K51178_F1B04-900_1_21.jpg,5,CBHPM,0.0010702615836635232,2233.745,3081.6677,2545.1262,3200.0
101153920_K51140_F1B04-898_1_21.jpg,6,CBVPM,0.08362515270709991,3841.366,2401.1218,4129.8467,2615.6235
101153920_K51140_F1B04-898_1_21.jpg,6,CBVPM,0.04915730282664299,545.5277,3605.852,742.3213,3796.4734
101153920_K51140_F1B04-898_1_21.jpg,6,CBVPM,0.044887054711580276,431.6836,3525.3887,779.5167,3841.2668
101153920_K51140_F1B04-898_1_21.jpg,5,CBHPM,0.008701120503246784,573.80896,3609.9165,738.1311,3776.9946
101153920_K51140_F1B04-898_1_21.jpg,5,CBHPM,0.0044728112407028675,447.28918,3840.3286,820.2395,3904.8606
101153920_K51140_F1B04-898_1_21.jpg,6,CBVPM,0.0035621263086795807,1971.0079,4040.032,2102.5796,4154.204
101153920_K51140_F1B04-898_1_21.jpg,6,CBVPM,0.00287244888022542,440.16962,3840.2607,808.93475,3903.5134
101153920_K51140_F1B04-898_1_21.jpg,2,SVHBNM,0.002301247324794531,2880.147,591.8352,2934.4536,1026.8756
101153920_K51140_F1B04-898_1_21.jpg,13,BSBM,0.0022042738273739815,2881.1328,502.0794,2937.438,860.76447
101153920_K51140_F1B04-898_1_21.jpg,6,CBVPM,0.0020864487159997225,512.59436,2880.275,822.8617,2945.6252
101153920_K51140_F1B04-898_1_21.jpg,5,CBHPM,0.0018770921742543578,1837.968,4044.19,2180.871,4160.0
101153920_K51140_F1B04-898_1_21.jpg,5,CBHPM,0.0015585576184093952,1988.287,4037.7507,2123.187,4154.5957
101201456_K50969_F1B04-888_1_21.jpg,6,CBVPM,0.3935529887676239,1022.1167,3486.4993,1280.0,3853.478
101201456_K50969_F1B04-888_1_21.jpg,6,CBVPM,0.07058236747980118,1146.6091,3605.9136,1280.0,3796.4458
101201456_K50969_F1B04-888_1_21.jpg,6,CBVPM,0.05507751181721687,3930.7954,2405.6301,4160.0,2594.4128
101201456_K50969_F1B04-888_1_21.jpg,5,CBHPM,0.05345238000154495,1148.439,3607.1252,1309.6881,3782.5635
101201456_K50969_F1B04-888_1_21.jpg,5,CBHPM,0.051861029118299484,1039.0475,3488.8042,1347.3422,3831.878
101201456_K50969_F1B04-888_1_21.jpg,6,CBVPM,0.018709223717451096,742.0062,4523.2993,1171.6853,4907.9863
101201456_K50969_F1B04-888_1_21.jpg,1,VHBNL,0.01395148504525423,1200.7253,2392.3345,1280.0,2691.8955
101201456_K50969_F1B04-888_1_21.jpg,6,CBVPM,0.013704963959753513,880.9042,4619.0146,1108.8964,4852.9863
101201456_K50969_F1B04-888_1_21.jpg,13,BSBM,0.011693362146615982,1019.077,3485.0952,1279.1488,3835.8247
101201456_K50969_F1B04-888_1_21.jpg,5,CBHPM,0.011692359112203121,746.64124,4528.4937,1169.204,4894.907
101201456_K50969_F1B04-888_1_21.jpg,3,SVHBNL,0.005718500353395939,3841.0752,1920.0,4002.423,2283.3345
101201456_K50969_F1B04-888_1_21.jpg,6,CBVPM,0.003824919695034623,1193.7206,2445.6562,1445.5088,2677.9946
101201456_K50969_F1B04-888_1_21.jpg,1,VHBNL,0.0016223274869844317,3665.7017,1920.101,4030.5088,2133.8657
101201456_K50969_F1B04-888_1_21.jpg,5,CBHPM,0.0014245801139622927,911.469,4638.067,1091.262,4843.763
101201456_K50969_F1B04-888_1_21.jpg,6,CBVPM,0.0012015746906399727,1043.208,3582.1987,1245.7407,3797.747
101201456_K50969_F1B04-888_1_21.jpg,5,CBHPM,0.0010353955440223217,961.6332,4550.9595,1154.9724,4870.703
101202863_K50939_F1B04-886_1_21.jpg,6,CBVPM,0.15234626829624176,1012.4608,3480.4937,1323.547,3836.054
101202863_K50939_F1B04-886_1_21.jpg,6,CBVPM,0.15056763589382172,3964.958,2421.6006,4160.0,2607.4048
101202863_K50939_F1B04-886_1_21.jpg,6,CBVPM,0.04719170182943344,1141.5043,3560.8496,1280.0,3780.1123
101202863_K50939_F1B04-886_1_21.jpg,5,CBHPM,0.025709938257932663,1156.9503,3590.2808,1280.0,3759.9082
101202863_K50939_F1B04-886_1_21.jpg,6,CBVPM,0.02360219694674015,738.3041,4510.1797,1097.7549,4915.3315
101202863_K50939_F1B04-886_1_21.jpg,6,CBVPM,0.007613971829414368,849.90735,4603.283,1076.8197,4854.838
101202863_K50939_F1B04-886_1_21.jpg,6,CBVPM,0.005363593343645334,3079.5427,0.31987,3238.5654,94.70216
101202863_K50939_F1B04-886_1_21.jpg,5,CBHPM,0.004749210085719824,1005.03394,3446.7656,1280.0,3836.3052
101202863_K50939_F1B04-886_1_21.jpg,5,CBHPM,0.0045761181972920895,767.282,4551.8447,1141.8541,4888.215
101202863_K50939_F1B04-886_1_21.jpg,6,CBVPM,0.0038748905062675476,961.94434,4528.406,1090.5771,4872.208
101202863_K50939_F1B04-886_1_21.jpg,6,CBVPM,0.00353589141741395,662.5227,3408.3716,1113.8711,3839.7202
101202863_K50939_F1B04-886_1_21.jpg,3,SVHBNL,0.0030012866482138634,3842.3025,1574.1576,3972.1675,1911.1703
101202863_K50939_F1B04-886_1_21.jpg,6,CBVPM,0.0015959037700667977,3096.1553,960.49207,3529.5757,1200.0159
101202863_K50939_F1B04-886_1_21.jpg,3,SVHBNL,0.0014864178374409676,962.3081,3733.8774,998.8227,3966.1606
101202863_K50939_F1B04-886_1_21.jpg,5,CBHPM,0.0014310122933238745,676.39954,3417.9163,1056.3531,3815.015
101202863_K50939_F1B04-886_1_21.jpg,5,CBHPM,0.001424396992661059,884.78394,4632.392,1072.5476,4835.377
101202863_K50939_F1B04-886_1_21.jpg,15,DRPS,0.001303045079112053,3840.0,1572.6221,4011.0183,1944.342
101202863_K50939_F1B04-886_1_21.jpg,5,CBHPM,0.0012605877127498388,960.0,4564.898,1088.5586,4902.178
101202863_K50939_F1B04-886_1_21.jpg,5,CBHPM,0.0011366198305040598,1929.1965,1495.4708,2240.0,1946.6742
101202863_K50939_F1B04-886_1_21.jpg,6,CBVPM,0.0010575539199635386,1127.7177,3588.0479,1279.5912,3920.3765
101204260_K50909_F1B04-884_1_21.jpg,6,CBVPM,0.11757767200469971,730.05493,4517.7944,1060.0037,4845.8853
101204260_K50909_F1B04-884_1_21.jpg,6,CBVPM,0.10372237861156464,1096.9622,3514.3354,1277.8809,3697.0452
101204260_K50909_F1B04-884_1_21.jpg,6,CBVPM,0.06654323637485504,812.7594,4592.281,1037.5608,4826.71
101204260_K50909_F1B04-884_1_21.jpg,6,CBVPM,0.0465683788061142,991.39856,3453.6335,1301.1239,3721.1296
101204260_K50909_F1B04-884_1_21.jpg,6,CBVPM,0.043986476957798004,3884.476,2360.3088,4160.0,2573.9502
101204260_K50909_F1B04-884_1_21.jpg,5,CBHPM,0.03762662410736084,708.5419,4515.538,1084.6931,4840.0566
101204260_K50909_F1B04-884_1_21.jpg,5,CBHPM,0.018192699179053307,3889.809,2364.914,4160.0,2576.3022
101204260_K50909_F1B04-884_1_21.jpg,5,CBHPM,0.016995694488286972,1115.0161,3521.656,1276.89,3687.3008
101204260_K50909_F1B04-884_1_21.jpg,5,CBHPM,0.015716051682829857,991.019,3405.253,1329.3376,3738.4087
101204260_K50909_F1B04-884_1_21.jpg,5,CBHPM,0.01022859662771225,828.58044,4605.271,1016.6339,4815.0776
101204260_K50909_F1B04-884_1_21.jpg,6,CBVPM,0.00968149397522211,960.93915,4616.1826,1027.2656,4822.3545
101204260_K50909_F1B04-884_1_21.jpg,6,CBVPM,0.008371478877961636,1206.3999,2308.359,1441.4352,2558.061
101204260_K50909_F1B04-884_1_21.jpg,5,CBHPM,0.00552895525470376,960.8822,4614.9,1008.89966,4824.9673
101204260_K50909_F1B04-884_1_21.jpg,5,CBHPM,0.004297649022191763,960.0,4473.581,1093.9446,4822.935
101204260_K50909_F1B04-884_1_21.jpg,4,SVHTNL,0.0028471965342760086,960.0,2573.6338,1069.6647,2782.5317
101204260_K50909_F1B04-884_1_21.jpg,3,SVHBNL,0.002101631136611104,3840.4255,1926.954,3905.3108,2350.9844
101204260_K50909_F1B04-884_1_21.jpg,6,CBVPM,0.0018721813103184104,960.8713,4543.3853,1057.8562,4855.299
101204260_K50909_F1B04-884_1_21.jpg,6,CBVPM,0.0015176270389929414,4853.1943,2126.8574,5119.4155,2236.834
101204260_K50909_F1B04-884_1_21.jpg,6,CBVPM,0.0013044707011431456,4043.9824,2338.6772,4155.514,2563.7942
101204260_K50909_F1B04-884_1_21.jpg,6,CBVPM,0.0010724094463512301,979.8452,3485.3953,1168.2554,3702.1543
101204260_K50909_F1B04-884_1_21.jpg,5,CBHPM,0.001041047158651054,974.55035,3534.1094,1251.3887,3734.0044
101205677_K50879_F1B04-882_1_21.jpg,6,CBVPM,0.5413060784339905,1062.1736,3595.6548,1276.8896,3899.267
101205677_K50879_F1B04-882_1_21.jpg,6,CBVPM,0.2737305760383606,1176.9934,3658.292,1277.4087,3867.8813
101205677_K50879_F1B04-882_1_21.jpg,6,CBVPM,0.1309766173362732,3974.0828,2406.2173,4160.0,2651.418
101205677_K50879_F1B04-882_1_21.jpg,5,CBHPM,0.11382552981376648,1174.6055,3684.9,1277.8403,3851.2236
101205677_K50879_F1B04-882_1_21.jpg,6,CBVPM,0.04971146583557129,960.49365,4566.5054,1107.0105,4870.0596
101205677_K50879_F1B04-882_1_21.jpg,6,CBVPM,0.017819037660956383,803.4336,4587.335,1156.5194,4891.4883
101205677_K50879_F1B04-882_1_21.jpg,1,VHBNL,0.013273900374770164,1189.3945,3682.5054,1279.415,3847.5894
101205677_K50879_F1B04-882_1_21.jpg,5,CBHPM,0.011896993033587933,960.6883,4637.343,1116.3507,4853.8325
101205677_K50879_F1B04-882_1_21.jpg,5,CBHPM,0.011776117607951164,779.041,4561.546,1189.6951,4899.633
101205677_K50879_F1B04-882_1_21.jpg,6,CBVPM,0.01102478988468647,962.39355,4616.9453,1049.5322,4869.1367
101205677_K50879_F1B04-882_1_21.jpg,12,GWCNL,0.007044143509119749,940.58716,3749.1677,1280.0,4158.8584
101205677_K50879_F1B04-882_1_21.jpg,1,VHBNL,0.006842154078185558,1080.6815,3590.0618,1277.8234,3860.6462
101205677_K50879_F1B04-882_1_21.jpg,5,CBHPM,0.004935425240546465,1070.0625,3599.6855,1371.9629,3878.645
101205677_K50879_F1B04-882_1_21.jpg,6,CBVPM,0.0045960512943565845,758.3882,3499.7236,1190.9878,3905.0283
101205677_K50879_F1B04-882_1_21.jpg,5,CBHPM,0.0045355805195868015,762.6786,3491.1973,1193.9299,3885.6523
101205677_K50879_F1B04-882_1_21.jpg,5,CBHPM,0.004124622326344252,1165.4714,3840.0,1280.0,3894.968
101205677_K50879_F1B04-882_1_21.jpg,6,CBVPM,0.0036915200762450695,1144.4978,3841.0203,1280.0,3899.8728
101205677_K50879_F1B04-882_1_21.jpg,6,CBVPM,0.0028794212266802788,1152.1737,3611.579,1280.0,3768.1953
101205677_K50879_F1B04-882_1_21.jpg,6,CBVPM,0.0025426149368286133,4011.806,2483.3657,4182.227,2618.8013
101205677_K50879_F1B04-882_1_21.jpg,13,BSBM,0.0022211188916116953,4118.677,2415.6328,4159.2637,2636.3823
101205677_K50879_F1B04-882_1_21.jpg,5,CBHPM,0.002119263168424368,1072.5255,3841.1855,1404.9033,3913.5376
101205677_K50879_F1B04-882_1_21.jpg,5,CBHPM,0.0016532738227397203,1057.5957,2712.2837,1280.0,3135.7917
101205677_K50879_F1B04-882_1_21.jpg,5,CBHPM,0.0015906109474599361,1505.7009,2062.4932,1937.1423,2455.779
101205677_K50879_F1B04-882_1_21.jpg,5,CBHPM,0.0014217698480933905,1228.2789,3679.1357,1280.0,3852.0854
101205677_K50879_F1B04-882_1_21.jpg,3,SVHBNL,0.0012897950364276767,958.1708,3840.0,1276.3375,4196.91
101205677_K50879_F1B04-882_1_21.jpg,5,CBHPM,0.001271548098884523,4015.7874,2477.6577,4193.8203,2620.2886
101205677_K50879_F1B04-882_1_21.jpg,4,SVHTNL,0.0011365662794560194,960.0,3971.2966,990.5054,4141.532
101205677_K50879_F1B04-882_1_21.jpg,5,CBHPM,0.0011028811568394303,963.3045,4543.8896,1169.6785,4880.138
101207084_K50849_F1B04-880_1_21.jpg,6,CBVPM,0.35761988162994385,1138.7704,3551.6484,1280.0,3876.794
101207084_K50849_F1B04-880_1_21.jpg,6,CBVPM,0.26969003677368164,1136.4574,3606.9976,1433.5847,3866.823
101207084_K50849_F1B04-880_1_21.jpg,6,CBVPM,0.1254815012216568,1239.7917,3648.6582,1419.1425,3841.2036
101207084_K50849_F1B04-880_1_21.jpg,6,CBVPM,0.08777551352977753,990.5115,4634.4966,1183.4988,4842.659
101207084_K50849_F1B04-880_1_21.jpg,6,CBVPM,0.06723573058843613,3920.1516,2446.2827,4160.0,2630.1853
101207084_K50849_F1B04-880_1_21.jpg,5,CBHPM,0.053222108632326126,1255.1702,3659.316,1411.6125,3823.9365
101207084_K50849_F1B04-880_1_21.jpg,6,CBVPM,0.030149739235639572,961.68066,4542.0283,1245.8792,4882.0635
101207084_K50849_F1B04-880_1_21.jpg,5,CBHPM,0.02256891131401062,960.0,4552.867,1271.6249,4871.549
101207084_K50849_F1B04-880_1_21.jpg,5,CBHPM,0.021571630612015724,1200.7815,3840.0,1397.7672,3898.197
101207084_K50849_F1B04-880_1_21.jpg,5,CBHPM,0.013964833691716194,1118.7029,3573.45,1443.8279,3864.9998
101207084_K50849_F1B04-880_1_21.jpg,5,CBHPM,0.007307670544832945,1004.0011,4630.995,1188.4745,4837.5938
101207084_K50849_F1B04-880_1_21.jpg,5,CBHPM,0.006077338010072708,1141.9922,3495.5337,1280.0,3885.454
101207084_K50849_F1B04-880_1_21.jpg,6,CBVPM,0.005183517467230558,1004.1107,3547.9053,1280.0,3910.0107
101207084_K50849_F1B04-880_1_21.jpg,5,CBHPM,0.005110435653477907,3945.8667,2444.356,4160.0,2622.371
101207084_K50849_F1B04-880_1_21.jpg,5,CBHPM,0.0037407067138701677,980.307,3504.4043,1279.3802,3912.4072
101207084_K50849_F1B04-880_1_21.jpg,6,CBVPM,0.002821670612320304,1161.3884,3840.1296,1522.5488,3907.903
101207084_K50849_F1B04-880_1_21.jpg,5,CBHPM,0.001538204844109714,760.9923,3471.481,1206.0234,3874.6836
101207084_K50849_F1B04-880_1_21.jpg,13,BSBM,0.001455735182389617,1149.6431,3511.869,1280.0,3888.273
101207084_K50849_F1B04-880_1_21.jpg,6,CBVPM,0.0014131744392216206,1191.5339,3575.7788,1278.5449,3748.6973
101207084_K50849_F1B04-880_1_21.jpg,15,DRPS,0.0013621801044791937,961.20233,3742.613,1175.9548,4084.093
101207084_K50849_F1B04-880_1_21.jpg,2,SVHBNM,0.0011983653530478477,3840.7073,1651.5587,3903.2317,2043.645
101207084_K50849_F1B04-880_1_21.jpg,5,CBHPM,0.00116044282913208,1091.1194,3840.0,1280.0,3901.8914
101207084_K50849_F1B04-880_1_21.jpg,5,CBHPM,0.0010367907816544175,1132.0413,3841.3972,1480.3582,3906.3545
101208490_K50819_F1B04-878_1_21.jpg,6,CBVPM,0.12173152714967728,1148.0848,3569.8296,1459.0457,3898.6475
101208490_K50819_F1B04-878_1_21.jpg,6,CBVPM,0.1183980405330658,1162.831,3558.6616,1279.1772,3894.4282
101208490_K50819_F1B04-878_1_21.jpg,6,CBVPM,0.05031905695796013,1011.12537,4628.212,1220.266,4839.0503
101208490_K50819_F1B04-878_1_21.jpg,6,CBVPM,0.04894409328699112,3976.7336,2462.3179,4160.0,2665.2065
101208490_K50819_F1B04-878_1_21.jpg,6,CBVPM,0.0401650071144104,1258.0232,3660.7258,1428.1616,3846.778
101208490_K50819_F1B04-878_1_21.jpg,5,CBHPM,0.03963437303900719,960.0,4576.506,1278.6221,4868.1587
101208490_K50819_F1B04-878_1_21.jpg,6,CBVPM,0.03040158562362194,902.4419,4548.1675,1270.4417,4894.83
101208490_K50819_F1B04-878_1_21.jpg,5,CBHPM,0.02756638266146183,1272.5026,3671.847,1424.6824,3831.5605
101208490_K50819_F1B04-878_1_21.jpg,6,CBVPM,0.01898975856602192,1204.5972,3840.537,1477.7747,3912.5117
101208490_K50819_F1B04-878_1_21.jpg,5,CBHPM,0.011996052227914333,1190.8987,3840.4963,1467.7758,3911.3137
101208490_K50819_F1B04-878_1_21.jpg,5,CBHPM,0.011403788812458515,837.2919,3506.8232,1257.7601,3892.1582
101208490_K50819_F1B04-878_1_21.jpg,5,CBHPM,0.010703397914767265,1151.1013,3573.6995,1460.7109,3878.5938
101208490_K50819_F1B04-878_1_21.jpg,5,CBHPM,0.008751152083277702,1036.4678,4642.479,1222.081,4840.315
101208490_K50819_F1B04-878_1_21.jpg,6,CBVPM,0.0067458138801157475,815.1905,3486.4849,1232.9136,3894.4358
101208490_K50819_F1B04-878_1_21.jpg,2,SVHBNM,0.0018888310296460986,2160.253,452.53128,2239.6123,772.97095
101208490_K50819_F1B04-878_1_21.jpg,5,CBHPM,0.0018515464616939425,1163.8325,3513.2869,1277.9543,3911.157
101208490_K50819_F1B04-878_1_21.jpg,2,SVHBNM,0.001510394155047834,1920.1141,1920.0,1992.0967,2330.7893
101208490_K50819_F1B04-878_1_21.jpg,5,CBHPM,0.0015085276681929827,4029.4712,2365.5796,4160.0,2670.192
101209888_K50789_F1B04-876_1_21.jpg,6,CBVPM,0.18559955060482025,1047.2195,3580.8608,1275.3977,3921.3289
101209888_K50789_F1B04-876_1_21.jpg,6,CBVPM,0.10661081224679947,1181.5557,3674.2556,1277.7842,3869.568
101209888_K50789_F1B04-876_1_21.jpg,5,CBHPM,0.08237958699464798,1048.2324,3591.9268,1275.2642,3908.5803
101209888_K50789_F1B04-876_1_21.jpg,6,CBVPM,0.07080566138029099,1127.1741,3623.225,1280.0,3881.4487
101209888_K50789_F1B04-876_1_21.jpg,5,CBHPM,0.048523999750614166,1182.8817,3693.7832,1341.5487,3856.8203
101209888_K50789_F1B04-876_1_21.jpg,6,CBVPM,0.03170827403664589,4000.015,2354.6106,4159.6455,2600.4492
101209888_K50789_F1B04-876_1_21.jpg,5,CBHPM,0.024618996307253838,765.01135,3543.5952,1159.4786,3904.6907
101209888_K50789_F1B04-876_1_21.jpg,6,CBVPM,0.02136605605483055,1165.9458,3683.2153,1349.2507,3878.5068
101209888_K50789_F1B04-876_1_21.jpg,6,CBVPM,0.013683013617992401,3984.5437,2381.2693,4279.055,2593.6538
101209888_K50789_F1B04-876_1_21.jpg,6,CBVPM,0.00906276423484087,882.2903,4661.134,1106.8137,4886.0435
101209888_K50789_F1B04-876_1_21.jpg,6,CBVPM,0.005561888683587313,1153.8046,3840.6453,1279.1339,3915.3062
101209888_K50789_F1B04-876_1_21.jpg,5,CBHPM,0.004296926781535149,761.26086,4583.6885,1180.5345,4924.725
101209888_K50789_F1B04-876_1_21.jpg,6,CBVPM,0.0037342614959925413,774.03357,4583.243,1175.4104,4923.7163
101209888_K50789_F1B04-876_1_21.jpg,5,CBHPM,0.0027842712588608265,1145.5818,3841.8025,1321.9531,3963.1584
101209888_K50789_F1B04-876_1_21.jpg,6,CBVPM,0.0025668716989457607,960.0,4578.6597,1132.5614,4906.118
101209888_K50789_F1B04-876_1_21.jpg,5,CBHPM,0.0024239476770162582,1032.766,3841.0679,1386.5876,3914.9282
101209888_K50789_F1B04-876_1_21.jpg,1,VHBNL,0.0021377697121351957,1080.0361,3841.71,1366.279,3959.9707
101209888_K50789_F1B04-876_1_21.jpg,6,CBVPM,0.001756685203872621,753.7113,3598.0962,1120.1913,3935.3452
101209888_K50789_F1B04-876_1_21.jpg,4,SVHTNL,0.0013917874312028289,960.04974,3970.7239,986.9257,4168.006
101209888_K50789_F1B04-876_1_21.jpg,5,CBHPM,0.0012599378824234009,960.0,4638.478,1104.7124,4895.986
101209888_K50789_F1B04-876_1_21.jpg,6,CBVPM,0.0012414439115673304,3982.4167,2449.0652,4159.581,2859.647
101209888_K50789_F1B04-876_1_21.jpg,6,CBVPM,0.001120955916121602,2880.0,15.97937,2958.921,232.89206
101209888_K50789_F1B04-876_1_21.jpg,6,CBVPM,0.0010086370166391134,1051.1222,3841.4082,1280.0,3927.5476
101211295_K50759_F1B04-874_1_21.jpg,6,CBVPM,0.24981416761875153,1182.77,3604.2222,1279.9219,3873.1807
101211295_K50759_F1B04-874_1_21.jpg,6,CBVPM,0.2482599914073944,960.28076,4603.7847,1100.3691,4890.509
101211295_K50759_F1B04-874_1_21.jpg,5,CBHPM,0.12382946163415909,1197.0872,3686.2998,1341.3145,3850.669
101211295_K50759_F1B04-874_1_21.jpg,6,CBVPM,0.09752880781888962,1078.0127,3590.4878,1280.0,3891.748
101211295_K50759_F1B04-874_1_21.jpg,6,CBVPM,0.09167423844337463,1192.5951,3680.4204,1341.7236,3852.692
101211295_K50759_F1B04-874_1_21.jpg,6,CBVPM,0.03860261291265488,3967.735,2394.1257,4239.7847,2580.2544
101211295_K50759_F1B04-874_1_21.jpg,5,CBHPM,0.026262663304805756,1141.6746,3840.629,1393.6847,3937.3962
101211295_K50759_F1B04-874_1_21.jpg,6,CBVPM,0.020760588347911835,1163.9207,3840.169,1280.0,3906.3948
101211295_K50759_F1B04-874_1_21.jpg,5,CBHPM,0.019987039268016815,1095.586,3633.6245,1277.4042,3887.5796
101211295_K50759_F1B04-874_1_21.jpg,1,VHBNL,0.014637290500104427,961.05005,4569.3784,1073.0397,4855.884
101211295_K50759_F1B04-874_1_21.jpg,5,CBHPM,0.011713790707290173,1171.6292,3840.0,1280.0,3894.858
101211295_K50759_F1B04-874_1_21.jpg,6,CBVPM,0.00796386320143938,840.4,4626.231,1156.1417,4905.047
101211295_K50759_F1B04-874_1_21.jpg,5,CBHPM,0.007704227231442928,960.0,4581.7964,1160.0366,4893.4746
101211295_K50759_F1B04-874_1_21.jpg,5,CBHPM,0.007071977481245995,809.9175,4586.422,1182.6353,4919.605
101211295_K50759_F1B04-874_1_21.jpg,5,CBHPM,0.006809794809669256,1057.9912,3591.68,1379.2104,3890.8262
101211295_K50759_F1B04-874_1_21.jpg,5,CBHPM,0.006599167827516794,1009.9459,3840.5186,1407.0365,3904.772
101211295_K50759_F1B04-874_1_21.jpg,6,CBVPM,0.0059777540154755116,1102.1382,3840.0,1400.3738,3973.5276
101211295_K50759_F1B04-874_1_21.jpg,5,CBHPM,0.004354950971901417,1197.1895,3840.0,1279.3281,3938.8833
101211295_K50759_F1B04-874_1_21.jpg,5,CBHPM,0.003010605229064822,925.61804,4673.531,1109.028,4877.177
101211295_K50759_F1B04-874_1_21.jpg,1,VHBNL,0.0019095869502052665,1138.1058,3840.0,1341.2867,3902.3167
101211295_K50759_F1B04-874_1_21.jpg,5,CBHPM,0.0012604406801983714,960.5459,4652.4307,1035.505,4876.381
101211295_K50759_F1B04-874_1_21.jpg,5,CBHPM,0.0012095292331650853,4060.4124,3083.624,4474.3584,3501.013
101211295_K50759_F1B04-874_1_21.jpg,6,CBVPM,0.0012065661139786243,1123.8334,3840.0,1343.0093,3880.7888
101212702_K50729_F1B04-872_1_21.jpg,6,CBVPM,0.07734379917383194,1029.2806,3624.253,1280.0,3925.665
101212702_K50729_F1B04-872_1_21.jpg,6,CBVPM,0.053911902010440826,1136.1794,3697.5688,1280.0,3883.647
101212702_K50729_F1B04-872_1_21.jpg,6,CBVPM,0.04706437885761261,4033.7524,2391.802,4159.912,2587.554
101212702_K50729_F1B04-872_1_21.jpg,6,CBVPM,0.020011000335216522,4013.75,2409.4395,4281.631,2597.17
101212702_K50729_F1B04-872_1_21.jpg,6,CBVPM,0.011013461276888847,837.371,4630.116,1083.0321,4910.212
101212702_K50729_F1B04-872_1_21.jpg,5,CBHPM,0.008255493827164173,782.86084,4592.7915,1147.6294,4930.6826
101212702_K50729_F1B04-872_1_21.jpg,5,CBHPM,0.00447902362793684,861.7488,4671.1704,1035.685,4879.4395
101212702_K50729_F1B04-872_1_21.jpg,6,CBVPM,0.004081860184669495,1093.1377,3840.4768,1275.967,3921.7668
101212702_K50729_F1B04-872_1_21.jpg,5,CBHPM,0.002306912327185273,1138.5715,3697.8413,1280.0,3872.2603
101212702_K50729_F1B04-872_1_21.jpg,5,CBHPM,0.00199335184879601,1010.6665,3637.0269,1280.0,3922.606
101212702_K50729_F1B04-872_1_21.jpg,6,CBVPM,0.0019874630961567163,4102.76,2439.0913,4160.0,2581.484
101212702_K50729_F1B04-872_1_21.jpg,14,INSD,0.001731367316097021,960.5908,960.2437,1125.3732,1286.2184
101212702_K50729_F1B04-872_1_21.jpg,5,CBHPM,0.0016972091980278492,881.88184,3614.6567,1201.4119,3927.8813
101212702_K50729_F1B04-872_1_21.jpg,6,CBVPM,0.001517590950243175,972.9132,2672.051,1186.1371,2948.4102
101212702_K50729_F1B04-872_1_21.jpg,5,CBHPM,0.0012162147322669625,961.8596,4524.889,1094.1627,4861.257
101212702_K50729_F1B04-872_1_21.jpg,5,CBHPM,0.001202091109007597,1151.6155,3848.894,1280.0,4033.953
101212702_K50729_F1B04-872_1_21.jpg,5,CBHPM,0.0010584439150989056,3908.0422,776.57825,4064.1362,955.391
101214108_K50699_F1B04-870_1_21.jpg,6,CBVPM,0.1949469894170761,3967.249,2459.045,4160.0,2660.7969
101214108_K50699_F1B04-870_1_21.jpg,6,CBVPM,0.14120692014694214,1090.807,3622.102,1403.9098,3953.4194
101214108_K50699_F1B04-870_1_21.jpg,6,CBVPM,0.1340978741645813,1205.6206,3704.73,1375.9993,3892.8384
101214108_K50699_F1B04-870_1_21.jpg,6,CBVPM,0.11606702953577042,968.0208,4616.1626,1182.5012,4905.2534
101214108_K50699_F1B04-870_1_21.jpg,6,CBVPM,0.02794421650469303,844.97485,4609.7246,1232.6909,4931.59
101214108_K50699_F1B04-870_1_21.jpg,6,CBVPM,0.027177855372428894,1157.2952,3840.3955,1280.0,3899.7776
101214108_K50699_F1B04-870_1_21.jpg,5,CBHPM,0.025521917268633842,1210.8203,3706.0298,1366.7772,3887.0415
101214108_K50699_F1B04-870_1_21.jpg,5,CBHPM,0.02057272382080555,977.21375,4681.853,1154.4491,4888.329
101214108_K50699_F1B04-870_1_21.jpg,5,CBHPM,0.01911908946931362,810.9768,4586.0596,1240.2974,4943.504
101214108_K50699_F1B04-870_1_21.jpg,5,CBHPM,0.01784021407365799,1101.4392,3620.1743,1411.2756,3941.0388
101214108_K50699_F1B04-870_1_21.jpg,6,CBVPM,0.015306584537029266,961.59674,4652.8906,1085.173,4907.7637
101214108_K50699_F1B04-870_1_21.jpg,5,CBHPM,0.01285276748239994,793.6632,3566.044,1210.2887,3950.98
101214108_K50699_F1B04-870_1_21.jpg,5,CBHPM,0.012200452387332916,1183.7708,3840.953,1280.0,3891.798
101214108_K50699_F1B04-870_1_21.jpg,5,CBHPM,0.007471682038158178,1203.033,3718.233,1280.0,3944.0728
101214108_K50699_F1B04-870_1_21.jpg,6,CBVPM,0.006621813867241144,1181.1016,3652.2627,1279.4648,3964.9438
101214108_K50699_F1B04-870_1_21.jpg,5,CBHPM,0.006393510848283768,1057.1753,3841.59,1391.3938,3907.7415
101214108_K50699_F1B04-870_1_21.jpg,6,CBVPM,0.004293398465961218,1090.8739,3840.7366,1463.7712,3909.8687
101214108_K50699_F1B04-870_1_21.jpg,5,CBHPM,0.00420482037588954,1050.613,3593.665,1279.8591,3990.267
101214108_K50699_F1B04-870_1_21.jpg,1,VHBNL,0.002801422495394945,1218.435,3840.0,1279.7324,3989.7664
101214108_K50699_F1B04-870_1_21.jpg,6,CBVPM,0.0022786236368119717,1056.3142,3842.02,1280.0,3921.0266
101214108_K50699_F1B04-870_1_21.jpg,6,CBVPM,0.0022764781024307013,1208.9893,3706.7898,1280.0,3907.5796
101214108_K50699_F1B04-870_1_21.jpg,5,CBHPM,0.0018704142421483994,1134.9226,3840.3743,1330.8931,3893.1772
101214108_K50699_F1B04-870_1_21.jpg,6,CBVPM,0.0016243831487372518,783.19653,3571.231,1195.6909,3933.371
101214108_K50699_F1B04-870_1_21.jpg,5,CBHPM,0.0015662340447306633,4132.851,2095.7046,4361.0303,2238.9756
101214108_K50699_F1B04-870_1_21.jpg,1,VHBNL,0.0015008064219728112,1117.4104,3840.0,1325.3279,3893.8389
101214108_K50699_F1B04-870_1_21.jpg,15,DRPS,0.0013595536584034562,960.0,4189.421,984.5255,4409.161
101214108_K50699_F1B04-870_1_21.jpg,5,CBHPM,0.0012612218270078301,1187.2965,3841.0127,1349.5458,3957.7922
101214108_K50699_F1B04-870_1_21.jpg,5,CBHPM,0.0012329426826909184,1123.1693,3840.26,1346.2374,3864.8594
101214108_K50699_F1B04-870_1_21.jpg,1,VHBNL,0.0011481324909254909,1507.329,2881.557,1629.9508,2972.9175
101214108_K50699_F1B04-870_1_21.jpg,5,CBHPM,0.0010985569097101688,960.5212,3538.0823,1063.939,3915.6584
101214108_K50699_F1B04-870_1_21.jpg,6,CBVPM,0.0010739261051639915,3873.0273,3840.7012,4271.962,3901.4207
101215516_K50669_F1B04-868_1_21.jpg,6,CBVPM,0.2501193583011627,1098.2072,3662.1672,1280.0,3971.935
101215516_K50669_F1B04-868_1_21.jpg,6,CBVPM,0.17923098802566528,962.77185,4610.052,1157.9653,4930.909
101215516_K50669_F1B04-868_1_21.jpg,6,CBVPM,0.08946967124938965,1190.0441,3679.8276,1277.8939,3967.5667
101215516_K50669_F1B04-868_1_21.jpg,6,CBVPM,0.08664202690124512,1134.565,3840.0,1278.894,3919.7024
101215516_K50669_F1B04-868_1_21.jpg,5,CBHPM,0.07451236248016357,1053.116,3840.7754,1277.8967,3939.7937
101215516_K50669_F1B04-868_1_21.jpg,5,CBHPM,0.060713931918144226,1193.9213,3840.0,1280.0,3906.2097
101215516_K50669_F1B04-868_1_21.jpg,6,CBVPM,0.06052602455019951,1191.073,3751.045,1379.2745,3941.586
101215516_K50669_F1B04-868_1_21.jpg,5,CBHPM,0.0456966906785965,1200.6586,3842.363,1345.2773,3931.512
101215516_K50669_F1B04-868_1_21.jpg,6,CBVPM,0.026872524991631508,1021.214,3840.613,1277.3444,3955.185
101215516_K50669_F1B04-868_1_21.jpg,5,CBHPM,0.02565442956984043,1116.7404,3840.0,1383.0005,3944.3677
101215516_K50669_F1B04-868_1_21.jpg,5,CBHPM,0.023949380964040756,1207.3799,3753.9927,1356.8147,3916.3584
101215516_K50669_F1B04-868_1_21.jpg,5,CBHPM,0.023900941014289856,960.0,4612.77,1251.6263,4934.803
101215516_K50669_F1B04-868_1_21.jpg,6,CBVPM,0.019253985956311226,1095.2753,3840.4583,1397.103,3956.6821
101215516_K50669_F1B04-868_1_21.jpg,6,CBVPM,0.01643981598317623,3963.617,2470.538,4160.0,2700.254
101215516_K50669_F1B04-868_1_21.jpg,6,CBVPM,0.01335741113871336,1150.7671,3840.0,1343.3132,3882.299
101215516_K50669_F1B04-868_1_21.jpg,6,CBVPM,0.011116576381027699,919.81555,3840.0,1280.0,3909.2395
101215516_K50669_F1B04-868_1_21.jpg,5,CBHPM,0.00894020963460207,901.7434,3840.0,1238.612,3922.3965
101215516_K50669_F1B04-868_1_21.jpg,5,CBHPM,0.006743328180164099,1101.8804,3846.6174,1280.0,4023.6626
101215516_K50669_F1B04-868_1_21.jpg,5,CBHPM,0.006592297460883856,1101.6947,3660.5225,1406.8505,3974.1294
101215516_K50669_F1B04-868_1_21.jpg,5,CBHPM,0.006189287174493074,963.9482,4688.28,1150.3457,4899.426
101215516_K50669_F1B04-868_1_21.jpg,1,VHBNL,0.004630133509635925,1076.5972,3840.0,1277.7056,3963.332
101215516_K50669_F1B04-868_1_21.jpg,6,CBVPM,0.0045892344787716866,962.2953,4594.041,1060.7786,4954.9365
101215516_K50669_F1B04-868_1_21.jpg,1,VHBNL,0.003975168336182833,1208.3082,3855.715,1280.0,4007.0422
101215516_K50669_F1B04-868_1_21.jpg,1,VHBNL,0.0030663178768008947,1077.8628,3840.0,1258.2913,3907.0303
101215516_K50669_F1B04-868_1_21.jpg,2,SVHBNM,0.002317152451723814,2880.2224,3103.829,2942.434,3524.9712
101215516_K50669_F1B04-868_1_21.jpg,5,CBHPM,0.002266540192067623,2005.4307,3840.3655,2424.0137,3917.299
101215516_K50669_F1B04-868_1_21.jpg,5,CBHPM,0.002104100538417697,1201.2198,3758.7065,1280.0,3957.4583
101215516_K50669_F1B04-868_1_21.jpg,5,CBHPM,0.0019801983144134283,1165.3822,3840.0,1280.0,3876.778
101215516_K50669_F1B04-868_1_21.jpg,6,CBVPM,0.0018759258091449738,1195.1486,3840.0,1337.1934,3922.0613
101215516_K50669_F1B04-868_1_21.jpg,5,CBHPM,0.0017853419994935393,1084.5352,3840.0,1244.9292,3905.0928
101215516_K50669_F1B04-868_1_21.jpg,5,CBHPM,0.0015283309621736407,2146.7168,1920.0525,2318.6838,2075.7961
101215516_K50669_F1B04-868_1_21.jpg,6,CBVPM,0.0014707818627357483,961.4889,3667.349,1025.3887,3969.9526
101215516_K50669_F1B04-868_1_21.jpg,6,CBVPM,0.0012465008767321706,960.0,3679.8362,1101.8435,3961.1777
101215516_K50669_F1B04-868_1_21.jpg,6,CBVPM,0.0011004710104316473,802.7714,4871.811,983.0202,5054.981
101215516_K50669_F1B04-868_1_21.jpg,15,DRPS,0.0010148014407604933,963.8393,961.369,1111.339,1205.7803
101216913_K50639_F1B04-866_1_21.jpg,6,CBVPM,0.049362532794475555,991.7583,3569.7856,1304.8585,3917.4092
101216913_K50639_F1B04-866_1_21.jpg,6,CBVPM,0.041312891989946365,1104.5637,3670.4731,1283.0283,3855.7812
101216913_K50639_F1B04-866_1_21.jpg,6,CBVPM,0.03610749915242195,808.31274,4659.21,1046.9623,4908.1074
101216913_K50639_F1B04-866_1_21.jpg,3,SVHBNL,0.029635658487677574,1921.2533,2722.4949,2140.0525,3200.0
101216913_K50639_F1B04-866_1_21.jpg,6,CBVPM,0.024696357548236847,676.7114,4562.446,1120.9335,4953.7056
101216913_K50639_F1B04-866_1_21.jpg,6,CBVPM,0.02359834872186184,3961.5566,2368.517,4160.0,2577.9229
101216913_K50639_F1B04-866_1_21.jpg,5,CBHPM,0.02352217584848404,694.67053,4574.517,1143.2489,4944.625
101216913_K50639_F1B04-866_1_21.jpg,5,CBHPM,0.010830732993781567,1133.0275,3677.3064,1281.8384,3842.7249
101216913_K50639_F1B04-866_1_21.jpg,5,CBHPM,0.00866686087101698,973.5353,3840.7668,1280.0,3912.799
101216913_K50639_F1B04-866_1_21.jpg,6,CBVPM,0.008450963534414768,1017.9117,3841.3037,1274.1348,3917.4705
101216913_K50639_F1B04-866_1_21.jpg,5,CBHPM,0.005147458054125309,849.6218,4679.211,1038.9165,4887.043
101216913_K50639_F1B04-866_1_21.jpg,2,SVHBNM,0.0045171137899160385,2880.3643,721.6061,2934.6255,1140.3553
101216913_K50639_F1B04-866_1_21.jpg,1,VHBNL,0.003151615848764777,925.94916,2880.0,1134.0479,2933.0364
101216913_K50639_F1B04-866_1_21.jpg,6,CBVPM,0.003041676012799144,960.7121,4694.2285,1025.5623,4919.6787
101216913_K50639_F1B04-866_1_21.jpg,5,CBHPM,0.001982389483600855,1023.25977,3568.9714,1300.9762,3830.183
101216913_K50639_F1B04-866_1_21.jpg,5,CBHPM,0.0013476413441821933,960.7914,4686.905,1023.63794,4906.4775
101216913_K50639_F1B04-866_1_21.jpg,5,CBHPM,0.0013376562856137753,700.9573,3519.3975,1116.0342,3886.3394
101218329_K50609_F1B04-864_1_21.jpg,6,CBVPM,0.1110333800315857,1248.1775,3729.1252,1417.0278,3912.5083
101218329_K50609_F1B04-864_1_21.jpg,6,CBVPM,0.08739924430847168,1135.2268,3673.8042,1433.8049,3944.16
101218329_K50609_F1B04-864_1_21.jpg,6,CBVPM,0.0831548348069191,4016.9885,2460.4863,4158.5586,2692.1729
101218329_K50609_F1B04-864_1_21.jpg,5,CBHPM,0.08159111440181732,1169.4086,3840.0,1280.0,3893.5603
101218329_K50609_F1B04-864_1_21.jpg,6,CBVPM,0.06989777833223343,1179.2817,3840.0,1459.491,3906.7437
101218329_K50609_F1B04-864_1_21.jpg,6,CBVPM,0.06332537531852722,4012.265,2503.3892,4295.5483,2692.3208
101218329_K50609_F1B04-864_1_21.jpg,5,CBHPM,0.061455052345991135,1127.6643,3840.0,1421.9252,3922.139
101218329_K50609_F1B04-864_1_21.jpg,6,CBVPM,0.04031313955783844,999.4134,4673.343,1200.0062,4887.595
101218329_K50609_F1B04-864_1_21.jpg,6,CBVPM,0.0314444974064827,1153.8921,3632.2793,1280.0,3975.9648
101218329_K50609_F1B04-864_1_21.jpg,6,CBVPM,0.028179796412587166,1140.431,3840.0,1279.9257,3906.6895
101218329_K50609_F1B04-864_1_21.jpg,6,CBVPM,0.01629897579550743,960.0,4621.6865,1275.4539,4921.101
101218329_K50609_F1B04-864_1_21.jpg,5,CBHPM,0.015752827748656273,1255.2833,3736.6145,1407.6138,3896.9966
101218329_K50609_F1B04-864_1_21.jpg,5,CBHPM,0.01565735787153244,1237.3762,3840.0,1449.2653,3881.494
101218329_K50609_F1B04-864_1_21.jpg,5,CBHPM,0.012810849584639072,960.0,4600.337,1333.1395,4931.8374
101218329_K50609_F1B04-864_1_21.jpg,5,CBHPM,0.012298868969082832,1025.6249,4685.7466,1205.665,4884.5874
101218329_K50609_F1B04-864_1_21.jpg,6,CBVPM,0.011703395284712315,1222.0449,3840.0,1430.9417,3883.4304
101218329_K50609_F1B04-864_1_21.jpg,5,CBHPM,0.010332784615457058,960.0,3568.5312,1232.2826,3974.2065
101218329_K50609_F1B04-864_1_21.jpg,6,CBVPM,0.010030526667833328,1084.862,3840.0,1381.8933,3913.7593
101218329_K50609_F1B04-864_1_21.jpg,6,CBVPM,0.008820392191410065,1167.3716,3840.0,1517.4136,3952.7036
101218329_K50609_F1B04-864_1_21.jpg,1,VHBNL,0.0065208924934268,4026.6606,2368.7083,4160.0,2702.6323
101218329_K50609_F1B04-864_1_21.jpg,5,CBHPM,0.006353369913995266,1175.1338,3840.0,1550.3184,3905.656
101218329_K50609_F1B04-864_1_21.jpg,6,CBVPM,0.00584037322551012,960.0,3583.1138,1216.7366,3982.0696
101218329_K50609_F1B04-864_1_21.jpg,5,CBHPM,0.005520237144082785,943.9186,3840.0,1280.0,3917.1262
101218329_K50609_F1B04-864_1_21.jpg,5,CBHPM,0.0038972876500338316,1156.7229,3586.173,1280.0,3988.0085
101218329_K50609_F1B04-864_1_21.jpg,6,CBVPM,0.0031178484205156565,1081.0347,3840.0,1419.6592,3987.3247
101218329_K50609_F1B04-864_1_21.jpg,5,CBHPM,0.0029039226938039064,1012.36194,3840.0,1212.0703,3903.5493
101218329_K50609_F1B04-864_1_21.jpg,1,VHBNL,0.002902850043028593,1168.3198,3840.0,1280.0,3875.8499
101218329_K50609_F1B04-864_1_21.jpg,5,CBHPM,0.0024291430599987507,1141.2485,3840.0,1484.9468,4003.5386
101218329_K50609_F1B04-864_1_21.jpg,5,CBHPM,0.002333121607080102,1211.915,3841.2783,1357.2185,3975.074
101218329_K50609_F1B04-864_1_21.jpg,5,CBHPM,0.002255046274513006,1111.3846,3601.8223,1435.651,3948.4321
101218329_K50609_F1B04-864_1_21.jpg,15,DRPS,0.0012936932034790516,962.3572,4039.8135,1052.0562,4160.0
101218329_K50609_F1B04-864_1_21.jpg,1,VHBNL,0.0010938049526885152,2462.7485,1178.6646,2812.391,1280.0
101218329_K50609_F1B04-864_1_21.jpg,6,CBVPM,0.0010248145554214716,1007.15576,3840.0,1219.6296,3887.1929
101218329_K50609_F1B04-864_1_21.jpg,6,CBVPM,0.001017149188555777,939.95874,3840.0,1118.4177,3896.474
101219727_K50579_F1B04-862_1_21.jpg,6,CBVPM,0.22848717868328094,1181.4224,3647.2358,1280.0,3904.638
101219727_K50579_F1B04-862_1_21.jpg,6,CBVPM,0.17508885264396667,1069.1655,3614.4463,1277.2822,3949.7732
101219727_K50579_F1B04-862_1_21.jpg,6,CBVPM,0.0654432624578476,3964.4443,2483.4644,4158.948,2668.2905
101219727_K50579_F1B04-862_1_21.jpg,6,CBVPM,0.06250236928462982,1164.017,3703.9219,1355.9746,3903.9016
101219727_K50579_F1B04-862_1_21.jpg,5,CBHPM,0.041197165846824646,1183.6611,3716.1484,1337.6238,3885.3103
101219727_K50579_F1B04-862_1_21.jpg,6,CBVPM,0.03130873665213585,1138.2202,3840.1133,1280.0,3904.531
101219727_K50579_F1B04-862_1_21.jpg,6,CBVPM,0.020397193729877472,795.4286,4593.328,1181.3173,4952.9062
101219727_K50579_F1B04-862_1_21.jpg,6,CBVPM,0.016296682879328728,909.426,4692.1597,1113.8864,4901.6387
101219727_K50579_F1B04-862_1_21.jpg,6,CBVPM,0.014549697749316692,960.7769,4598.2,1086.9362,4931.628
101219727_K50579_F1B04-862_1_21.jpg,5,CBHPM,0.013850824907422066,779.8645,4597.504,1197.1338,4956.1455
101219727_K50579_F1B04-862_1_21.jpg,6,CBVPM,0.011767014861106873,1054.4934,3840.0,1362.5203,3904.9473
101219727_K50579_F1B04-862_1_21.jpg,5,CBHPM,0.011742725037038326,1174.8635,3680.6948,1276.9661,3920.453
101219727_K50579_F1B04-862_1_21.jpg,5,CBHPM,0.009291540831327438,1073.437,3664.2446,1277.478,3933.6138
101219727_K50579_F1B04-862_1_21.jpg,5,CBHPM,0.00917261652648449,1203.3477,3722.5286,1278.8376,3882.5615
101219727_K50579_F1B04-862_1_21.jpg,6,CBVPM,0.008932237513363361,841.0303,4666.791,1065.68,4916.6016
101219727_K50579_F1B04-862_1_21.jpg,5,CBHPM,0.006417267024517059,1065.8264,3840.0,1444.6721,3905.1685
101219727_K50579_F1B04-862_1_21.jpg,6,CBVPM,0.005678401794284582,960.0,4704.6587,1036.6655,4903.025
101219727_K50579_F1B04-862_1_21.jpg,5,CBHPM,0.005284581333398819,960.01953,4684.5225,1122.31,4901.85
101219727_K50579_F1B04-862_1_21.jpg,6,CBVPM,0.00420720549300313,1126.9865,3840.0,1342.9893,3877.83
101219727_K50579_F1B04-862_1_21.jpg,12,GWCNL,0.0031554189044982195,1165.5927,960.76025,1275.7255,1223.4642
101219727_K50579_F1B04-862_1_21.jpg,5,CBHPM,0.0031385275069624186,1104.8854,3840.0,1306.7129,3892.9258
101219727_K50579_F1B04-862_1_21.jpg,1,VHBNL,0.0028747646138072014,961.6274,1565.457,1085.0156,1957.1407
101219727_K50579_F1B04-862_1_21.jpg,14,INSD,0.0028694511856883764,1166.4625,964.2975,1277.3307,1200.6053
101219727_K50579_F1B04-862_1_21.jpg,5,CBHPM,0.002550030592828989,1195.2236,3840.0,1280.0,3891.5142
101219727_K50579_F1B04-862_1_21.jpg,1,VHBNL,0.0021565607748925686,1188.5173,3719.3403,1279.6487,3886.2544
101219727_K50579_F1B04-862_1_21.jpg,4,SVHTNL,0.002118062460795045,1253.9353,3765.9026,1279.5544,3998.2124
101219727_K50579_F1B04-862_1_21.jpg,1,VHBNL,0.0019425683422014117,961.3043,1604.2062,1031.2565,1992.1838
101219727_K50579_F1B04-862_1_21.jpg,5,CBHPM,0.0018028334015980363,960.0,3841.0408,1263.7769,3903.8867
101219727_K50579_F1B04-862_1_21.jpg,6,CBVPM,0.0015601402847096324,960.0,3841.5,1238.6342,3901.2651
101219727_K50579_F1B04-862_1_21.jpg,6,CBVPM,0.001435531536117196,1164.4475,3840.0,1275.7981,3958.121
101219727_K50579_F1B04-862_1_21.jpg,6,CBVPM,0.00133374088909477,1064.3344,3840.0,1436.2539,3951.9622
101219727_K50579_F1B04-862_1_21.jpg,3,SVHBNL,0.0012585357762873173,961.85016,3840.0,1017.5942,4121.63
101219727_K50579_F1B04-862_1_21.jpg,5,CBHPM,0.0011168810306116939,881.578,3544.4724,1280.0,3959.7324
101219727_K50579_F1B04-862_1_21.jpg,5,CBHPM,0.0010060041677206755,1212.8518,3758.6028,1280.0,3988.0867
101221134_K50549_F1B04-860_1_21.jpg,6,CBVPM,0.488094687461853,1125.3523,3676.8726,1280.0,3978.4495
101221134_K50549_F1B04-860_1_21.jpg,6,CBVPM,0.3918522000312805,1132.2083,3840.0,1279.6829,3919.6863
101221134_K50549_F1B04-860_1_21.jpg,5,CBHPM,0.1528785526752472,1105.8748,3840.0,1365.7885,3941.6763
101221134_K50549_F1B04-860_1_21.jpg,6,CBVPM,0.09503716230392456,3960.2258,2443.1006,4160.0,2656.8494
101221134_K50549_F1B04-860_1_21.jpg,6,CBVPM,0.0661512166261673,1030.836,3841.297,1275.8942,3954.5
101221134_K50549_F1B04-860_1_21.jpg,5,CBHPM,0.05899001285433769,1181.5513,3840.0,1280.0,3904.694
101221134_K50549_F1B04-860_1_21.jpg,6,CBVPM,0.05384733900427818,976.54675,4679.4194,1180.3073,4882.733
101221134_K50549_F1B04-860_1_21.jpg,6,CBVPM,0.04849014803767204,1226.3195,3738.919,1394.1016,3926.4385
101221134_K50549_F1B04-860_1_21.jpg,6,CBVPM,0.046085525304079056,849.7965,4578.823,1244.5367,4940.798
101221134_K50549_F1B04-860_1_21.jpg,5,CBHPM,0.0376126728951931,842.11743,4587.4307,1261.5989,4941.0767
101221134_K50549_F1B04-860_1_21.jpg,5,CBHPM,0.03295048326253891,1220.511,3840.0,1362.3553,3913.822
101221134_K50549_F1B04-860_1_21.jpg,6,CBVPM,0.02745867893099785,1169.6835,3840.0,1411.9232,3933.705
101221134_K50549_F1B04-860_1_21.jpg,5,CBHPM,0.026357224211096764,1010.1225,3841.035,1271.1548,3932.4395
101221134_K50549_F1B04-860_1_21.jpg,5,CBHPM,0.025013716891407967,1132.7783,3656.1738,1280.0,3983.6436
101221134_K50549_F1B04-860_1_21.jpg,6,CBVPM,0.02489657513797283,1207.0236,3840.0,1346.4396,3913.8481
101221134_K50549_F1B04-860_1_21.jpg,1,VHBNL,0.0158530380576849,1103.0503,3840.0,1280.0,3910.5083
101221134_K50549_F1B04-860_1_21.jpg,5,CBHPM,0.015081280842423439,843.1547,3626.9023,1232.0312,3949.4324
101221134_K50549_F1B04-860_1_21.jpg,6,CBVPM,0.01217799261212349,1175.1632,3840.0,1366.818,3882.9448
101221134_K50549_F1B04-860_1_21.jpg,5,CBHPM,0.010289077647030354,992.3191,4681.6665,1173.5559,4884.3584
101221134_K50549_F1B04-860_1_21.jpg,5,CBHPM,0.007989751175045967,1170.352,3840.0,1521.9246,3913.0894
101221134_K50549_F1B04-860_1_21.jpg,1,VHBNL,0.006592656020075083,1206.061,3843.5586,1279.9253,4012.2842
101221134_K50549_F1B04-860_1_21.jpg,5,CBHPM,0.005212198011577129,1133.0059,3657.1794,1424.5812,3970.798
101221134_K50549_F1B04-860_1_21.jpg,5,CBHPM,0.00434545474126935,1243.2002,3750.7766,1391.6593,3915.9229
101221134_K50549_F1B04-860_1_21.jpg,13,BSBM,0.004096148069947958,1158.7362,3639.4153,1280.0,3974.3167
101221134_K50549_F1B04-860_1_21.jpg,13,BSBM,0.004046574234962463,1086.8884,3841.6863,1277.8176,3971.3196
101221134_K50549_F1B04-860_1_21.jpg,6,CBVPM,0.003589677857235074,942.4263,3840.0,1231.5437,3925.0564
101221134_K50549_F1B04-860_1_21.jpg,5,CBHPM,0.0034514532890170813,1091.8962,3840.0,1418.8599,4003.3818
101221134_K50549_F1B04-860_1_21.jpg,5,CBHPM,0.002863530768081546,1079.3582,3840.0,1257.6013,3902.9353
101221134_K50549_F1B04-860_1_21.jpg,5,CBHPM,0.0023858684580773115,1137.6919,3840.0,1352.9253,3887.4534
101221134_K50549_F1B04-860_1_21.jpg,6,CBVPM,0.0022225091233849525,1219.6892,3735.5166,1280.0,3942.3872
101221134_K50549_F1B04-860_1_21.jpg,6,CBVPM,0.002071081893518567,1120.0028,3841.7212,1479.4432,4028.353
101221134_K50549_F1B04-860_1_21.jpg,6,CBVPM,0.002038772450760007,963.9087,3586.4102,1214.2189,3944.018
101221134_K50549_F1B04-860_1_21.jpg,5,CBHPM,0.0015635109739378095,1186.4048,3721.0088,1279.8477,4037.5518
101221134_K50549_F1B04-860_1_21.jpg,5,CBHPM,0.0012165565276518464,1127.4146,3840.0,1280.0,3867.8486
101221134_K50549_F1B04-860_1_21.jpg,5,CBHPM,0.0011611438822001219,1204.843,3758.1465,1279.0564,3933.422
101221134_K50549_F1B04-860_1_21.jpg,13,BSBM,0.0010743907187134027,1192.2998,3844.9282,1278.1392,4008.677
101221134_K50549_F1B04-860_1_21.jpg,13,BSBM,0.0010714939562603831,1236.7118,3846.2312,1279.2008,4018.885
101221134_K50549_F1B04-860_1_21.jpg,6,CBVPM,0.0010711633367463946,1178.9196,3840.0,1280.0,3889.6995
101222538_K50519_F1B04-858_1_21.jpg,6,CBVPM,0.16309289634227753,1118.3086,3673.834,1279.3438,3962.4438
101222538_K50519_F1B04-858_1_21.jpg,6,CBVPM,0.1500796675682068,1198.6028,3760.5464,1367.6855,3932.6782
101222538_K50519_F1B04-858_1_21.jpg,6,CBVPM,0.1385057121515274,1160.6631,3840.0,1277.9497,3923.7253
101222538_K50519_F1B04-858_1_21.jpg,6,CBVPM,0.10114578902721405,964.0442,4677.304,1139.8113,4886.1245
101222538_K50519_F1B04-858_1_21.jpg,6,CBVPM,0.09862345457077026,1134.8201,3710.4307,1381.2494,3948.8584
101222538_K50519_F1B04-858_1_21.jpg,6,CBVPM,0.06502067297697067,1106.4124,3840.0,1372.2454,3948.8748
101222538_K50519_F1B04-858_1_21.jpg,5,CBHPM,0.0371527299284935,836.00867,3645.3853,1224.9637,3945.0146
101222538_K50519_F1B04-858_1_21.jpg,5,CBHPM,0.0362032987177372,1070.4192,3840.0,1390.9526,3943.7932
101222538_K50519_F1B04-858_1_21.jpg,5,CBHPM,0.027693545445799828,960.7313,4662.638,1093.1941,4890.365
101222538_K50519_F1B04-858_1_21.jpg,5,CBHPM,0.02545691467821598,1211.9513,3765.5457,1358.3304,3923.6934
101222538_K50519_F1B04-858_1_21.jpg,5,CBHPM,0.025168241932988167,965.765,4606.2734,1223.6216,4903.0054
101222538_K50519_F1B04-858_1_21.jpg,5,CBHPM,0.023557599633932114,1213.5607,3840.0,1371.908,3913.5005
101222538_K50519_F1B04-858_1_21.jpg,5,CBHPM,0.023373661562800407,1194.8684,3840.0,1280.0,3910.1523
101222538_K50519_F1B04-858_1_21.jpg,6,CBVPM,0.0183721836656332,3892.885,2493.6912,4147.2236,2670.5054
101222538_K50519_F1B04-858_1_21.jpg,5,CBHPM,0.00890596117824316,1197.0609,3759.6646,1279.8654,3943.1707
101222538_K50519_F1B04-858_1_21.jpg,5,CBHPM,0.00872135441750288,1154.4055,3841.6506,1280.0,3951.701
101222538_K50519_F1B04-858_1_21.jpg,6,CBVPM,0.008712446317076683,844.671,3637.913,1207.6901,3935.9634
101222538_K50519_F1B04-858_1_21.jpg,5,CBHPM,0.00770553620532155,1161.6321,3840.0,1473.9583,3920.6514
101222538_K50519_F1B04-858_1_21.jpg,5,CBHPM,0.006845485884696245,1102.1187,3670.742,1396.8483,3958.0327
101222538_K50519_F1B04-858_1_21.jpg,5,CBHPM,0.0064684185199439526,1127.7158,3845.1646,1280.0,4033.951
101222538_K50519_F1B04-858_1_21.jpg,6,CBVPM,0.005214482545852661,1210.3555,3758.4634,1279.4265,3935.168
101222538_K50519_F1B04-858_1_21.jpg,6,CBVPM,0.003437197068706155,960.9465,3590.7554,1029.5232,3934.6885
101222538_K50519_F1B04-858_1_21.jpg,12,GWCNL,0.0033177428413182497,962.72626,4597.1924,1064.3234,4895.0986
101222538_K50519_F1B04-858_1_21.jpg,6,CBVPM,0.00274438108317554,865.87537,4639.7485,1173.3685,4916.229
101222538_K50519_F1B04-858_1_21.jpg,3,SVHBNL,0.0025487099774181843,3971.3623,881.83496,4160.0,1280.0
101222538_K50519_F1B04-858_1_21.jpg,6,CBVPM,0.0025448568630963564,960.47986,3742.4688,1018.7262,3968.667
101222538_K50519_F1B04-858_1_21.jpg,1,VHBNL,0.002459873678162694,894.4493,3840.1,1226.748,3906.298
101222538_K50519_F1B04-858_1_21.jpg,5,CBHPM,0.002153720473870635,3950.417,2507.1719,4105.155,2648.0542
101222538_K50519_F1B04-858_1_21.jpg,6,CBVPM,0.0021522545721381903,961.14606,3594.3992,1147.5106,3928.1755
101222538_K50519_F1B04-858_1_21.jpg,6,CBVPM,0.0018453705124557018,926.84937,3840.2932,1280.0,3918.0627
101222538_K50519_F1B04-858_1_21.jpg,6,CBVPM,0.0016801080200821161,1148.5847,3840.0,1347.9116,3878.5886
101222538_K50519_F1B04-858_1_21.jpg,1,VHBNL,0.0016651905607432127,1206.0472,3841.8962,1279.809,3960.9812
101222538_K50519_F1B04-858_1_21.jpg,6,CBVPM,0.001453401055186987,4015.6936,2451.5615,4158.2783,2656.9937
101222538_K50519_F1B04-858_1_21.jpg,5,CBHPM,0.0013647654559463263,1109.7821,2881.3894,1278.2511,3106.2107
101222538_K50519_F1B04-858_1_21.jpg,6,CBVPM,0.001328420708887279,961.3378,4660.373,1046.8339,4895.966
101222538_K50519_F1B04-858_1_21.jpg,6,CBVPM,0.001302536460570991,1161.6829,3840.0,1523.7361,3910.7761
101222538_K50519_F1B04-858_1_21.jpg,5,CBHPM,0.001256957883015275,989.99524,4696.838,1152.2554,4880.4893
101222538_K50519_F1B04-858_1_21.jpg,1,VHBNL,0.001251225476153195,1240.178,3847.731,1279.866,4036.1802
101222538_K50519_F1B04-858_1_21.jpg,6,CBVPM,0.0012267277343198657,993.5841,2787.211,1265.9391,3095.855
101222538_K50519_F1B04-858_1_21.jpg,6,CBVPM,0.00110126961953938,1084.4048,3840.0,1236.915,3904.37
101222538_K50519_F1B04-858_1_21.jpg,5,CBHPM,0.0010953079909086227,961.33704,3735.4941,1017.70404,3959.6719
101222538_K50519_F1B04-858_1_21.jpg,3,SVHBNL,0.0010303073795512319,960.0,3622.6167,1297.6841,4160.0
101223935_K50489_F1B04-856_1_21.jpg,6,CBVPM,0.18758250772953033,1118.9128,3577.8403,1280.0,3892.3062
101223935_K50489_F1B04-856_1_21.jpg,5,CBHPM,0.1013595387339592,1119.0383,3573.2463,1280.0,3895.8057
101223935_K50489_F1B04-856_1_21.jpg,6,CBVPM,0.09735686331987381,967.23285,4625.259,1151.2617,4848.2705
101223935_K50489_F1B04-856_1_21.jpg,6,CBVPM,0.031279824674129486,1216.7129,3652.1982,1392.9089,3848.3823
101223935_K50489_F1B04-856_1_21.jpg,6,CBVPM,0.026994092389941216,3992.9304,2465.4893,4160.0,2664.3887
101223935_K50489_F1B04-856_1_21.jpg,6,CBVPM,0.025055497884750366,861.9951,4538.069,1209.4434,4913.1006
101223935_K50489_F1B04-856_1_21.jpg,13,BSBM,0.021944919601082802,1142.7478,3563.247,1280.0,3881.751
101223935_K50489_F1B04-856_1_21.jpg,6,CBVPM,0.020151522010564804,3974.1812,2466.6138,4307.657,2686.708
101223935_K50489_F1B04-856_1_21.jpg,5,CBHPM,0.010786815546452999,1227.7686,3666.2969,1381.4033,3833.544
101223935_K50489_F1B04-856_1_21.jpg,5,CBHPM,0.010374754667282104,859.9685,4551.9805,1221.937,4898.978
101223935_K50489_F1B04-856_1_21.jpg,6,CBVPM,0.005834556184709072,1235.3037,3673.217,1335.7751,3832.1536
101223935_K50489_F1B04-856_1_21.jpg,6,CBVPM,0.005327864550054073,1133.1042,3840.6472,1416.6757,3909.7117
101223935_K50489_F1B04-856_1_21.jpg,5,CBHPM,0.0044493889436125755,169.18533,1934.849,353.6951,2142.5464
101223935_K50489_F1B04-856_1_21.jpg,6,CBVPM,0.0037841452285647392,962.53845,4565.061,1063.0349,4899.2314
101223935_K50489_F1B04-856_1_21.jpg,6,CBVPM,0.0031947370152920485,174.95248,1972.2747,315.67194,2130.7625
101223935_K50489_F1B04-856_1_21.jpg,1,VHBNL,0.0029866700060665607,1130.9896,3584.9224,1418.9674,3861.0132
101223935_K50489_F1B04-856_1_21.jpg,5,CBHPM,0.002604993525892496,962.4972,4609.7007,1126.4675,4851.705
101223935_K50489_F1B04-856_1_21.jpg,6,CBVPM,0.002517806366086006,1128.8402,3840.6594,1278.4901,3906.7036
101223935_K50489_F1B04-856_1_21.jpg,1,VHBNL,0.002141724107787013,1238.8997,3771.246,1279.4167,3939.8381
101223935_K50489_F1B04-856_1_21.jpg,5,CBHPM,0.0015398821560665965,1182.6476,3840.223,1366.1631,3900.2856
101223935_K50489_F1B04-856_1_21.jpg,5,CBHPM,0.0014739211183041334,1173.8057,3840.0,1280.0,3892.9463
101223935_K50489_F1B04-856_1_21.jpg,1,VHBNL,0.0014127546455711126,1123.1111,3558.726,1280.0,3899.0547
101223935_K50489_F1B04-856_1_21.jpg,6,CBVPM,0.0013737508561462164,161.10286,1912.0375,421.54242,2198.8613
101223935_K50489_F1B04-856_1_21.jpg,1,VHBNL,0.0013479578774422407,1211.353,3603.8757,1280.0,3786.5981
101223935_K50489_F1B04-856_1_21.jpg,6,CBVPM,0.001264895312488079,1324.4722,2567.2932,1544.6439,2795.8618
101223935_K50489_F1B04-856_1_21.jpg,5,CBHPM,0.0011195611441507936,1062.8835,3841.0493,1419.73,3905.5212
101223935_K50489_F1B04-856_1_21.jpg,5,CBHPM,0.0011022468097507954,151.25647,1915.2988,444.71228,2222.5176
101223935_K50489_F1B04-856_1_21.jpg,1,VHBNL,0.0010036659659817815,1241.6279,3629.748,1278.7178,3856.1018
101225351_K50459_F1B04-854_1_21.jpg,6,CBVPM,0.06071338430047035,1076.5635,4660.3096,1264.3115,4863.914
101225351_K50459_F1B04-854_1_21.jpg,6,CBVPM,0.059895627200603485,1191.1453,3619.6904,1511.7612,3972.0156
101225351_K50459_F1B04-854_1_21.jpg,6,CBVPM,0.05326557159423828,1189.2675,3840.0,1475.3422,3911.3484
101225351_K50459_F1B04-854_1_21.jpg,6,CBVPM,0.05223015323281288,1300.6793,3725.072,1475.7405,3906.0115
101225351_K50459_F1B04-854_1_21.jpg,5,CBHPM,0.027541443705558777,1319.4005,3733.3945,1465.3014,3887.9478
101225351_K50459_F1B04-854_1_21.jpg,5,CBHPM,0.01579146645963192,1263.4099,3840.0,1458.0428,3893.628
101225351_K50459_F1B04-854_1_21.jpg,5,CBHPM,0.01295161060988903,965.4995,4574.588,1326.9823,4916.8994
101225351_K50459_F1B04-854_1_21.jpg,6,CBVPM,0.01242469809949398,966.62244,4566.0435,1299.5983,4938.472
101225351_K50459_F1B04-854_1_21.jpg,6,CBVPM,0.009697828441858292,3992.3608,2475.9233,4252.6846,2677.3467
101225351_K50459_F1B04-854_1_21.jpg,3,SVHBNL,0.00735498359426856,960.35315,1920.0,1149.56,2393.5396
101225351_K50459_F1B04-854_1_21.jpg,6,CBVPM,0.007005658932030201,1183.811,3840.6646,1279.5718,3907.8254
101225351_K50459_F1B04-854_1_21.jpg,5,CBHPM,0.0058311414904892445,1491.4746,448.91718,1742.3579,718.1204
101225351_K50459_F1B04-854_1_21.jpg,6,CBVPM,0.004571409430354834,1051.8943,3841.8862,1280.0,3916.249
101225351_K50459_F1B04-854_1_21.jpg,6,CBVPM,0.004535472486168146,960.0,3589.5547,1268.0856,3957.514
101225351_K50459_F1B04-854_1_21.jpg,5,CBHPM,0.004211402498185635,1198.7529,3654.378,1500.1462,3957.8337
101225351_K50459_F1B04-854_1_21.jpg,5,CBHPM,0.004008548799902201,1083.4843,4670.9077,1246.0934,4854.774
101225351_K50459_F1B04-854_1_21.jpg,5,CBHPM,0.0035340101458132267,1171.5596,3840.682,1488.4934,3942.0625
101225351_K50459_F1B04-854_1_21.jpg,6,CBVPM,0.0031491152476519346,1256.1644,3840.0,1470.965,3880.8906
101225351_K50459_F1B04-854_1_21.jpg,13,BSBM,0.0029502147808670998,1187.448,3842.5771,1280.0,3933.0403
101225351_K50459_F1B04-854_1_21.jpg,5,CBHPM,0.00286157731898129,929.5891,3601.351,1280.0,3955.188
101225351_K50459_F1B04-854_1_21.jpg,13,BSBM,0.0025966637767851353,1084.7856,3841.0073,1278.0928,3941.9575
101225351_K50459_F1B04-854_1_21.jpg,6,CBVPM,0.002589114475995302,1200.9868,3840.0,1567.5905,3952.4553
101225351_K50459_F1B04-854_1_21.jpg,6,CBVPM,0.0022953737061470747,3976.2441,3555.568,4159.0093,3911.8599
101225351_K50459_F1B04-854_1_21.jpg,5,CBHPM,0.0019709020853042603,1189.123,3840.0,1280.0,3908.7366
101225351_K50459_F1B04-854_1_21.jpg,5,CBHPM,0.001959176966920495,1025.7645,3840.5103,1417.6293,3910.8628
101225351_K50459_F1B04-854_1_21.jpg,5,CBHPM,0.0015288579743355513,1148.4194,3841.5261,1278.8911,3944.0205
101225351_K50459_F1B04-854_1_21.jpg,3,SVHBNL,0.0014714172575622797,4002.1968,415.66153,4160.0,886.0145
101225351_K50459_F1B04-854_1_21.jpg,5,CBHPM,0.0011174737010151148,1316.2698,2794.6665,1712.814,3186.6533
101225351_K50459_F1B04-854_1_21.jpg,13,BSBM,0.0010941389482468367,1140.7645,3840.8093,1438.8408,3943.242
101225351_K50459_F1B04-854_1_21.jpg,6,CBVPM,0.0010517125483602285,1471.9971,440.74896,1790.759,734.8775
101225351_K50459_F1B04-854_1_21.jpg,5,CBHPM,0.0010368203511461616,1225.2832,3840.019,1452.2922,3866.8984
101226746_K50429_F1B04-852_1_21.jpg,6,CBVPM,0.09478066861629486,1155.7231,3569.3943,1448.3877,3926.5142
101226746_K50429_F1B04-852_1_21.jpg,6,CBVPM,0.06981176882982254,3889.9346,2476.45,4160.0,2666.793
101226746_K50429_F1B04-852_1_21.jpg,6,CBVPM,0.045529380440711975,1261.4564,3674.8406,1436.4882,3856.8398
101226746_K50429_F1B04-852_1_21.jpg,6,CBVPM,0.03819606825709343,1023.1461,4642.7695,1228.5818,4848.092
101226746_K50429_F1B04-852_1_21.jpg,6,CBVPM,0.02633722685277462,1167.164,3560.9326,1280.0,3920.9583
101226746_K50429_F1B04-852_1_21.jpg,6,CBVPM,0.018853459507226944,960.1464,4548.8994,1251.7937,4884.6777
101226746_K50429_F1B04-852_1_21.jpg,5,CBHPM,0.012958195060491562,960.0,4573.122,1280.1487,4868.099
101226746_K50429_F1B04-852_1_21.jpg,5,CBHPM,0.004643242806196213,880.64624,3527.3604,1270.3584,3896.7812
101226746_K50429_F1B04-852_1_21.jpg,5,CBHPM,0.004252050071954727,1043.7957,4645.861,1217.3066,4831.67
101226746_K50429_F1B04-852_1_21.jpg,5,CBHPM,0.0029925827402621508,1159.477,3544.268,1279.4204,3908.0537
101226746_K50429_F1B04-852_1_21.jpg,5,CBHPM,0.002220615977421403,1286.8535,3682.7986,1445.3573,3836.3228
101226746_K50429_F1B04-852_1_21.jpg,5,CBHPM,0.0022040754556655884,1920.5099,1142.7328,2031.9756,1278.8165
101226746_K50429_F1B04-852_1_21.jpg,6,CBVPM,0.0014873977052047849,859.513,3535.479,1267.2019,3877.8997
101226746_K50429_F1B04-852_1_21.jpg,5,CBHPM,0.0013323061866685748,1160.9209,3840.2263,1280.0,3892.511
101226746_K50429_F1B04-852_1_21.jpg,5,CBHPM,0.0012980909086763859,3886.1196,2477.7197,4198.1245,2663.273
101226746_K50429_F1B04-852_1_21.jpg,6,CBVPM,0.001169542083516717,1921.5248,1013.8401,2059.6436,1278.7266
101226746_K50429_F1B04-852_1_21.jpg,3,SVHBNL,0.0010841221082955599,964.6113,960.0,1171.8682,1479.8363
101226746_K50429_F1B04-852_1_21.jpg,5,CBHPM,0.0010808783117681742,1729.6853,1171.2823,2078.2114,1280.0
101228155_K50399_F1B04-850_1_21.jpg,6,CBVPM,0.21111585199832916,1048.8845,3602.9036,1277.4072,3933.064
101228155_K50399_F1B04-850_1_21.jpg,6,CBVPM,0.08751912415027618,1160.9089,3692.0542,1330.6255,3878.5586
101228155_K50399_F1B04-850_1_21.jpg,5,CBHPM,0.08047891408205032,1048.145,3620.495,1366.7693,3919.951
101228155_K50399_F1B04-850_1_21.jpg,6,CBVPM,0.05310837924480438,3938.13,2372.4434,4239.686,2553.0942
101228155_K50399_F1B04-850_1_21.jpg,6,CBVPM,0.04838092252612114,913.0681,4637.8115,1099.988,4833.251
101228155_K50399_F1B04-850_1_21.jpg,6,CBVPM,0.04360920935869217,960.0,4546.4814,1087.7498,4856.8135
101228155_K50399_F1B04-850_1_21.jpg,5,CBHPM,0.021050775423645973,851.1914,4566.863,1147.2664,4869.7666
101228155_K50399_F1B04-850_1_21.jpg,5,CBHPM,0.00957577396184206,1167.1193,3698.88,1319.6874,3865.5474
101228155_K50399_F1B04-850_1_21.jpg,5,CBHPM,0.0049783517606556416,923.4834,4639.3457,1096.4395,4828.452
101228155_K50399_F1B04-850_1_21.jpg,6,CBVPM,0.004419458564370871,3984.892,946.56323,4158.013,1262.6418
101228155_K50399_F1B04-850_1_21.jpg,3,SVHBNL,0.0030785526614636183,3990.266,961.40686,4156.5674,1254.1165
101228155_K50399_F1B04-850_1_21.jpg,13,BSBM,0.0029650467913597822,1239.2565,3840.0,1280.0,4019.7856
101228155_K50399_F1B04-850_1_21.jpg,5,CBHPM,0.002589968964457512,748.6603,3536.856,1191.5509,3910.587
101228155_K50399_F1B04-850_1_21.jpg,6,CBVPM,0.002111470326781273,960.0,4638.7856,1048.0996,4835.847
101228155_K50399_F1B04-850_1_21.jpg,6,CBVPM,0.0016384761547669768,3946.3906,961.09766,4252.127,1307.7218
101228155_K50399_F1B04-850_1_21.jpg,6,CBVPM,0.001398097607307136,1059.0981,3667.2637,1190.3708,3874.8657
101228155_K50399_F1B04-850_1_21.jpg,6,CBVPM,0.0012528103543445468,1110.7549,3841.4429,1279.9102,3917.098
101228155_K50399_F1B04-850_1_21.jpg,14,INSD,0.0012199153425171971,4008.4565,960.0,4158.007,1242.5786
101229565_K50369_F1B04-848_1_21.jpg,6,CBVPM,0.09111117571592331,962.6492,4534.965,1161.2358,4823.265
101229565_K50369_F1B04-848_1_21.jpg,6,CBVPM,0.07783310860395432,1075.6865,3475.1194,1400.7162,3879.035
101229565_K50369_F1B04-848_1_21.jpg,6,CBVPM,0.05166144296526909,1103.1704,3507.6584,1279.6589,3833.5168
101229565_K50369_F1B04-848_1_21.jpg,6,CBVPM,0.049109138548374176,3654.9697,2506.0234,3943.8438,2714.286
101229565_K50369_F1B04-848_1_21.jpg,6,CBVPM,0.03469451889395714,1195.0253,3598.0354,1379.008,3786.6953
101229565_K50369_F1B04-848_1_21.jpg,5,CBHPM,0.01972910203039646,809.2883,4516.6016,1224.5002,4849.384
101229565_K50369_F1B04-848_1_21.jpg,5,CBHPM,0.01679360494017601,961.8065,4527.3105,1165.0613,4825.259
101229565_K50369_F1B04-848_1_21.jpg,6,CBVPM,0.007680912967771292,1195.94,3544.2383,1278.8442,3843.5103
101229565_K50369_F1B04-848_1_21.jpg,6,CBVPM,0.007645255420356989,962.5427,4548.945,1053.2291,4828.4175
101229565_K50369_F1B04-848_1_21.jpg,5,CBHPM,0.00438898429274559,930.1866,3440.2847,1280.0,3853.938
101229565_K50369_F1B04-848_1_21.jpg,5,CBHPM,0.00438157981261611,1185.033,1449.9875,1545.1301,1762.6299
101229565_K50369_F1B04-848_1_21.jpg,6,CBVPM,0.00399237684905529,1.5262527,2188.0933,58.82078,2564.107
101229565_K50369_F1B04-848_1_21.jpg,5,CBHPM,0.003335169516503811,0.0,2222.9495,144.60034,2582.7786
101229565_K50369_F1B04-848_1_21.jpg,6,CBVPM,0.003129846416413784,1.4978027,1220.4419,102.59354,1574.3679
101229565_K50369_F1B04-848_1_21.jpg,5,CBHPM,0.0030051772482693195,1209.4089,3606.3423,1367.6367,3771.6133
101229565_K50369_F1B04-848_1_21.jpg,5,CBHPM,0.0025743625592440367,1088.9187,3492.3691,1280.0,3854.965
101229565_K50369_F1B04-848_1_21.jpg,5,CBHPM,0.0017893192125484347,3060.4766,3843.1304,3199.3276,4083.0354
101229565_K50369_F1B04-848_1_21.jpg,3,SVHBNL,0.0017431463347747922,908.3584,3441.568,1280.0,4015.0002
101229565_K50369_F1B04-848_1_21.jpg,4,SVHTNL,0.001577098504640162,4090.7126,2880.0828,4159.365,3008.7922
101229565_K50369_F1B04-848_1_21.jpg,5,CBHPM,0.00147622125223279,1083.3718,3441.3135,1435.1774,3835.2302
101229565_K50369_F1B04-848_1_21.jpg,6,CBVPM,0.0013802265748381615,4413.744,1240.0823,4803.8867,1643.7955
101229565_K50369_F1B04-848_1_21.jpg,6,CBVPM,0.0013171096798032522,2948.7217,3841.878,3200.0,3914.5215
101229565_K50369_F1B04-848_1_21.jpg,5,CBHPM,0.0011887509608641267,3981.9963,697.85266,4380.541,1074.4027
101229565_K50369_F1B04-848_1_21.jpg,6,CBVPM,0.0011314625153318048,960.0,4608.0674,1102.4518,4799.3965
101229565_K50369_F1B04-848_1_21.jpg,5,CBHPM,0.0011309561086818576,3020.1162,3840.1655,3200.0,3889.0093
101234047_K50276_F1B04-840a_1_21.jpg,5,CBHPM,0.1488485187292099,649.9607,3840.0,889.181,3929.5908
101234047_K50276_F1B04-840a_1_21.jpg,6,CBVPM,0.06840780377388,686.4806,3727.23,889.70447,3928.3638
101234047_K50276_F1B04-840a_1_21.jpg,6,CBVPM,0.06094133481383324,630.15125,3840.0,897.129,3949.5474
101234047_K50276_F1B04-840a_1_21.jpg,5,CBHPM,0.060925181955099106,678.1572,3840.0,840.2744,3901.6414
101234047_K50276_F1B04-840a_1_21.jpg,5,CBHPM,0.05919426679611206,624.76514,3840.0,987.9973,4019.3389
101234047_K50276_F1B04-840a_1_21.jpg,6,CBVPM,0.056058190762996674,3907.6072,2407.5186,4160.0,2600.3237
101234047_K50276_F1B04-840a_1_21.jpg,5,CBHPM,0.03748910874128342,715.7298,3740.6128,876.24457,3907.278
101234047_K50276_F1B04-840a_1_21.jpg,5,CBHPM,0.027116574347019196,717.0189,3840.0,864.308,3985.099
101234047_K50276_F1B04-840a_1_21.jpg,6,CBVPM,0.019026553258299828,711.4169,3840.0,845.3356,3907.8132
101234047_K50276_F1B04-840a_1_21.jpg,5,CBHPM,0.015034195967018604,532.56384,3840.0,899.63806,3965.3745
101234047_K50276_F1B04-840a_1_21.jpg,5,CBHPM,0.009779506362974644,468.9991,3840.559,864.66907,3915.404
101234047_K50276_F1B04-840a_1_21.jpg,6,CBVPM,0.009718512184917927,593.45044,3670.3062,916.9087,3954.6704
101234047_K50276_F1B04-840a_1_21.jpg,6,CBVPM,0.008404501713812351,691.83453,3840.0,906.5523,3887.598
101234047_K50276_F1B04-840a_1_21.jpg,5,CBHPM,0.008011012338101864,304.69342,3612.4878,700.7507,3954.8267
101234047_K50276_F1B04-840a_1_21.jpg,6,CBVPM,0.006308862008154392,642.7488,3840.0,1026.2427,4037.329
101234047_K50276_F1B04-840a_1_21.jpg,5,CBHPM,0.0052346657030284405,668.67566,3847.567,819.93164,4001.7112
101234047_K50276_F1B04-840a_1_21.jpg,6,CBVPM,0.004565392155200243,396.6501,3840.0,718.72687,3912.4492
101234047_K50276_F1B04-840a_1_21.jpg,5,CBHPM,0.004456901922821999,543.3285,3628.6924,956.93176,3982.1714
101234047_K50276_F1B04-840a_1_21.jpg,5,CBHPM,0.004182402975857258,699.5499,3840.0,914.2125,3885.3372
101234047_K50276_F1B04-840a_1_21.jpg,1,VHBNL,0.003123111091554165,683.1193,3840.0,873.60956,3897.7388
101234047_K50276_F1B04-840a_1_21.jpg,6,CBVPM,0.0026484644040465355,652.4795,3840.0,872.0967,3867.6138
101234047_K50276_F1B04-840a_1_21.jpg,13,BSBM,0.0022818129509687424,419.94943,3840.503,809.56226,3909.5723
101234047_K50276_F1B04-840a_1_21.jpg,6,CBVPM,0.0021449406631290913,303.2213,3629.2534,691.92676,3930.3003
101234047_K50276_F1B04-840a_1_21.jpg,5,CBHPM,0.0013556501362472773,2343.2715,2880.0,2766.9722,3163.52
101234047_K50276_F1B04-840a_1_21.jpg,13,BSBM,0.0010520933428779244,1319.51,3013.613,1624.6187,3193.1887
101234047_K50276_F1B04-840a_1_21.jpg,5,CBHPM,0.0010085501708090305,752.2318,3913.0193,881.85144,4011.4197
101235984_K50250_F1B04-840_1_21.jpg,5,CBHPM,0.0897938534617424,496.09998,1984.5676,889.4625,2240.0
101235984_K50250_F1B04-840_1_21.jpg,6,CBVPM,0.02607414685189724,3878.9646,2368.534,4130.2505,2547.4692
101235984_K50250_F1B04-840_1_21.jpg,5,CBHPM,0.005704336334019899,309.5119,3840.3196,703.8692,3918.5486
101235984_K50250_F1B04-840_1_21.jpg,6,CBVPM,0.005126717034727335,431.97733,3681.1538,624.4282,3885.2266
101235984_K50250_F1B04-840_1_21.jpg,5,CBHPM,0.004418642725795507,0.0,4548.931,390.5553,4934.614
101235984_K50250_F1B04-840_1_21.jpg,6,CBVPM,0.003401467576622963,275.6565,3840.3057,674.81006,3907.267
101235984_K50250_F1B04-840_1_21.jpg,6,CBVPM,0.0033817091025412083,83.23981,4646.5513,286.7376,4865.925
101235984_K50250_F1B04-840_1_21.jpg,5,CBHPM,0.002618814120069146,34.94104,3581.263,444.8783,3904.6086
101235984_K50250_F1B04-840_1_21.jpg,5,CBHPM,0.0023600368294864893,94.07544,4665.031,264.98907,4863.1514
101235984_K50250_F1B04-840_1_21.jpg,6,CBVPM,0.0022674212232232094,340.76123,3840.2954,703.1443,3971.1694
101235984_K50250_F1B04-840_1_21.jpg,6,CBVPM,0.0014974644873291254,3947.5034,2277.6274,4159.959,2559.7966
101235984_K50250_F1B04-840_1_21.jpg,5,CBHPM,0.0013782785972580314,445.88037,3688.6338,605.5773,3870.1943
101235984_K50250_F1B04-840_1_21.jpg,6,CBVPM,0.001375194056890905,3924.9492,2388.3875,4059.7217,2521.7566
101235984_K50250_F1B04-840_1_21.jpg,5,CBHPM,0.0013537362683564425,296.62177,3591.141,668.26556,3940.3726
101235984_K50250_F1B04-840_1_21.jpg,6,CBVPM,0.0013513402082026005,300.94104,3600.5508,678.82715,3937.0127
101235984_K50250_F1B04-840_1_21.jpg,5,CBHPM,0.0011709220707416534,580.9144,1920.51,797.4049,1955.0132
101237980_K50213_F1B04-838_1_21.jpg,5,CBHPM,0.008611845783889294,70.51822,3690.52,353.07278,3952.4392
101237980_K50213_F1B04-838_1_21.jpg,6,CBVPM,0.0068619935773313046,2928.351,1920.0,3330.4055,2294.476
101237980_K50213_F1B04-838_1_21.jpg,5,CBHPM,0.0037121279165148735,167.1424,3737.4565,311.4684,3895.3608
101237980_K50213_F1B04-838_1_21.jpg,5,CBHPM,0.0023920347448438406,764.6527,960.0,973.36487,1008.5618
101237980_K50213_F1B04-838_1_21.jpg,6,CBVPM,0.0016683571739122272,1020.0963,3840.4756,1410.9896,3902.5034
101237980_K50213_F1B04-838_1_21.jpg,6,CBVPM,0.001625788165256381,1115.7258,3840.4956,1279.6731,3907.239
101237980_K50213_F1B04-838_1_21.jpg,6,CBVPM,0.0015120870666578412,2258.4746,3011.956,2572.1453,3199.1772
101237980_K50213_F1B04-838_1_21.jpg,6,CBVPM,0.0013723373413085938,2973.2393,1883.1833,3200.0,2240.0
101237980_K50213_F1B04-838_1_21.jpg,5,CBHPM,0.0012882075970992446,2248.841,2998.0774,2580.2114,3200.0
101237980_K50213_F1B04-838_1_21.jpg,5,CBHPM,0.0011869497830048203,1164.6516,3462.8472,1280.0,3759.5369
101239847_K50172_F1B04-836_1_21.jpg,6,CBVPM,0.09032843261957169,567.9646,3598.7817,896.50903,3895.4165
101239847_K50172_F1B04-836_1_21.jpg,6,CBVPM,0.07481861114501953,683.70276,3674.5557,871.3827,3855.2292
101239847_K50172_F1B04-836_1_21.jpg,5,CBHPM,0.055728793144226074,574.58435,3602.8394,895.65137,3889.8967
101239847_K50172_F1B04-836_1_21.jpg,6,CBVPM,0.0309898741543293,3909.502,2415.3203,4229.2197,2602.8193
101239847_K50172_F1B04-836_1_21.jpg,6,CBVPM,0.0300531517714262,394.18787,4683.4736,602.3855,4884.049
101239847_K50172_F1B04-836_1_21.jpg,5,CBHPM,0.026639310643076897,315.3302,4630.258,662.064,4913.3345
101239847_K50172_F1B04-836_1_21.jpg,5,CBHPM,0.011582438834011555,692.16846,3675.7356,853.4646,3843.3062
101239847_K50172_F1B04-836_1_21.jpg,6,CBVPM,0.011067389510571957,962.8891,2467.876,1197.805,2760.9392
101239847_K50172_F1B04-836_1_21.jpg,6,CBVPM,0.006921829655766487,962.6756,4168.882,1039.2327,4474.612
101239847_K50172_F1B04-836_1_21.jpg,5,CBHPM,0.0064013004302978516,887.7427,2487.21,1228.6829,2765.7607
101239847_K50172_F1B04-836_1_21.jpg,5,CBHPM,0.005422595422714949,413.201,4691.2314,581.52594,4874.158
101239847_K50172_F1B04-836_1_21.jpg,5,CBHPM,0.005029736086726189,960.17664,4195.2334,1091.8254,4482.0767
101239847_K50172_F1B04-836_1_21.jpg,6,CBVPM,0.0040848092176020145,643.83887,3840.8018,940.905,3916.2153
101239847_K50172_F1B04-836_1_21.jpg,5,CBHPM,0.0029261198360472918,960.0,2477.4155,1113.0986,2753.165
101239847_K50172_F1B04-836_1_21.jpg,5,CBHPM,0.002491765422746539,928.7344,2563.3186,1082.7384,2703.8186
101239847_K50172_F1B04-836_1_21.jpg,1,VHBNL,0.0019110171124339104,963.2283,4216.405,1026.8085,4414.315
101239847_K50172_F1B04-836_1_21.jpg,5,CBHPM,0.0011645739432424307,962.13965,4239.3506,1017.747,4451.667
101239847_K50172_F1B04-836_1_21.jpg,6,CBVPM,0.0011208213400095701,308.2549,4630.754,718.1321,4913.1523
101239847_K50172_F1B04-836_1_21.jpg,5,CBHPM,0.0010362545726820827,3169.353,1013.9671,3570.128,1280.0
101241248_K50135_F1B04-834_1_21.jpg,6,CBVPM,0.5323182940483093,962.22095,3556.1099,1078.3768,3842.2986
101241248_K50135_F1B04-834_1_21.jpg,6,CBVPM,0.19705063104629517,809.01575,3559.5625,1121.5582,3848.964
101241248_K50135_F1B04-834_1_21.jpg,6,CBVPM,0.08972225338220596,960.55054,3613.2437,1022.90765,3823.017
101241248_K50135_F1B04-834_1_21.jpg,6,CBVPM,0.047590985894203186,657.18115,4655.1816,850.77905,4860.4253
101241248_K50135_F1B04-834_1_21.jpg,5,CBHPM,0.04083457961678505,960.0,3635.2544,1098.4089,3824.5703
101241248_K50135_F1B04-834_1_21.jpg,6,CBVPM,0.030403725802898407,914.4734,3638.247,1095.1427,3824.2974
101241248_K50135_F1B04-834_1_21.jpg,6,CBVPM,0.017420025542378426,3951.8171,2483.8562,4157.95,2675.484
101241248_K50135_F1B04-834_1_21.jpg,6,CBVPM,0.015118468552827835,851.1627,3840.0,1159.3136,3909.1074
101241248_K50135_F1B04-834_1_21.jpg,6,CBVPM,0.011104975827038288,572.7284,4583.626,937.2578,4892.837
101241248_K50135_F1B04-834_1_21.jpg,5,CBHPM,0.010928773321211338,540.4199,4577.3086,921.8584,4895.9824
101241248_K50135_F1B04-834_1_21.jpg,5,CBHPM,0.005902299657464027,666.2255,4662.44,839.8974,4849.041
101241248_K50135_F1B04-834_1_21.jpg,5,CBHPM,0.004510186612606049,913.791,3840.0,1118.2528,3895.5269
101241248_K50135_F1B04-834_1_21.jpg,5,CBHPM,0.004497653804719448,960.0,3515.7556,1253.5704,3840.8813
101241248_K50135_F1B04-834_1_21.jpg,5,CBHPM,0.0043434868566691875,960.0,3636.8025,1026.8977,3826.049
101241248_K50135_F1B04-834_1_21.jpg,5,CBHPM,0.0033818765077739954,811.8491,3564.9185,1122.2661,3847.0708
101241248_K50135_F1B04-834_1_21.jpg,5,CBHPM,0.0024920899886637926,960.2779,3474.7715,1106.4329,3816.8938
101241248_K50135_F1B04-834_1_21.jpg,1,VHBNL,0.0022043241187930107,960.0,3640.5552,1072.7054,3812.684
101241248_K50135_F1B04-834_1_21.jpg,6,CBVPM,0.0019865799695253372,1135.9076,4081.409,1278.6554,4414.0225
101242889_K50107_F1B04-832_1_21.jpg,6,CBVPM,0.13913801312446594,3895.8843,2435.1113,4160.0,2637.5332
101242889_K50107_F1B04-832_1_21.jpg,6,CBVPM,0.1167520135641098,960.0,3545.8853,1254.8313,3824.4246
101242889_K50107_F1B04-832_1_21.jpg,6,CBVPM,0.09263180941343307,1048.5767,3608.6619,1230.4462,3798.6604
101242889_K50107_F1B04-832_1_21.jpg,6,CBVPM,0.04484516754746437,645.2565,4535.011,1032.3173,4880.0625
101242889_K50107_F1B04-832_1_21.jpg,6,CBVPM,0.04015655443072319,757.17346,4620.4453,973.4164,4833.1665
101242889_K50107_F1B04-832_1_21.jpg,5,CBHPM,0.03076903522014618,960.0,3519.026,1256.7402,3851.6475
101242889_K50107_F1B04-832_1_21.jpg,5,CBHPM,0.026346128433942795,1059.703,3612.5974,1221.7065,3793.7344
101242889_K50107_F1B04-832_1_21.jpg,5,CBHPM,0.02156052179634571,633.22705,4531.986,1065.2178,4874.1562
101242889_K50107_F1B04-832_1_21.jpg,5,CBHPM,0.011151330545544624,743.07043,4591.994,1006.0873,4849.303
101242889_K50107_F1B04-832_1_21.jpg,5,CBHPM,0.0034810679499059916,3904.6116,2430.503,4160.0,2629.5127
101242889_K50107_F1B04-832_1_21.jpg,1,VHBNL,0.002550338627770543,1054.0486,3603.4324,1227.5366,3785.6304
101242889_K50107_F1B04-832_1_21.jpg,5,CBHPM,0.002070187358185649,960.0,4466.944,1110.1877,4819.9453
101242889_K50107_F1B04-832_1_21.jpg,6,CBVPM,0.0018917386187240481,960.3496,4450.3267,1033.5637,4805.5137
101242889_K50107_F1B04-832_1_21.jpg,1,VHBNL,0.001878068782389164,960.0,4552.388,998.9233,4766.7227
101242889_K50107_F1B04-832_1_21.jpg,5,CBHPM,0.0017307171365246177,915.05164,3656.0122,1278.5504,3936.6323
101242889_K50107_F1B04-832_1_21.jpg,13,BSBM,0.0015823496505618095,961.2012,3487.6714,1234.4963,3881.011
101242889_K50107_F1B04-832_1_21.jpg,6,CBVPM,0.0015372129855677485,960.0,3616.66,1274.1698,3944.1597
101242889_K50107_F1B04-832_1_21.jpg,5,CBHPM,0.0013647738378494978,961.20966,4559.2383,1062.2238,4846.6426
101242889_K50107_F1B04-832_1_21.jpg,6,CBVPM,0.0010467456886544824,550.6935,4991.1265,749.72107,5106.867
101244569_K50075_F1B04-830_1_21.jpg,6,CBVPM,0.38520726561546326,1105.0012,3571.1704,1279.9514,3852.8882
101244569_K50075_F1B04-830_1_21.jpg,6,CBVPM,0.18364036083221436,962.57196,4520.833,1159.2281,4799.674
101244569_K50075_F1B04-830_1_21.jpg,5,CBHPM,0.16364973783493042,1205.5454,3653.2786,1384.0391,3838.706
101244569_K50075_F1B04-830_1_21.jpg,5,CBHPM,0.1588294357061386,1090.867,3618.4712,1395.9288,3891.7363
101244569_K50075_F1B04-830_1_21.jpg,5,CBHPM,0.058863986283540726,833.29834,4513.163,1209.6602,4818.427
101244569_K50075_F1B04-830_1_21.jpg,5,CBHPM,0.022348778322339058,815.9794,4901.867,920.9656,5005.9155
101244569_K50075_F1B04-830_1_21.jpg,6,CBVPM,0.021939227357506752,1161.4539,3840.0,1413.2794,3911.4653
101244569_K50075_F1B04-830_1_21.jpg,5,CBHPM,0.020559297874569893,1184.027,3840.0,1373.2052,3898.8796
101244569_K50075_F1B04-830_1_21.jpg,6,CBVPM,0.018086709082126617,1194.8701,3648.5488,1361.7728,3825.9526
101244569_K50075_F1B04-830_1_21.jpg,6,CBVPM,0.01567145809531212,1173.8987,3626.835,1278.531,3910.352
101244569_K50075_F1B04-830_1_21.jpg,6,CBVPM,0.013096891343593597,3951.923,2493.2424,4158.675,2702.5894
101244569_K50075_F1B04-830_1_21.jpg,6,CBVPM,0.012955768033862114,1140.603,3840.0,1280.0,3901.7444
101244569_K50075_F1B04-830_1_21.jpg,5,CBHPM,0.012599960900843143,945.9354,4584.9497,1127.4044,4786.254
101244569_K50075_F1B04-830_1_21.jpg,6,CBVPM,0.012079836800694466,1209.2294,3658.606,1280.0,3830.2617
101244569_K50075_F1B04-830_1_21.jpg,5,CBHPM,0.010752099566161633,1105.3528,3483.577,1421.1852,3821.525
101244569_K50075_F1B04-830_1_21.jpg,5,CBHPM,0.008540800772607327,1174.0249,3840.0,1280.0,3891.2888
101244569_K50075_F1B04-830_1_21.jpg,6,CBVPM,0.007437973748892546,1168.5042,3700.6401,1404.4237,3904.6191
101244569_K50075_F1B04-830_1_21.jpg,5,CBHPM,0.007013270165771246,1094.8049,3840.0,1304.6707,3892.0332
101244569_K50075_F1B04-830_1_21.jpg,5,CBHPM,0.004017094615846872,1176.3326,3757.1475,1278.8671,3918.6328
101244569_K50075_F1B04-830_1_21.jpg,5,CBHPM,0.003836110234260559,935.05,3508.6873,1273.4153,3905.7463
101244569_K50075_F1B04-830_1_21.jpg,5,CBHPM,0.00377752841450274,1125.523,3705.4834,1277.8577,3949.119
101244569_K50075_F1B04-830_1_21.jpg,13,BSBM,0.0029943459667265415,1122.1558,3539.4429,1277.8154,3879.1758
101244569_K50075_F1B04-830_1_21.jpg,5,CBHPM,0.002750751795247197,1219.7676,3659.1833,1278.5415,3825.4219
101244569_K50075_F1B04-830_1_21.jpg,6,CBVPM,0.00259470846503973,1156.4224,3840.0,1374.6208,3880.6428
101244569_K50075_F1B04-830_1_21.jpg,5,CBHPM,0.0020035412162542343,775.9707,4889.6646,951.44116,5015.5806
101244569_K50075_F1B04-830_1_21.jpg,5,CBHPM,0.001785536645911634,1171.6387,3637.7358,1510.0581,3909.1528
101244569_K50075_F1B04-830_1_21.jpg,1,VHBNL,0.001487421803176403,1206.9209,3763.206,1278.5127,3899.859
101244569_K50075_F1B04-830_1_21.jpg,12,GWCNL,0.0012609036639332771,961.8537,4501.276,1092.1406,4811.7705
101244569_K50075_F1B04-830_1_21.jpg,6,CBVPM,0.001078614848665893,1165.26,3840.0,1277.7205,3949.4902
101246217_K50042_F1B04-828_1_21.jpg,5,CBHPM,0.14855660498142242,960.0,3406.2588,1261.2603,3711.6196
101246217_K50042_F1B04-828_1_21.jpg,6,CBVPM,0.06220891326665878,4014.285,2471.0095,4159.231,2671.674
101246217_K50042_F1B04-828_1_21.jpg,5,CBHPM,0.047395847737789154,962.2254,3384.199,1104.3951,3675.54
101246217_K50042_F1B04-828_1_21.jpg,5,CBHPM,0.028543248772621155,1052.9268,3487.0957,1217.0802,3657.2847
101246217_K50042_F1B04-828_1_21.jpg,6,CBVPM,0.02058504708111286,703.43396,4476.614,978.0697,4668.7725
101246217_K50042_F1B04-828_1_21.jpg,6,CBVPM,0.016675280407071114,3997.0593,2496.2292,4282.6523,2674.0527
101246217_K50042_F1B04-828_1_21.jpg,6,CBVPM,0.0139039671048522,1042.4159,3484.0747,1222.7766,3660.0232
101246217_K50042_F1B04-828_1_21.jpg,5,CBHPM,0.013161596842110157,692.70374,3296.9502,1123.8971,3688.2368
101246217_K50042_F1B04-828_1_21.jpg,6,CBVPM,0.00810282677412033,883.1532,3373.817,1277.9913,3712.1711
101246217_K50042_F1B04-828_1_21.jpg,5,CBHPM,0.007890845648944378,729.55273,4481.1484,963.1461,4659.463
101246217_K50042_F1B04-828_1_21.jpg,6,CBVPM,0.006383328698575497,960.56976,3379.698,1032.5878,3681.0444
101246217_K50042_F1B04-828_1_21.jpg,13,BSBM,0.005721236579120159,962.56757,3294.2717,1036.9285,3647.0293
101246217_K50042_F1B04-828_1_21.jpg,5,CBHPM,0.00525653176009655,912.84375,3416.8425,1081.5107,3616.9465
101246217_K50042_F1B04-828_1_21.jpg,6,CBVPM,0.0035651996731758118,960.0,3426.4639,1125.0615,3836.2249
101246217_K50042_F1B04-828_1_21.jpg,13,BSBM,0.0033289713319391012,964.3737,3411.4922,1237.7418,3740.7512
101246217_K50042_F1B04-828_1_21.jpg,6,CBVPM,0.0015312036266550422,703.07336,3321.4746,1100.3811,3720.3147
101246217_K50042_F1B04-828_1_21.jpg,6,CBVPM,0.001096543506719172,962.48553,3241.1313,1080.2726,3605.2405
101246217_K50042_F1B04-828_1_22.jpg,6,CBVPM,0.025660796090960503,1554.7139,2509.4468,1810.315,2684.317
101246217_K50042_F1B04-828_1_22.jpg,14,INSD,0.004700816702097654,4470.811,960.0,5096.2417,1536.0704
101246217_K50042_F1B04-828_1_22.jpg,6,CBVPM,0.004467671271413565,2549.0176,3319.919,2709.2764,3478.2969
101246217_K50042_F1B04-828_1_22.jpg,6,CBVPM,0.003060226561501622,3840.0,117.477615,3925.8628,475.08722
101246217_K50042_F1B04-828_1_22.jpg,6,CBVPM,0.002143243094906211,2135.8052,0.0,2442.2148,72.028244
101246217_K50042_F1B04-828_1_22.jpg,5,CBHPM,0.0016649059252813458,3854.0361,1119.8674,4215.851,1280.0
101246217_K50042_F1B04-828_1_22.jpg,5,CBHPM,0.0013837524456903338,4698.9253,1195.8613,5042.8203,1280.0
101246217_K50042_F1B04-828_1_22.jpg,5,CBHPM,0.0011935493675991893,3840.0,141.35988,3970.4849,513.0774
101247878_K50009_F1B04-826_1_21.jpg,5,CBHPM,0.5725477337837219,606.3085,4597.378,997.5316,4922.7188
101247878_K50009_F1B04-826_1_21.jpg,5,CBHPM,0.21687476336956024,696.50146,4683.8325,969.03894,4914.1904
101247878_K50009_F1B04-826_1_21.jpg,6,CBVPM,0.1918438971042633,1019.4221,3667.2625,1196.558,3852.6057
101247878_K50009_F1B04-826_1_21.jpg,5,CBHPM,0.08498921245336533,1023.8652,3668.893,1198.3655,3847.3003
101247878_K50009_F1B04-826_1_21.jpg,6,CBVPM,0.054688986390829086,960.0,3584.9326,1197.3652,3876.1992
101247878_K50009_F1B04-826_1_21.jpg,6,CBVPM,0.027995890006422997,4007.3726,2480.576,4159.182,2715.2246
101247878_K50009_F1B04-826_1_21.jpg,6,CBVPM,0.023444779217243195,609.12915,4591.706,991.9695,4936.1064
101247878_K50009_F1B04-826_1_21.jpg,6,CBVPM,0.009915705770254135,3990.519,2502.5205,4287.736,2729.8403
101247878_K50009_F1B04-826_1_21.jpg,5,CBHPM,0.009052347391843796,4859.5376,2095.1082,5114.356,2239.656
101247878_K50009_F1B04-826_1_21.jpg,11,GWCNM,0.005139596294611692,620.1329,4596.6367,985.91547,4911.948
101247878_K50009_F1B04-826_1_21.jpg,6,CBVPM,0.004910200368613005,971.075,3841.0225,1246.5188,3922.023
101247878_K50009_F1B04-826_1_21.jpg,5,CBHPM,0.004767288453876972,941.6462,3841.6375,1244.7615,3918.5042
101247878_K50009_F1B04-826_1_21.jpg,5,CBHPM,0.0041142236441373825,735.0233,4686.4194,1110.1339,4970.0293
101247878_K50009_F1B04-826_1_21.jpg,6,CBVPM,0.0018469730857759714,732.9962,4686.013,918.2589,4890.666
101247878_K50009_F1B04-826_1_21.jpg,6,CBVPM,0.001449383213184774,1079.5696,3682.044,1201.1276,3824.758
101247878_K50009_F1B04-826_1_21.jpg,5,CBHPM,0.0010022970382124186,723.1499,4541.0264,1182.905,4938.4673
101249635_K49977_F1B04-824_1_21.jpg,6,CBVPM,0.024380702525377274,3392.4214,2408.189,3708.1406,2612.097
101249635_K49977_F1B04-824_1_21.jpg,6,CBVPM,0.00650056404992938,566.1142,3840.64,929.4825,3901.8894
101249635_K49977_F1B04-824_1_21.jpg,6,CBVPM,0.001792790601029992,4189.9697,2679.8865,4235.616,2749.7014
101249635_K49977_F1B04-824_1_21.jpg,13,BSBM,0.0011986071476712823,1230.4326,1920.0245,1280.0,2072.0095
101251572_K49943_F1B04-822_1_21.jpg,6,CBVPM,0.06384893506765366,328.57532,3657.7322,485.4176,3818.0728
101251572_K49943_F1B04-822_1_21.jpg,5,CBHPM,0.051681723445653915,319.6956,3655.9253,482.79477,3818.1616
101251572_K49943_F1B04-822_1_21.jpg,6,CBVPM,0.03224118798971176,276.81738,3614.3027,510.13953,3847.1309
101251572_K49943_F1B04-822_1_21.jpg,5,CBHPM,0.0218717772513628,259.58508,3607.1226,514.4707,3840.792
101251572_K49943_F1B04-822_1_21.jpg,6,CBVPM,0.0017054366180673242,323.45862,3701.0493,648.90027,3987.914
101251572_K49943_F1B04-822_1_21.jpg,5,CBHPM,0.0016871046973392367,964.0338,2400.6506,1123.9768,2606.7966
101251572_K49943_F1B04-822_1_21.jpg,6,CBVPM,0.001578161376528442,961.61304,2342.0876,1122.6552,2630.6968
101251572_K49943_F1B04-822_1_21.jpg,5,CBHPM,0.0015172556741163135,347.79413,3711.136,602.48645,3942.084
101251572_K49943_F1B04-822_1_21.jpg,5,CBHPM,0.0015098362928256392,3730.373,634.70654,4126.698,1055.0747
101251572_K49943_F1B04-822_1_21.jpg,5,CBHPM,0.0012710219016298652,2243.2808,3081.0461,2637.2122,3366.8127
101251572_K49943_F1B04-822_1_21.jpg,6,CBVPM,0.0012218666961416602,362.3393,3731.254,564.68353,3921.9006
101251572_K49943_F1B04-822_1_21.jpg,5,CBHPM,0.0011931231711059809,143.61108,3561.7422,539.49335,3906.125
101251572_K49943_F1B04-822_1_21.jpg,5,CBHPM,0.0010124413529410958,2744.3872,2880.687,2959.8281,2926.8955
101253501_K49909_F1B04-820_1_21.jpg,5,CBHPM,0.11799070984125137,349.97235,3739.2068,508.72382,3911.2847
101253501_K49909_F1B04-820_1_21.jpg,5,CBHPM,0.11647536605596542,211.29688,3675.9263,556.63086,3960.243
101253501_K49909_F1B04-820_1_21.jpg,6,CBVPM,0.08155446499586105,284.0586,3720.1318,514.3586,3942.8047
101253501_K49909_F1B04-820_1_21.jpg,6,CBVPM,0.042015500366687775,355.9511,3741.521,509.31488,3905.3345
101253501_K49909_F1B04-820_1_21.jpg,6,CBVPM,0.01767771877348423,3726.875,2456.4346,4039.3945,2651.228
101253501_K49909_F1B04-820_1_21.jpg,5,CBHPM,0.01236475259065628,3840.4722,2375.872,4033.7585,2653.3425
101253501_K49909_F1B04-820_1_21.jpg,5,CBHPM,0.007107773330062628,3722.122,2462.5095,4041.2524,2655.3943
101253501_K49909_F1B04-820_1_21.jpg,2,SVHBNM,0.006204710341989994,960.0,1469.2894,1019.29816,1914.9464
101253501_K49909_F1B04-820_1_21.jpg,5,CBHPM,0.004585589282214642,259.28046,3841.2456,590.718,3915.595
101253501_K49909_F1B04-820_1_21.jpg,6,CBVPM,0.003652005922049284,255.14813,3841.3984,608.8655,3915.089
101253501_K49909_F1B04-820_1_21.jpg,6,CBVPM,0.0033447390887886286,192.33643,3709.2124,556.9624,3997.613
101253501_K49909_F1B04-820_1_21.jpg,5,CBHPM,0.001673651160672307,301.4535,3771.954,456.9679,3920.6401
101253501_K49909_F1B04-820_1_21.jpg,5,CBHPM,0.0015750703169032931,368.26892,3775.8674,526.41925,3983.3176
101253501_K49909_F1B04-820_1_21.jpg,6,CBVPM,0.0015595625154674053,4009.956,1920.0,4333.386,1994.1465
101253501_K49909_F1B04-820_1_21.jpg,3,SVHBNL,0.0012989337556064129,1204.4645,1920.0,1280.0,2264.953
101253501_K49909_F1B04-820_1_21.jpg,5,CBHPM,0.0012965520145371556,325.81818,3841.4355,737.55524,3903.4495
101255888_K49877_F1B04-818_1_21.jpg,6,CBVPM,0.016277704387903214,156.94212,3635.6128,372.08972,3838.8755
101255888_K49877_F1B04-818_1_21.jpg,2,SVHBNM,0.008412476629018784,960.0,2249.1685,1042.9304,2706.2288
101255888_K49877_F1B04-818_1_21.jpg,6,CBVPM,0.005574176087975502,0.0,2880.4414,319.15845,2946.0405
101255888_K49877_F1B04-818_1_21.jpg,5,CBHPM,0.003993108868598938,212.16786,3651.131,373.0896,3825.7158
101255888_K49877_F1B04-818_1_21.jpg,5,CBHPM,0.0036340041551738977,69.26648,3594.4243,403.32745,3884.3208
101255888_K49877_F1B04-818_1_21.jpg,5,CBHPM,0.0013502519577741623,44.574913,2880.0,253.28879,2931.4102
101255888_K49877_F1B04-818_1_21.jpg,6,CBVPM,0.0012654652819037437,3291.0017,2289.2214,3612.1665,2504.197
101255888_K49877_F1B04-818_1_21.jpg,6,CBVPM,0.0011267311638221145,43.534973,3550.5488,418.50513,3884.3647
101258745_K49841_F1B04-816_1_21.jpg,5,CBHPM,0.22846096754074097,733.69006,3660.4524,885.9635,3819.2102
101258745_K49841_F1B04-816_1_21.jpg,5,CBHPM,0.17279009521007538,344.4489,4549.91,758.05536,4898.816
101258745_K49841_F1B04-816_1_21.jpg,5,CBHPM,0.15783178806304932,437.3726,4630.201,682.17065,4872.8896
101258745_K49841_F1B04-816_1_21.jpg,6,CBVPM,0.11568042635917664,728.885,3659.1753,885.0989,3818.9976
101258745_K49841_F1B04-816_1_21.jpg,6,CBVPM,0.11542408913373947,602.6145,3585.7227,917.5548,3867.1558
101258745_K49841_F1B04-816_1_21.jpg,6,CBVPM,0.047016244381666183,3311.981,2260.6162,3693.062,2666.3164
101258745_K49841_F1B04-816_1_21.jpg,6,CBVPM,0.040231458842754364,393.23914,4605.2534,721.7069,4897.433
101258745_K49841_F1B04-816_1_21.jpg,5,CBHPM,0.03444913774728775,601.52014,3603.8394,915.26355,3855.2646
101258745_K49841_F1B04-816_1_21.jpg,11,GWCNM,0.005391065962612629,1920.0,1624.9501,2255.638,2011.9727
101258745_K49841_F1B04-816_1_21.jpg,6,CBVPM,0.003426632611081004,447.94647,4632.164,638.3724,4842.152
101258745_K49841_F1B04-816_1_21.jpg,5,CBHPM,0.003346532816067338,85.54895,960.0658,288.26596,1013.29193
101258745_K49841_F1B04-816_1_21.jpg,6,CBVPM,0.0033007727470248938,3383.8896,2325.5637,3644.6228,2610.7305
101258745_K49841_F1B04-816_1_21.jpg,4,SVHTNL,0.0026841172948479652,3152.5085,1454.1968,3200.0,1690.8298
101258745_K49841_F1B04-816_1_21.jpg,5,CBHPM,0.002590599935501814,22.798492,961.78613,396.10834,1024.9806
101258745_K49841_F1B04-816_1_21.jpg,6,CBVPM,0.001993840327486396,659.0852,2039.6128,1047.2699,2240.0
101258745_K49841_F1B04-816_1_21.jpg,5,CBHPM,0.001892411382868886,689.7224,2024.3309,1058.1637,2240.0
101258745_K49841_F1B04-816_1_21.jpg,5,CBHPM,0.0013950093416497111,3335.5251,2238.8105,3712.4966,2650.7747
101258745_K49841_F1B04-816_1_21.jpg,6,CBVPM,0.00138521334156394,629.98535,3841.801,958.2617,3908.034
101258745_K49841_F1B04-816_1_21.jpg,5,CBHPM,0.0013838005252182484,539.9795,4665.6206,703.07935,4863.017
101258745_K49841_F1B04-816_1_21.jpg,5,CBHPM,0.0011943818535655737,1482.871,2917.3333,1594.1665,3021.0093
101258745_K49841_F1B04-816_1_21.jpg,5,CBHPM,0.0011911948677152395,515.7335,4745.278,671.1012,4917.239
101258745_K49841_F1B04-816_1_21.jpg,6,CBVPM,0.001163093838840723,32.718506,961.0554,406.9165,1026.0795
101301757_K49804_F1B04-814_1_21.jpg,5,CBHPM,0.15205880999565125,314.47418,3698.331,462.3775,3855.8276
101301757_K49804_F1B04-814_1_21.jpg,5,CBHPM,0.06002656742930412,170.13031,3630.6987,494.4204,3907.8936
101301757_K49804_F1B04-814_1_21.jpg,6,CBVPM,0.0289013534784317,285.74518,3689.5977,474.82635,3870.0513
101301757_K49804_F1B04-814_1_21.jpg,5,CBHPM,0.020678119733929634,637.01135,2880.0,845.28015,2929.9285
101301757_K49804_F1B04-814_1_21.jpg,6,CBVPM,0.005543028935790062,3245.9292,2414.999,3510.555,2591.8599
101301757_K49804_F1B04-814_1_21.jpg,5,CBHPM,0.003043695352971554,563.0133,2880.7566,949.72815,2940.3364
101301757_K49804_F1B04-814_1_21.jpg,4,SVHTNL,0.0023814679589122534,960.8436,3750.7188,1006.1589,3981.1074
101301757_K49804_F1B04-814_1_21.jpg,5,CBHPM,0.0015772442566230893,318.15283,3749.6382,659.0414,4034.7397
101301757_K49804_F1B04-814_1_21.jpg,6,CBVPM,0.0010498486226424575,4115.2886,2351.6284,4520.5576,2693.2532
101305603_K49802_F1B04-812a_1_21.jpg,6,CBVPM,0.20892176032066345,611.1779,3567.5625,925.3448,3871.7832
101305603_K49802_F1B04-812a_1_21.jpg,6,CBVPM,0.13055992126464844,721.5648,3644.9846,926.7019,3844.8413
101305603_K49802_F1B04-812a_1_21.jpg,6,CBVPM,0.04136187210679054,474.44894,4658.9307,670.1775,4868.0664
101305603_K49802_F1B04-812a_1_21.jpg,6,CBVPM,0.03171386569738388,389.86975,4612.421,714.5984,4898.045
101305603_K49802_F1B04-812a_1_21.jpg,5,CBHPM,0.027604717761278152,332.3849,4567.4775,752.2311,4911.787
101305603_K49802_F1B04-812a_1_21.jpg,6,CBVPM,0.020830772817134857,3762.8901,2355.3506,4060.4604,2540.683
101305603_K49802_F1B04-812a_1_21.jpg,6,CBVPM,0.019355962052941322,677.96924,3840.7253,953.5615,3910.7092
101305603_K49802_F1B04-812a_1_21.jpg,5,CBHPM,0.017413286492228508,738.6218,3654.129,893.1116,3825.8423
101305603_K49802_F1B04-812a_1_21.jpg,5,CBHPM,0.012782520614564419,662.8728,3840.6917,956.36365,3913.1235
101305603_K49802_F1B04-812a_1_21.jpg,5,CBHPM,0.006056769751012325,619.0175,3580.0725,935.68866,3867.2112
101305603_K49802_F1B04-812a_1_21.jpg,4,SVHTNL,0.004719596356153488,961.5717,1978.065,994.35626,2197.545
101305603_K49802_F1B04-812a_1_21.jpg,5,CBHPM,0.0035607877653092146,2593.4604,2446.6277,2702.7437,2559.819
101305603_K49802_F1B04-812a_1_21.jpg,6,CBVPM,0.002370991511270404,560.40137,3840.4263,874.61523,3912.8232
101305603_K49802_F1B04-812a_1_21.jpg,5,CBHPM,0.0022692137863487005,491.25928,4664.7573,678.6919,4866.435
101305603_K49802_F1B04-812a_1_21.jpg,5,CBHPM,0.0013837214792147279,644.5045,3840.0,803.5886,3908.2532
101305603_K49802_F1B04-812a_1_21.jpg,6,CBVPM,0.0013818521983921528,636.317,3680.0322,937.5281,3918.2866
101305603_K49802_F1B04-812a_1_21.jpg,12,GWCNL,0.0011899496894329786,1921.9741,2404.7817,1996.3323,2716.7207
101406217_K49741_F1B04-810_1_21.jpg,5,CBHPM,0.7682764530181885,655.66846,3596.6848,834.89355,3769.9973
101406217_K49741_F1B04-810_1_21.jpg,5,CBHPM,0.5656108856201172,515.31934,3515.437,850.4197,3812.5352
101406217_K49741_F1B04-810_1_21.jpg,6,CBVPM,0.17897887527942657,508.02698,3493.31,854.5864,3827.9478
101406217_K49741_F1B04-810_1_21.jpg,6,CBVPM,0.07597225159406662,635.7742,3587.8562,804.39624,3771.805
101406217_K49741_F1B04-810_1_21.jpg,5,CBHPM,0.0489809513092041,196.53027,4584.2666,650.8091,4961.964
101406217_K49741_F1B04-810_1_21.jpg,5,CBHPM,0.018557695671916008,321.41473,4658.3223,626.1586,4935.741
101406217_K49741_F1B04-810_1_21.jpg,6,CBVPM,0.0156602393835783,328.66937,4668.1084,565.5888,4900.229
101406217_K49741_F1B04-810_1_21.jpg,6,CBVPM,0.004487127531319857,3345.285,2397.8105,3643.7266,2566.9958
101406217_K49741_F1B04-810_1_21.jpg,5,CBHPM,0.003109033452346921,365.2379,4687.112,549.32336,4895.323
101406217_K49741_F1B04-810_1_21.jpg,1,VHBNL,0.002965816529467702,651.9319,3601.4,835.89954,3751.8828
101406217_K49741_F1B04-810_1_21.jpg,5,CBHPM,0.0029161907732486725,538.85156,3622.2832,843.33374,3898.457
101406217_K49741_F1B04-810_1_21.jpg,5,CBHPM,0.002317283535376191,373.2456,4655.3496,508.22534,4786.081
101406217_K49741_F1B04-810_1_21.jpg,6,CBVPM,0.0020667375065386295,605.59094,3593.8948,895.02673,3878.3252
101406217_K49741_F1B04-810_1_21.jpg,2,SVHBNM,0.0016839675372466445,4194.879,2313.4963,4406.4517,2656.4702
101406217_K49741_F1B04-810_1_21.jpg,6,CBVPM,0.00124293880071491,675.09656,3657.2646,813.06433,3841.8828
101406217_K49741_F1B04-810_1_21.jpg,5,CBHPM,0.0012082918547093868,637.1981,3579.7954,927.912,3815.437
101410786_K49711_F1B04-808_1_21.jpg,5,CBHPM,0.18983858823776245,699.84814,3840.0,987.39,3916.6536
101410786_K49711_F1B04-808_1_21.jpg,6,CBVPM,0.08849281072616577,633.6213,3559.9277,949.79095,3892.4868
101410786_K49711_F1B04-808_1_21.jpg,6,CBVPM,0.06221875920891762,3767.4841,2364.3254,4051.2214,2558.5034
101410786_K49711_F1B04-808_1_21.jpg,5,CBHPM,0.038154590874910355,398.56888,4601.5107,811.28467,4949.1377
101410786_K49711_F1B04-808_1_21.jpg,6,CBVPM,0.025372585281729698,760.13416,3641.6514,942.96375,3842.707
101410786_K49711_F1B04-808_1_21.jpg,6,CBVPM,0.017291197553277016,704.68616,3840.0,1032.6005,3917.2214
101410786_K49711_F1B04-808_1_21.jpg,6,CBVPM,0.015719829127192497,477.79773,4677.292,698.6688,4901.0757
101410786_K49711_F1B04-808_1_21.jpg,5,CBHPM,0.007660175208002329,490.88818,4685.913,678.0271,4895.7754
101410786_K49711_F1B04-808_1_21.jpg,6,CBVPM,0.005317448638379574,698.6124,3735.7795,969.2589,3928.147
101410786_K49711_F1B04-808_1_21.jpg,6,CBVPM,0.0042113023810088634,755.2359,3840.0,973.7247,3883.9414
101410786_K49711_F1B04-808_1_21.jpg,6,CBVPM,0.0038343609776347876,1033.0488,1921.921,1280.0,1992.4023
101410786_K49711_F1B04-808_1_21.jpg,5,CBHPM,0.003825988620519638,771.8019,3659.4136,933.59973,3828.6323
101410786_K49711_F1B04-808_1_21.jpg,6,CBVPM,0.002959802048280835,361.4567,4635.663,739.932,4946.843
101410786_K49711_F1B04-808_1_21.jpg,5,CBHPM,0.002609824761748314,651.1282,3673.754,1029.4335,3952.6147
101410786_K49711_F1B04-808_1_21.jpg,6,CBVPM,0.002552094403654337,2053.9563,2306.9473,2239.8606,2595.3855
101410786_K49711_F1B04-808_1_21.jpg,5,CBHPM,0.0024025843013077974,793.2108,2140.6724,1065.4686,2237.462
101410786_K49711_F1B04-808_1_21.jpg,5,CBHPM,0.00229798280633986,646.8013,3579.0732,968.0388,3873.8289
101410786_K49711_F1B04-808_1_21.jpg,6,CBVPM,0.0017913508927449584,779.9741,2113.86,1084.5776,2238.675
101410786_K49711_F1B04-808_1_21.jpg,5,CBHPM,0.0017517904052510858,848.51294,2137.48,987.3302,2238.095
101410786_K49711_F1B04-808_1_21.jpg,6,CBVPM,0.0014891995815560222,966.80133,3137.5713,1163.1202,3340.8975
101410786_K49711_F1B04-808_1_21.jpg,6,CBVPM,0.0014463856350630522,2053.23,2485.2427,2236.2905,2679.43
101410786_K49711_F1B04-808_1_21.jpg,5,CBHPM,0.0013776585692539811,4953.037,1129.5271,5117.8105,1278.3953
101410786_K49711_F1B04-808_1_21.jpg,11,GWCNM,0.001289036008529365,1921.5868,2360.0176,1983.1663,2671.858
101410786_K49711_F1B04-808_1_21.jpg,5,CBHPM,0.0011082444107159972,1023.9336,1921.035,1378.5703,1987.7117
101410786_K49711_F1B04-808_1_21.jpg,5,CBHPM,0.0010697233956307173,977.91907,1913.2532,1280.0,2240.0
101413823_K49679_F1B04-806_1_21.jpg,6,CBVPM,0.0558941587805748,3575.4243,2416.2466,3832.734,2581.1006
101413823_K49679_F1B04-806_1_21.jpg,6,CBVPM,0.014152061194181442,340.45264,3716.0645,591.79895,3925.8315
101413823_K49679_F1B04-806_1_21.jpg,5,CBHPM,0.011055506765842438,389.8042,3737.832,547.5166,3900.9646
101413823_K49679_F1B04-806_1_21.jpg,5,CBHPM,0.007521622348576784,290.31567,3704.5737,590.109,3938.8784
101413823_K49679_F1B04-806_1_21.jpg,6,CBVPM,0.0062972502782940865,4128.86,2290.3855,4505.1245,2671.777
101413823_K49679_F1B04-806_1_21.jpg,5,CBHPM,0.004557783715426922,2535.4705,2959.4568,2943.3752,3200.0
101413823_K49679_F1B04-806_1_21.jpg,5,CBHPM,0.0020813944283872843,4128.2734,2275.4858,4516.1685,2665.251
101413823_K49679_F1B04-806_1_21.jpg,3,SVHBNL,0.001714515034109354,2880.0,2881.9558,3023.9607,3219.6738
101413823_K49679_F1B04-806_1_21.jpg,6,CBVPM,0.0011583445593714714,4383.824,2124.2698,4668.1616,2239.056
101413823_K49679_F1B04-806_1_21.jpg,13,BSBM,0.0010771614033728838,2880.0,2880.0,2964.0122,3113.1917
101413823_K49679_F1B04-806_1_21.jpg,14,INSD,0.001051491592079401,2880.0466,2880.0,3033.2253,3229.0972
101415958_K49644_F1B04-804_1_21.jpg,5,CBHPM,0.17772847414016724,221.76996,3660.5144,381.64886,3837.688
101415958_K49644_F1B04-804_1_21.jpg,5,CBHPM,0.14643985033035278,112.43663,3607.6274,409.50134,3869.8218
101415958_K49644_F1B04-804_1_21.jpg,6,CBVPM,0.063873790204525,177.84937,3631.3083,392.30365,3854.8938
101415958_K49644_F1B04-804_1_21.jpg,1,VHBNL,0.006709647830575705,2315.9277,2889.4636,2615.2915,3148.2412
101415958_K49644_F1B04-804_1_21.jpg,6,CBVPM,0.001647154102101922,255.56564,3664.1335,387.05643,3828.314
101415958_K49644_F1B04-804_1_21.jpg,6,CBVPM,0.0015219403430819511,171.32895,3699.7874,465.7626,3980.9922
101415958_K49644_F1B04-804_1_21.jpg,5,CBHPM,0.001429629628546536,162.11179,3699.3965,463.37717,3958.5151
101415958_K49644_F1B04-804_1_21.jpg,6,CBVPM,0.001209207228384912,974.4394,3840.8796,1280.0,3903.5015
101417878_K49612_F1B04-802_1_21.jpg,6,CBVPM,0.28939521312713623,680.5687,3727.932,851.9226,3904.786
101417878_K49612_F1B04-802_1_21.jpg,5,CBHPM,0.17585229873657227,650.866,3840.0,826.96185,3899.2354
101417878_K49612_F1B04-802_1_21.jpg,6,CBVPM,0.14240558445453644,580.23975,3668.1536,864.4487,3930.752
101417878_K49612_F1B04-802_1_21.jpg,5,CBHPM,0.07450906932353973,583.0383,3840.0,873.6792,3918.3936
101417878_K49612_F1B04-802_1_21.jpg,5,CBHPM,0.0715995654463768,246.62108,4592.3726,680.9586,5008.332
101417878_K49612_F1B04-802_1_21.jpg,5,CBHPM,0.071247398853302,554.1068,3645.4067,877.8236,3952.6309
101417878_K49612_F1B04-802_1_21.jpg,6,CBVPM,0.06957995146512985,3886.7031,2406.9268,4160.0,2606.518
101417878_K49612_F1B04-802_1_21.jpg,6,CBVPM,0.05564506724476814,590.0339,3840.0,904.0527,3911.0298
101417878_K49612_F1B04-802_1_21.jpg,5,CBHPM,0.038552772253751755,690.89435,3726.7334,843.7032,3895.8386
101417878_K49612_F1B04-802_1_21.jpg,6,CBVPM,0.034514639526605606,419.58157,4708.5576,627.98,4921.3955
101417878_K49612_F1B04-802_1_21.jpg,6,CBVPM,0.02306649461388588,630.0071,3840.0,842.1511,3885.0928
101417878_K49612_F1B04-802_1_21.jpg,5,CBHPM,0.01680660992860794,380.1866,4658.1484,678.5956,4952.0093
101417878_K49612_F1B04-802_1_21.jpg,6,CBVPM,0.011821277439594269,583.3507,3840.0,932.2921,3996.7017
101417878_K49612_F1B04-802_1_21.jpg,5,CBHPM,0.008266802877187729,571.52313,3840.0,925.4068,3986.586
101417878_K49612_F1B04-802_1_21.jpg,5,CBHPM,0.006751931272447109,410.73114,4710.283,597.41327,4922.347
101417878_K49612_F1B04-802_1_21.jpg,6,CBVPM,0.006400985177606344,445.21228,3840.641,798.8882,3908.2617
101417878_K49612_F1B04-802_1_21.jpg,6,CBVPM,0.005343139171600342,349.19528,3840.0,676.89014,3914.1204
101417878_K49612_F1B04-802_1_21.jpg,6,CBVPM,0.004357428755611181,279.97052,4664.871,685.9827,4977.176
101417878_K49612_F1B04-802_1_21.jpg,5,CBHPM,0.003777173114940524,630.429,3840.2476,794.9765,3936.6143
101417878_K49612_F1B04-802_1_21.jpg,3,SVHBNL,0.0022573380265384912,963.88684,2880.0,1152.8087,3203.5647
101417878_K49612_F1B04-802_1_21.jpg,5,CBHPM,0.0019479332258924842,571.36676,3840.0,751.6081,3903.3545
101417878_K49612_F1B04-802_1_21.jpg,6,CBVPM,0.0018789154710248113,305.39893,3840.0,507.7556,3899.7358
101417878_K49612_F1B04-802_1_21.jpg,5,CBHPM,0.0017289789393544197,585.83093,3840.0,807.8373,3878.563
101417878_K49612_F1B04-802_1_21.jpg,6,CBVPM,0.001644925563596189,2104.813,2284.0657,2240.0,2579.0532
101417878_K49612_F1B04-802_1_21.jpg,6,CBVPM,0.0015249212738126516,3989.3213,2307.9292,4158.4883,2599.7693
101417878_K49612_F1B04-802_1_21.jpg,6,CBVPM,0.001356563181616366,967.76953,1864.24,1190.0249,2156.6313
101417878_K49612_F1B04-802_1_21.jpg,6,CBVPM,0.001279865624383092,542.81506,3840.0,752.96716,3896.8403
101417878_K49612_F1B04-802_1_21.jpg,5,CBHPM,0.0012690380681306124,246.568,3840.259,602.8672,3914.8962
101417878_K49612_F1B04-802_1_21.jpg,5,CBHPM,0.0011070057516917586,961.29297,1927.2052,1148.9729,2164.2334
101419743_K49580_F1B04-800_1_21.jpg,5,CBHPM,0.10376112163066864,358.9655,3709.55,513.12726,3877.7854
101419743_K49580_F1B04-800_1_21.jpg,5,CBHPM,0.04381025955080986,271.72174,3669.3594,547.06256,3908.8013
101419743_K49580_F1B04-800_1_21.jpg,6,CBVPM,0.03458647057414055,304.35297,3695.6252,533.4781,3904.6975
101419743_K49580_F1B04-800_1_21.jpg,2,SVHBNM,0.0067217350006103516,960.2993,4041.8374,1014.05273,4432.2095
101419743_K49580_F1B04-800_1_21.jpg,6,CBVPM,0.005124759394675493,3525.4272,3263.7798,3561.1377,3347.4504
101419743_K49580_F1B04-800_1_21.jpg,6,CBVPM,0.002878074301406741,194.36682,3667.3828,546.60583,3960.8474
101419743_K49580_F1B04-800_1_21.jpg,6,CBVPM,0.0013333039823919535,3313.3318,2435.3928,3596.6775,2623.105
101421471_K49545_F1B04-798_1_21.jpg,5,CBHPM,0.19469207525253296,723.19055,3680.2253,875.3153,3836.1338
101421471_K49545_F1B04-798_1_21.jpg,6,CBVPM,0.17241270840168,666.45984,3660.496,887.76953,3859.866
101421471_K49545_F1B04-798_1_21.jpg,6,CBVPM,0.16199244558811188,594.2007,3596.9766,909.99475,3890.2302
101421471_K49545_F1B04-798_1_21.jpg,5,CBHPM,0.14422111213207245,592.9336,3601.0762,907.6748,3886.1045
101421471_K49545_F1B04-798_1_21.jpg,6,CBVPM,0.04325176030397415,456.89648,4664.9507,649.15955,4870.3364
101421471_K49545_F1B04-798_1_21.jpg,5,CBHPM,0.04195976257324219,344.71133,4604.4404,738.0331,4913.643
101421471_K49545_F1B04-798_1_21.jpg,5,CBHPM,0.03898264095187187,431.57773,4648.9556,669.2418,4886.338
101421471_K49545_F1B04-798_1_21.jpg,6,CBVPM,0.027429306879639626,3869.6045,2438.2622,4140.7695,2629.4192
101421471_K49545_F1B04-798_1_21.jpg,6,CBVPM,0.0061852033250033855,618.71765,3841.5942,943.50903,3908.2898
101421471_K49545_F1B04-798_1_21.jpg,6,CBVPM,0.004553895443677902,3924.2537,2460.775,4057.096,2598.6301
101421471_K49545_F1B04-798_1_21.jpg,6,CBVPM,0.004482497461140156,4007.0774,2416.428,4158.419,2612.625
101421471_K49545_F1B04-798_1_21.jpg,5,CBHPM,0.003019617171958089,499.86887,3840.76,861.7041,3908.624
101421471_K49545_F1B04-798_1_21.jpg,6,CBVPM,0.0022421765606850386,676.3242,1920.392,1018.81885,2029.3484
101421471_K49545_F1B04-798_1_21.jpg,5,CBHPM,0.0015956447459757328,639.03577,1920.9698,1001.0283,2001.0864
101421471_K49545_F1B04-798_1_21.jpg,6,CBVPM,0.001122719724662602,328.8333,4572.286,668.2396,4931.2974
101421471_K49545_F1B04-798_1_21.jpg,5,CBHPM,0.0010995562188327312,1296.7324,2880.7744,1672.8135,2944.783
101423253_K49510_F1B04-796_1_22.jpg,2,SVHBNM,0.008935504592955112,2118.6047,3011.1052,2240.0,3476.451
101423253_K49510_F1B04-796_1_22.jpg,6,CBVPM,0.005421193782240152,891.9303,2329.9805,1187.7338,2524.8948
101423253_K49510_F1B04-796_1_22.jpg,4,SVHTNL,0.005302946083247662,2337.6658,2587.384,2455.9368,2746.9604
101423253_K49510_F1B04-796_1_22.jpg,6,CBVPM,0.003300693118944764,2088.059,3026.9512,2376.1514,3190.041
101423253_K49510_F1B04-796_1_22.jpg,5,CBHPM,0.001709858770482242,2113.3599,3057.0361,2252.0742,3193.0933
101423254_K49510_F1B04-796_1_21.jpg,6,CBVPM,0.02511478401720524,3316.151,2479.4575,3598.831,2648.734
101423254_K49510_F1B04-796_1_21.jpg,6,CBVPM,0.011469417251646519,3984.3618,2508.2617,4156.918,2748.5132
101423254_K49510_F1B04-796_1_21.jpg,6,CBVPM,0.008754627779126167,315.96735,3682.007,569.2782,3914.9727
101423254_K49510_F1B04-796_1_21.jpg,5,CBHPM,0.0016193289775401354,431.7165,3717.5032,563.98846,3877.1309
101423254_K49510_F1B04-796_1_21.jpg,5,CBHPM,0.001348196528851986,316.6142,3691.2742,560.03864,3925.4976
101423254_K49510_F1B04-796_1_21.jpg,5,CBHPM,0.00131668068934232,2238.6707,3048.5376,2599.8267,3200.0
101425000_K49472_F1B04-794_1_21.jpg,6,CBVPM,0.08825939893722534,692.47656,3708.659,868.7959,3889.3672
101425000_K49472_F1B04-794_1_21.jpg,5,CBHPM,0.06213434785604477,710.69946,3712.9927,856.9895,3869.7524
101425000_K49472_F1B04-794_1_21.jpg,6,CBVPM,0.06156372278928757,3861.6094,2416.9482,4137.8926,2595.1953
101425000_K49472_F1B04-794_1_21.jpg,6,CBVPM,0.019556840881705284,618.44385,3651.4492,884.7058,3923.3638
101425000_K49472_F1B04-794_1_21.jpg,5,CBHPM,0.008083862252533436,540.3015,3840.6597,909.69116,3910.9104
101425000_K49472_F1B04-794_1_21.jpg,6,CBVPM,0.0069571081548929214,567.7101,3840.6013,954.63354,3914.9941
101425000_K49472_F1B04-794_1_21.jpg,5,CBHPM,0.005328294355422258,553.93994,3599.9963,895.4287,3911.9185
101425000_K49472_F1B04-794_1_21.jpg,5,CBHPM,0.004130718298256397,1039.8417,3854.376,1173.4689,3987.2324
101425000_K49472_F1B04-794_1_21.jpg,5,CBHPM,0.0031606322154402733,617.09094,3840.2236,835.55164,3891.0198
101425000_K49472_F1B04-794_1_21.jpg,5,CBHPM,0.0031087584793567657,3999.1233,961.33295,4159.285,1280.0
101425000_K49472_F1B04-794_1_21.jpg,6,CBVPM,0.002219013636931777,962.2713,4224.7803,1092.2446,4495.2915
101425000_K49472_F1B04-794_1_21.jpg,5,CBHPM,0.0020636350382119417,551.4702,4728.831,671.7412,4851.328
101425000_K49472_F1B04-794_1_21.jpg,6,CBVPM,0.0019515258027240634,3939.7861,962.71606,4320.0435,1280.0
101425000_K49472_F1B04-794_1_21.jpg,5,CBHPM,0.0016225599683821201,87.46881,4860.456,499.6905,5120.0
101425000_K49472_F1B04-794_1_21.jpg,13,BSBM,0.0015896314289420843,962.5972,3840.0,1171.9899,4123.5625
101425000_K49472_F1B04-794_1_21.jpg,6,CBVPM,0.0014833057066425681,581.1448,3840.0,949.14844,3989.9167
101425000_K49472_F1B04-794_1_21.jpg,5,CBHPM,0.0014530773041769862,4130.0835,2970.4563,4252.6416,3066.7737
101425000_K49472_F1B04-794_1_21.jpg,5,CBHPM,0.0014078773092478514,3966.5002,994.5077,4300.541,1280.0
101425000_K49472_F1B04-794_1_21.jpg,1,VHBNL,0.0013168493751436472,1923.9492,964.82086,2228.302,1183.9866
101425000_K49472_F1B04-794_1_21.jpg,6,CBVPM,0.0012880751164630055,960.0,3840.5974,1279.1882,3931.6702
101425000_K49472_F1B04-794_1_21.jpg,5,CBHPM,0.0012803863501176238,960.7109,3840.0,1336.5286,3928.617
101425000_K49472_F1B04-794_1_21.jpg,5,CBHPM,0.001227883854880929,960.0,4245.869,1128.1819,4506.656
101426501_K49431_F1B04-792_1_21.jpg,6,CBVPM,0.09786457568407059,730.3434,3840.0,935.5399,4042.7083
101426501_K49431_F1B04-792_1_21.jpg,5,CBHPM,0.04307515174150467,754.886,3853.975,905.6489,4015.9983
101426501_K49431_F1B04-792_1_21.jpg,6,CBVPM,0.036204744130373,578.0163,3716.363,952.66095,4147.285
101426501_K49431_F1B04-792_1_21.jpg,6,CBVPM,0.03171289712190628,3230.9243,2528.9404,3508.3792,2718.679
101426501_K49431_F1B04-792_1_21.jpg,5,CBHPM,0.030927244573831558,566.73645,3678.8486,972.67664,4097.156
101426501_K49431_F1B04-792_1_21.jpg,5,CBHPM,0.004474420566111803,583.1242,3840.0,889.88666,4125.768
101426501_K49431_F1B04-792_1_21.jpg,5,CBHPM,0.0037422776222229004,348.70282,3840.681,737.5213,3911.847
101426501_K49431_F1B04-792_1_21.jpg,6,CBVPM,0.0035784216597676277,963.21985,3840.3777,1344.4941,3899.0225
101426501_K49431_F1B04-792_1_21.jpg,5,CBHPM,0.0013518274063244462,420.03024,3840.0,634.968,3900.1228
101426501_K49431_F1B04-792_1_21.jpg,2,SVHBNM,0.0012861418072134256,2163.5657,2944.2517,2240.0,3350.96
101426501_K49431_F1B04-792_1_21.jpg,5,CBHPM,0.00109310750849545,960.0,3841.9207,1289.3728,3932.109
101427695_K49395_F1B04-790_1_21.jpg,5,CBHPM,0.5307837724685669,575.173,3649.6338,897.06934,3981.462
101427695_K49395_F1B04-790_1_21.jpg,5,CBHPM,0.2731530964374542,713.41797,3750.4973,894.55347,3933.8638
101427695_K49395_F1B04-790_1_21.jpg,6,CBVPM,0.1473875492811203,3603.0466,2379.4475,3946.9446,2725.0942
101427695_K49395_F1B04-790_1_21.jpg,5,CBHPM,0.13919252157211304,581.5646,3840.0,765.93665,3900.033
101427695_K49395_F1B04-790_1_21.jpg,5,CBHPM,0.13136865198612213,560.3989,3840.0063,864.3589,3938.038
101427695_K49395_F1B04-790_1_21.jpg,6,CBVPM,0.10422685742378235,669.95703,3840.0,926.01917,3925.213
101427695_K49395_F1B04-790_1_21.jpg,5,CBHPM,0.05263892561197281,710.6681,3840.1306,881.4617,3903.6726
101427695_K49395_F1B04-790_1_21.jpg,5,CBHPM,0.04865356534719467,666.9031,3840.0,957.19556,3921.3452
101427695_K49395_F1B04-790_1_21.jpg,6,CBVPM,0.03276945278048515,740.2422,3840.0,898.81555,3904.807
101427695_K49395_F1B04-790_1_21.jpg,6,CBVPM,0.01945115439593792,622.05896,3840.0,988.98535,3981.1743
101427695_K49395_F1B04-790_1_21.jpg,6,CBVPM,0.015176656655967236,573.6223,3635.7336,892.8345,3991.3152
101427695_K49395_F1B04-790_1_21.jpg,6,CBVPM,0.01467058714479208,365.58798,3840.0,694.7577,3911.88
101427695_K49395_F1B04-790_1_21.jpg,6,CBVPM,0.009412562474608421,691.52747,3738.055,868.5759,3933.357
101427695_K49395_F1B04-790_1_21.jpg,6,CBVPM,0.00865001417696476,571.26794,3840.8699,867.9022,3947.7852
101427695_K49395_F1B04-790_1_21.jpg,6,CBVPM,0.006831320468336344,3.020996,960.2289,255.88199,1031.1956
101427695_K49395_F1B04-790_1_21.jpg,5,CBHPM,0.006613587960600853,622.4398,3840.0,986.5282,4035.6018
101427695_K49395_F1B04-790_1_21.jpg,5,CBHPM,0.0059595005586743355,327.1223,3840.0,650.25183,3914.085
101427695_K49395_F1B04-790_1_21.jpg,6,CBVPM,0.005107102915644646,3797.541,0.0,4077.8506,74.379616
101427695_K49395_F1B04-790_1_21.jpg,6,CBVPM,0.005034383852034807,560.1907,3840.0,765.45166,3884.2043
101427695_K49395_F1B04-790_1_21.jpg,5,CBHPM,0.004592755809426308,656.0497,3840.0,819.3751,3959.362
101427695_K49395_F1B04-790_1_21.jpg,6,CBVPM,0.004192662891000509,645.26495,3840.0,849.5413,3877.3674
101427695_K49395_F1B04-790_1_21.jpg,6,CBVPM,0.0036920562852174044,750.921,3768.1804,888.1647,3916.1555
101427695_K49395_F1B04-790_1_21.jpg,5,CBHPM,0.003682775655761361,695.7258,3850.6272,841.7019,3995.5872
101427695_K49395_F1B04-790_1_21.jpg,5,CBHPM,0.002937852870672941,310.30408,3620.8076,724.12976,3966.7263
101427695_K49395_F1B04-790_1_21.jpg,4,SVHTNL,0.0028246266301721334,1589.1364,244.26105,1741.9161,483.5216
101427695_K49395_F1B04-790_1_21.jpg,1,VHBNL,0.0026462157256901264,666.9616,3840.0,822.21796,3931.6414
101427695_K49395_F1B04-790_1_21.jpg,5,CBHPM,0.0025285459123551846,3985.545,2880.8079,4180.6157,2932.8406
101427695_K49395_F1B04-790_1_21.jpg,5,CBHPM,0.0024314518086612225,3913.9375,2880.4795,4286.8643,2951.039
101427695_K49395_F1B04-790_1_21.jpg,5,CBHPM,0.002147747203707695,7.9342957,960.0,206.4888,1017.286
101427695_K49395_F1B04-790_1_21.jpg,3,SVHBNL,0.002054316457360983,1945.5565,1220.7915,2191.6396,1278.2656
101427695_K49395_F1B04-790_1_21.jpg,5,CBHPM,0.001735735684633255,3431.8853,2881.0974,3612.547,2938.565
101427695_K49395_F1B04-790_1_21.jpg,5,CBHPM,0.0016395732527598739,3618.1355,2388.9978,3988.5967,2707.577
101427695_K49395_F1B04-790_1_21.jpg,6,CBVPM,0.0015265397960320115,702.71045,3840.0,918.07935,3865.9824
101427695_K49395_F1B04-790_1_21.jpg,6,CBVPM,0.0014680903404951096,3900.9656,2880.6746,4235.595,2948.7092
101427695_K49395_F1B04-790_1_21.jpg,5,CBHPM,0.0013984431279823184,4279.282,3065.7185,4581.821,3197.5676
101427695_K49395_F1B04-790_1_21.jpg,6,CBVPM,0.0012601311318576336,393.31183,3840.0,595.54596,3897.9585
101427695_K49395_F1B04-790_1_21.jpg,4,SVHTNL,0.0012545131612569094,0.0,1059.0464,79.34504,1264.5967
101427695_K49395_F1B04-790_1_21.jpg,5,CBHPM,0.0010399578604847193,576.51074,3840.129,742.3064,3971.9626
101428933_K49335_F1B04-786_1_21.jpg,5,CBHPM,0.37468212842941284,458.63965,3675.6235,831.4746,4027.0276
101428933_K49335_F1B04-786_1_21.jpg,5,CBHPM,0.1881362944841385,629.50085,3812.3997,812.5829,3988.5156
101428933_K49335_F1B04-786_1_21.jpg,6,CBVPM,0.07186729460954666,476.8357,3699.7112,823.74316,4082.6082
101428933_K49335_F1B04-786_1_21.jpg,6,CBVPM,0.045195359736680984,597.5614,3776.7988,823.4668,4020.3042
101428933_K49335_F1B04-786_1_21.jpg,6,CBVPM,0.04280312359333038,617.5989,3840.0,773.8679,3990.5295
101428933_K49335_F1B04-786_1_21.jpg,6,CBVPM,0.030181266367435455,1577.0131,4362.079,1762.0472,4526.2476
101428933_K49335_F1B04-786_1_21.jpg,5,CBHPM,0.007281235884875059,1645.3,4379.6343,1749.8293,4504.427
101428933_K49335_F1B04-786_1_21.jpg,6,CBVPM,0.006113546434789896,1643.5885,4379.5806,1745.931,4504.9697
101428933_K49335_F1B04-786_1_21.jpg,5,CBHPM,0.005308530293405056,193.79828,3841.0413,601.2755,3906.8425
101428933_K49335_F1B04-786_1_21.jpg,6,CBVPM,0.004938988015055656,3503.5557,1858.1833,3746.7715,2122.964
101428933_K49335_F1B04-786_1_21.jpg,2,SVHBNM,0.0045793317258358,960.15564,2419.1082,1028.6249,2862.074
101428933_K49335_F1B04-786_1_21.jpg,6,CBVPM,0.004283726681023836,3308.0278,2452.545,3596.5376,2662.2969
101428933_K49335_F1B04-786_1_21.jpg,5,CBHPM,0.0035534631460905075,3495.6714,1831.7311,3770.3662,2152.776
101428933_K49335_F1B04-786_1_21.jpg,5,CBHPM,0.0030989530496299267,487.22607,3840.0,824.1909,4064.062
101428933_K49335_F1B04-786_1_21.jpg,5,CBHPM,0.002881927415728569,3545.3071,1912.3365,3690.1333,2093.5425
101428933_K49335_F1B04-786_1_21.jpg,5,CBHPM,0.0024703366216272116,1522.2559,4336.465,1771.8401,4542.8003
101428933_K49335_F1B04-786_1_21.jpg,1,VHBNL,0.0024362632539123297,591.61816,3841.2437,881.5956,3960.5894
101428933_K49335_F1B04-786_1_21.jpg,15,DRPS,0.0014388106064870954,2307.8481,3107.939,2427.6138,3199.8477
101428933_K49335_F1B04-786_1_21.jpg,6,CBVPM,0.0012419334379956126,3480.9382,1802.1372,3870.1846,2179.216
101428933_K49335_F1B04-786_1_21.jpg,5,CBHPM,0.00123426818754524,3478.2646,1761.1876,3906.308,2181.6245
101428933_K49335_F1B04-786_1_21.jpg,5,CBHPM,0.0011985913151875138,255.3707,3840.0,465.45963,3888.2178
101428933_K49335_F1B04-786_1_21.jpg,6,CBVPM,0.0011036888463422656,2254.0828,3070.5608,2591.4001,3386.2534
101428933_K49335_F1B04-786_1_21.jpg,5,CBHPM,0.0010536424815654755,206.01495,3840.0,629.4114,3983.445
101428933_K49335_F1B04-786_1_21.jpg,1,VHBNL,0.0010142723331227899,623.64307,3840.7354,806.8849,3912.9795
101430220_K49333_F1B04-784a_1_21.jpg,6,CBVPM,0.10491086542606354,3845.7075,2474.2295,4123.7544,2658.3403
101430220_K49333_F1B04-784a_1_21.jpg,6,CBVPM,0.06403936445713043,646.6927,3764.17,834.278,3965.6968
101430220_K49333_F1B04-784a_1_21.jpg,6,CBVPM,0.04345827177166939,597.9039,3840.0,848.5264,3974.8552
101430220_K49333_F1B04-784a_1_21.jpg,5,CBHPM,0.04302951693534851,611.0729,3840.0,861.2123,3961.1025
101430220_K49333_F1B04-784a_1_21.jpg,5,CBHPM,0.03823697566986084,672.61523,3778.8433,820.4812,3947.3486
101430220_K49333_F1B04-784a_1_21.jpg,5,CBHPM,0.011943073011934757,248.5703,3840.1409,655.62695,3915.273
101430220_K49333_F1B04-784a_1_21.jpg,6,CBVPM,0.008836895227432251,531.05884,3700.7034,859.3446,4011.9395
101430220_K49333_F1B04-784a_1_21.jpg,5,CBHPM,0.005882646422833204,502.82477,3840.0,843.68475,4008.1152
101430220_K49333_F1B04-784a_1_21.jpg,5,CBHPM,0.0054300688207149506,328.328,3840.0,526.90045,3893.732
101430220_K49333_F1B04-784a_1_21.jpg,5,CBHPM,0.005196127109229565,3854.039,2477.4336,4131.966,2651.796
101430220_K49333_F1B04-784a_1_21.jpg,5,CBHPM,0.003654833184555173,644.41064,2919.19,1015.62646,3200.0
101430220_K49333_F1B04-784a_1_21.jpg,6,CBVPM,0.003085617208853364,232.63898,3840.0,624.916,3936.7869
101430220_K49333_F1B04-784a_1_21.jpg,5,CBHPM,0.0027223106008023024,508.20605,3681.667,885.7616,4032.5906
101430220_K49333_F1B04-784a_1_21.jpg,5,CBHPM,0.0021359710954129696,684.19904,3841.502,859.363,3925.1814
101430220_K49333_F1B04-784a_1_21.jpg,5,CBHPM,0.0018651222344487906,685.38837,3862.9001,816.41754,4017.245
101430220_K49333_F1B04-784a_1_21.jpg,5,CBHPM,0.001734433346427977,4978.9473,1865.7703,5117.4395,2225.8435
101430220_K49333_F1B04-784a_1_21.jpg,6,CBVPM,0.0013004748616367579,4001.7666,2380.429,4158.1226,2666.7334
101430220_K49333_F1B04-784a_1_21.jpg,5,CBHPM,0.0012055281549692154,598.6649,3840.0,936.3124,4088.002
101430220_K49333_F1B04-784a_1_21.jpg,5,CBHPM,0.001046839402988553,2400.5193,2848.3843,2812.19,3200.0
101430220_K49333_F1B04-784a_1_21.jpg,6,CBVPM,0.0010248447069898248,451.73547,3840.9106,802.03357,3967.6619
101430220_K49333_F1B04-784a_1_21.jpg,1,VHBNL,0.0010192027548328042,646.7133,3840.0,830.79877,3932.1892
101430220_K49333_F1B04-784a_1_21.jpg,5,CBHPM,0.001005041878670454,621.38196,3840.0,1003.56445,3919.5396
101431273_K49298_F1B04-784_1_21.jpg,6,CBVPM,0.11631450802087784,628.1518,3731.2305,803.7603,3907.97
101431273_K49298_F1B04-784_1_21.jpg,6,CBVPM,0.09519673138856888,556.6024,3673.4573,810.35803,3962.5315
101431273_K49298_F1B04-784_1_21.jpg,6,CBVPM,0.05109115317463875,315.30182,3840.0,549.9572,3918.2317
101431273_K49298_F1B04-784_1_21.jpg,5,CBHPM,0.034932225942611694,329.78577,3840.0,518.1596,3899.8423
101431273_K49298_F1B04-784_1_21.jpg,5,CBHPM,0.025659510865807533,645.55554,3728.0144,796.32947,3907.629
101431273_K49298_F1B04-784_1_21.jpg,6,CBVPM,0.02049686387181282,468.7508,3840.0,817.92145,3913.9146
101431273_K49298_F1B04-784_1_21.jpg,5,CBHPM,0.009914274327456951,582.79285,3840.6807,722.0011,3894.7832
101431273_K49298_F1B04-784_1_21.jpg,5,CBHPM,0.008535327389836311,620.99756,3840.0,782.2478,3900.1897
101431273_K49298_F1B04-784_1_21.jpg,6,CBVPM,0.007952460087835789,463.79742,3618.2363,844.502,4006.88
101431273_K49298_F1B04-784_1_21.jpg,5,CBHPM,0.006983575411140919,445.83246,3601.059,857.68256,3985.9954
101431273_K49298_F1B04-784_1_21.jpg,5,CBHPM,0.0058453865349292755,405.41367,3840.8228,747.4208,3917.382
101431273_K49298_F1B04-784_1_21.jpg,5,CBHPM,0.005551340989768505,214.51959,3586.7314,637.93854,3957.3838
101431273_K49298_F1B04-784_1_21.jpg,6,CBVPM,0.0029777209274470806,442.28015,3840.0,805.1294,3984.4028
101431273_K49298_F1B04-784_1_21.jpg,5,CBHPM,0.0016435704892501235,2262.5854,3065.9995,2608.4106,3200.0
101431273_K49298_F1B04-784_1_21.jpg,5,CBHPM,0.0015440881252288818,2195.2227,3097.6755,2476.1082,3199.5422
101431273_K49298_F1B04-784_1_21.jpg,6,CBVPM,0.0010972562013193965,0.0,3840.0,383.18,3907.8167
101431273_K49298_F1B04-784_1_21.jpg,5,CBHPM,0.001051490195095539,506.8952,3840.5452,683.4567,3982.1636
101432387_K49268_F1B04-782_1_21.jpg,6,CBVPM,0.11397327482700348,3918.723,2437.868,4155.9805,2623.119
101432387_K49268_F1B04-782_1_21.jpg,6,CBVPM,0.08314988762140274,644.60144,3840.111,886.77625,3987.0588
101432387_K49268_F1B04-782_1_21.jpg,6,CBVPM,0.019648941233754158,575.7385,3714.3872,888.4392,4007.3389
101432387_K49268_F1B04-782_1_21.jpg,5,CBHPM,0.014362956397235394,562.1288,3840.0696,899.8307,4014.5864
101432387_K49268_F1B04-782_1_21.jpg,5,CBHPM,0.010289806872606277,725.33813,3785.8286,867.8539,3949.1846
101432387_K49268_F1B04-782_1_21.jpg,5,CBHPM,0.008674738928675652,4013.9578,1162.3303,4341.3237,1278.8264
101432387_K49268_F1B04-782_1_21.jpg,5,CBHPM,0.006848371587693691,4741.7886,1134.0107,5062.6426,1280.0
101432387_K49268_F1B04-782_1_21.jpg,6,CBVPM,0.004668057430535555,692.3115,3841.311,842.51904,3956.0796
101432387_K49268_F1B04-782_1_21.jpg,13,BSBM,0.0015768582234159112,4733.6807,1133.6467,5076.574,1279.0583
101432387_K49268_F1B04-782_1_21.jpg,6,CBVPM,0.0014353652950376272,755.9866,3794.0786,869.28784,3933.9946
101432387_K49268_F1B04-782_1_21.jpg,5,CBHPM,0.001334946253336966,332.52313,3667.1912,708.0358,3998.1365
101432387_K49268_F1B04-782_1_21.jpg,4,SVHTNL,0.0011060527758672833,2196.6125,1496.8992,2240.0,1715.6208
101433567_K49237_F1B04-780_1_21.jpg,6,CBVPM,0.06871939450502396,505.4224,3658.3853,862.83057,4021.2705
101433567_K49237_F1B04-780_1_21.jpg,6,CBVPM,0.03087344393134117,651.14624,3759.254,836.14844,3948.6501
101433567_K49237_F1B04-780_1_21.jpg,5,CBHPM,0.015500075183808804,674.4885,3766.9336,825.81396,3934.748
101433567_K49237_F1B04-780_1_21.jpg,5,CBHPM,0.014002598822116852,477.3992,3628.1099,886.54517,4010.4434
101433567_K49237_F1B04-780_1_21.jpg,6,CBVPM,0.011297049932181835,3255.3574,2479.0195,3544.4075,2659.7085
101433567_K49237_F1B04-780_1_21.jpg,6,CBVPM,0.009899747557938099,534.301,3840.7708,868.33435,3979.0447
101433567_K49237_F1B04-780_1_21.jpg,5,CBHPM,0.003651621052995324,1018.83984,587.10974,1263.4226,853.8989
101433567_K49237_F1B04-780_1_21.jpg,5,CBHPM,0.003359295893460512,613.505,3841.0637,902.598,3928.752
101433567_K49237_F1B04-780_1_21.jpg,5,CBHPM,0.0028420269954949617,347.99756,3599.8257,762.1013,4001.567
101433567_K49237_F1B04-780_1_21.jpg,5,CBHPM,0.002212821040302515,469.7601,3840.1338,814.03455,3933.8396
101433567_K49237_F1B04-780_1_21.jpg,6,CBVPM,0.0020922240801155567,414.746,3840.0,767.04895,3942.7942
101433567_K49237_F1B04-780_1_21.jpg,5,CBHPM,0.0017545635346323252,680.04065,3840.0,837.4735,3914.5864
101433567_K49237_F1B04-780_1_21.jpg,5,CBHPM,0.0017298506572842598,544.6893,2895.0042,883.6298,3254.5557
101433567_K49237_F1B04-780_1_21.jpg,6,CBVPM,0.0013949370477348566,1011.45056,573.1771,1306.098,881.13354
101433567_K49237_F1B04-780_1_21.jpg,6,CBVPM,0.0013562435051426291,640.52673,3840.0,798.0836,3933.652
101433567_K49237_F1B04-780_1_21.jpg,6,CBVPM,0.0012825869489461184,961.45795,4143.5684,1016.6087,4483.624
101433567_K49237_F1B04-780_1_21.jpg,5,CBHPM,0.0012324777198955417,189.77945,933.49176,416.49844,1208.083
101434753_K49202_F1B04-778_1_21.jpg,6,CBVPM,0.1267317533493042,3923.3145,2394.651,4155.566,2577.3584
101434753_K49202_F1B04-778_1_21.jpg,6,CBVPM,0.10634750872850418,617.342,3789.4995,795.0942,3973.2551
101434753_K49202_F1B04-778_1_21.jpg,6,CBVPM,0.04181481897830963,491.62204,3841.2446,826.96606,3995.9421
101434753_K49202_F1B04-778_1_21.jpg,5,CBHPM,0.02203812077641487,646.35547,3842.0913,793.9761,3955.977
101434753_K49202_F1B04-778_1_21.jpg,6,CBVPM,0.004942525643855333,380.37817,3084.6147,795.1455,3489.2256
101434753_K49202_F1B04-778_1_21.jpg,5,CBHPM,0.00437575438991189,465.4284,3687.5845,827.9987,4038.5576
101434753_K49202_F1B04-778_1_21.jpg,5,CBHPM,0.0037597548216581345,385.21713,3082.9624,808.1078,3487.6672
101434753_K49202_F1B04-778_1_21.jpg,5,CBHPM,0.0026710019446909428,439.5923,3841.5898,780.244,4040.636
101434753_K49202_F1B04-778_1_21.jpg,3,SVHBNL,0.002288836520165205,2880.0,2150.8948,3021.5112,2708.4873
101434753_K49202_F1B04-778_1_21.jpg,5,CBHPM,0.002035334939137101,494.16367,3843.0364,639.04333,3962.005
101434753_K49202_F1B04-778_1_21.jpg,3,SVHBNL,0.0017972267232835293,964.2832,2880.8396,1138.2144,3226.2725
101434753_K49202_F1B04-778_1_21.jpg,5,CBHPM,0.0017490849131718278,2134.5632,2055.9421,2583.7156,2473.5503
101434753_K49202_F1B04-778_1_21.jpg,5,CBHPM,0.001356679480522871,199.9637,3664.8188,621.0942,4017.581
101436049_K49167_F1B04-776_1_21.jpg,6,CBVPM,0.07935003936290741,483.77945,3560.8425,844.56726,3928.2073
101436049_K49167_F1B04-776_1_21.jpg,6,CBVPM,0.0492904894053936,632.74567,3675.8586,811.96405,3861.8896
101436049_K49167_F1B04-776_1_21.jpg,5,CBHPM,0.029433630406856537,657.7023,3684.0469,799.86914,3846.2278
101436049_K49167_F1B04-776_1_21.jpg,5,CBHPM,0.02707558311522007,481.3636,3564.8406,849.25104,3929.3193
101436049_K49167_F1B04-776_1_21.jpg,5,CBHPM,0.00982310064136982,220.245,3548.7065,644.49866,3903.0903
101436049_K49167_F1B04-776_1_21.jpg,5,CBHPM,0.007163270376622677,3868.109,848.9297,4231.8423,1182.3921
101436049_K49167_F1B04-776_1_21.jpg,3,SVHBNL,0.0038646869361400604,1922.9244,1920.0,2105.4248,2380.8135
101436049_K49167_F1B04-776_1_21.jpg,6,CBVPM,0.0031427207868546247,3880.6567,857.60913,4271.3066,1185.0326
101436049_K49167_F1B04-776_1_21.jpg,5,CBHPM,0.0025839032605290413,541.49866,3841.1758,855.00183,3920.6995
101437328_K49127_F1B04-774_1_21.jpg,6,CBVPM,0.10347014665603638,531.56445,3755.8506,887.2283,4129.883
101437328_K49127_F1B04-774_1_21.jpg,6,CBVPM,0.07379737496376038,3857.461,2477.7627,4137.5864,2667.6792
101437328_K49127_F1B04-774_1_21.jpg,6,CBVPM,0.049366921186447144,665.2532,3865.43,853.4673,4051.1714
101437328_K49127_F1B04-774_1_21.jpg,5,CBHPM,0.03220508247613907,265.48474,3765.9136,680.5387,4091.517
101437328_K49127_F1B04-774_1_21.jpg,5,CBHPM,0.016670744866132736,504.12524,3750.7412,928.6571,4124.0654
101437328_K49127_F1B04-774_1_21.jpg,5,CBHPM,0.010273173451423645,618.3833,2924.0732,965.2031,3200.0
101437328_K49127_F1B04-774_1_21.jpg,5,CBHPM,0.009770681150257587,683.44183,3869.8962,842.30853,4045.1768
101437328_K49127_F1B04-774_1_21.jpg,5,CBHPM,0.007422942202538252,258.20807,3840.639,654.4982,3914.4597
101437328_K49127_F1B04-774_1_21.jpg,5,CBHPM,0.005555725656449795,344.85666,4808.213,681.709,5120.0
101437328_K49127_F1B04-774_1_21.jpg,13,BSBM,0.004750330466777086,960.0,3840.0,1231.804,4126.5957
101437328_K49127_F1B04-774_1_21.jpg,2,SVHBNM,0.002500309608876705,2241.1167,2965.8901,2616.15,3196.6094
101437328_K49127_F1B04-774_1_21.jpg,5,CBHPM,0.002358749508857727,1027.4058,2008.0913,1415.9634,2240.0
101437328_K49127_F1B04-774_1_21.jpg,5,CBHPM,0.00226122816093266,960.0931,4335.6777,1107.0532,4662.09
101437328_K49127_F1B04-774_1_21.jpg,1,VHBNL,0.0021775132045149803,1147.9015,3912.0823,1278.6517,4160.0
101437328_K49127_F1B04-774_1_21.jpg,6,CBVPM,0.0017077610827982426,607.04834,2924.4172,956.32935,3256.049
101437328_K49127_F1B04-774_1_21.jpg,5,CBHPM,0.0016221528640016913,960.0,3840.0,1356.2305,3905.8167
101437328_K49127_F1B04-774_1_21.jpg,5,CBHPM,0.001588870887644589,4053.6135,2157.2654,4324.0117,2240.0
101437328_K49127_F1B04-774_1_21.jpg,5,CBHPM,0.0015648945700377226,1170.3756,3891.854,1278.2103,4234.4688
101437328_K49127_F1B04-774_1_21.jpg,13,BSBM,0.001526065287180245,1159.9636,3871.6665,1278.429,4212.439
101437328_K49127_F1B04-774_1_21.jpg,6,CBVPM,0.001469664042815566,961.99194,4329.7554,1075.1115,4642.699
101437328_K49127_F1B04-774_1_21.jpg,5,CBHPM,0.0013239186955615878,181.09819,3681.8901,599.65314,4022.404
101437328_K49127_F1B04-774_1_21.jpg,3,SVHBNL,0.0012254384346306324,257.91443,3840.0,811.09204,4169.3237
101437328_K49127_F1B04-774_1_21.jpg,6,CBVPM,0.00117692188359797,182.12207,3685.593,594.89496,4041.2148
101437328_K49127_F1B04-774_1_21.jpg,5,CBHPM,0.0010443800128996372,351.76794,3840.0,517.4828,3905.4646
101438558_K49087_F1B04-772_1_21.jpg,6,CBVPM,0.0969720408320427,643.3892,3819.2979,838.2518,4006.4233
101438558_K49087_F1B04-772_1_21.jpg,5,CBHPM,0.039840638637542725,668.6045,3828.2524,816.82544,3992.7288
101438558_K49087_F1B04-772_1_21.jpg,6,CBVPM,0.016301559284329414,3296.1997,2533.9324,3554.231,2705.977
101438558_K49087_F1B04-772_1_21.jpg,6,CBVPM,0.013719693757593632,527.78284,3776.0403,863.0526,4063.1077
101438558_K49087_F1B04-772_1_21.jpg,5,CBHPM,0.009530584327876568,3950.9888,992.3185,4352.3423,1280.0
101438558_K49087_F1B04-772_1_21.jpg,5,CBHPM,0.0031922662165015936,476.79184,3706.3896,897.806,4087.6611
101438558_K49087_F1B04-772_1_21.jpg,4,SVHTNL,0.0022486664820462465,2073.4578,1436.4702,2208.8774,1669.2349
101438558_K49087_F1B04-772_1_21.jpg,3,SVHBNL,0.0019140535732731223,1152.4114,2880.0,1278.0928,3165.7075
101438558_K49087_F1B04-772_1_21.jpg,6,CBVPM,0.0018188579706475139,533.2356,3076.2544,941.36597,3402.4624
101438558_K49087_F1B04-772_1_21.jpg,6,CBVPM,0.00138660310767591,960.0,3840.5728,1262.9232,3900.0237
101438558_K49087_F1B04-772_1_21.jpg,5,CBHPM,0.0013824201887473464,257.13196,3722.7056,651.4356,4062.5894
101438558_K49087_F1B04-772_1_21.jpg,5,CBHPM,0.0013189781457185745,532.2993,3120.493,873.6101,3402.4585
101438558_K49087_F1B04-772_1_21.jpg,13,BSBM,0.001301962067373097,2880.0,2792.4683,2934.8599,3165.4617
101439751_K49047_F1B04-770_1_21.jpg,6,CBVPM,0.09822705388069153,696.7579,3789.5017,875.773,3970.8481
101439751_K49047_F1B04-770_1_21.jpg,5,CBHPM,0.05398939177393913,659.1395,3840.0,921.24475,3986.3506
101439751_K49047_F1B04-770_1_21.jpg,6,CBVPM,0.04428141564130783,3898.3179,2410.9429,4148.98,2595.2852
101439751_K49047_F1B04-770_1_21.jpg,5,CBHPM,0.04398827999830246,3936.7512,1025.4414,4341.4595,1280.0
101439751_K49047_F1B04-770_1_21.jpg,5,CBHPM,0.03658027946949005,707.2494,3840.0,867.4523,3958.0032
101439751_K49047_F1B04-770_1_21.jpg,6,CBVPM,0.013926658779382706,549.23724,3840.3225,923.4755,4018.7637
101439751_K49047_F1B04-770_1_21.jpg,6,CBVPM,0.012283585965633392,624.6271,3740.319,893.64746,3996.4458
101439751_K49047_F1B04-770_1_21.jpg,5,CBHPM,0.006435193587094545,342.45282,3840.0,550.84576,3890.0015
101439751_K49047_F1B04-770_1_21.jpg,5,CBHPM,0.0063039702363312244,285.89758,3840.2292,664.28955,3908.1648
101439751_K49047_F1B04-770_1_21.jpg,6,CBVPM,0.003098643384873867,961.6774,4240.107,1081.8735,4594.3936
101439751_K49047_F1B04-770_1_21.jpg,5,CBHPM,0.0029464708641171455,440.66663,3840.0,570.19434,3984.346
101439751_K49047_F1B04-770_1_21.jpg,5,CBHPM,0.0028632977046072483,961.8132,3894.4473,1135.6675,4213.251
101439751_K49047_F1B04-770_1_21.jpg,6,CBVPM,0.002859518164768815,3923.7505,965.8546,4337.3843,1352.8699
101439751_K49047_F1B04-770_1_21.jpg,6,CBVPM,0.002452756045386195,3971.8247,1010.0355,4160.0,1280.0
101439751_K49047_F1B04-770_1_21.jpg,6,CBVPM,0.0019949614070355892,965.7052,4302.408,1166.8531,4574.7295
101439751_K49047_F1B04-770_1_21.jpg,5,CBHPM,0.0016223590355366468,961.67804,4240.3545,1124.6509,4609.27
101439751_K49047_F1B04-770_1_21.jpg,5,CBHPM,0.0014979465631768107,566.57385,3699.4395,912.0084,4035.232
101439751_K49047_F1B04-770_1_21.jpg,6,CBVPM,0.0014789861161261797,961.74756,3860.038,1024.4128,4227.613
101439751_K49047_F1B04-770_1_21.jpg,6,CBVPM,0.0014085611328482628,282.03796,3840.0,669.4684,3948.169
101439751_K49047_F1B04-770_1_21.jpg,6,CBVPM,0.001354946056380868,346.17413,3840.0,567.0788,3876.6118
101439751_K49047_F1B04-770_1_21.jpg,5,CBHPM,0.001316912705078721,3978.4722,990.7956,4160.0,1357.298
101440998_K49008_F1B04-768_1_21.jpg,6,CBVPM,0.08919006586074829,655.85236,3719.4797,828.71564,3903.9482
101440998_K49008_F1B04-768_1_21.jpg,6,CBVPM,0.06511001288890839,574.4242,3678.7905,844.0138,3929.5044
101440998_K49008_F1B04-768_1_21.jpg,6,CBVPM,0.0469818115234375,466.8312,3598.9878,868.2357,3970.2578
101440998_K49008_F1B04-768_1_21.jpg,5,CBHPM,0.026060419157147408,505.8153,3840.4463,826.20154,3913.6448
101440998_K49008_F1B04-768_1_21.jpg,5,CBHPM,0.016640646383166313,672.475,3724.4143,816.1802,3886.689
101440998_K49008_F1B04-768_1_21.jpg,5,CBHPM,0.0026907643768936396,479.65918,3610.2864,875.5138,3974.251
101440998_K49008_F1B04-768_1_21.jpg,6,CBVPM,0.00244159041903913,541.4863,3840.4858,927.85254,3908.1272
101440998_K49008_F1B04-768_1_21.jpg,6,CBVPM,0.0021641673520207405,586.8917,3840.3066,956.0559,4024.5952
101440998_K49008_F1B04-768_1_21.jpg,13,BSBM,0.0017167250625789165,446.4224,3840.0,805.69165,3952.5874
101440998_K49008_F1B04-768_1_21.jpg,5,CBHPM,0.0016771858790889382,605.5568,3840.0,786.3144,3900.9866
101440998_K49008_F1B04-768_1_21.jpg,5,CBHPM,0.0016771802911534905,247.45001,3575.5962,666.92505,3943.5562
101440998_K49008_F1B04-768_1_21.jpg,6,CBVPM,0.001508397632278502,391.9576,3840.9177,785.9457,3911.2751
101440998_K49008_F1B04-768_1_21.jpg,5,CBHPM,0.001449140370823443,335.97263,3840.176,708.5115,3914.2837
101440998_K49008_F1B04-768_1_21.jpg,5,CBHPM,0.0013972318265587091,2224.7896,3035.9766,2603.717,3200.0
101440998_K49008_F1B04-768_1_21.jpg,6,CBVPM,0.00128271640278399,2210.841,3038.6345,2580.112,3200.0
101440998_K49008_F1B04-768_1_21.jpg,6,CBVPM,0.0012068545911461115,248.05296,3840.0,631.80273,3905.066
101440998_K49008_F1B04-768_1_21.jpg,6,CBVPM,0.0011919860262423754,3278.4849,2449.8706,3576.588,2651.3472
101440998_K49008_F1B04-768_1_21.jpg,5,CBHPM,0.0010991493472829461,505.48242,3840.0,703.6305,3899.4438
101440998_K49008_F1B04-768_1_21.jpg,5,CBHPM,0.001027161837555468,2512.9912,1133.1012,2893.9336,1279.1154
101440998_K49008_F1B04-768_1_21.jpg,6,CBVPM,0.0010096330661326647,1823.2789,848.7061,2158.3975,1240.3838
101442137_K48967_F1B04-766_1_21.jpg,6,CBVPM,0.12986735999584198,672.9167,3840.0,896.09845,3996.7913
101442137_K48967_F1B04-766_1_21.jpg,5,CBHPM,0.10692714154720306,676.94727,3840.0,914.208,3994.9758
101442137_K48967_F1B04-766_1_21.jpg,6,CBVPM,0.05631621927022934,580.85645,3694.2085,899.1881,4042.504
101442137_K48967_F1B04-766_1_21.jpg,5,CBHPM,0.016404325142502785,715.4149,3799.4092,863.3861,3967.4985
101442137_K48967_F1B04-766_1_21.jpg,5,CBHPM,0.005901258904486895,4706.771,2020.0303,5056.209,2235.309
101442137_K48967_F1B04-766_1_21.jpg,5,CBHPM,0.0056028300896286964,312.034,3668.085,699.9754,4016.1528
101442137_K48967_F1B04-766_1_21.jpg,5,CBHPM,0.004345632158219814,636.2378,3840.0,943.29346,4085.8494
101442137_K48967_F1B04-766_1_21.jpg,6,CBVPM,0.004051187075674534,960.74915,4161.4785,1051.6858,4516.462
101442137_K48967_F1B04-766_1_21.jpg,5,CBHPM,0.0033222069032490253,263.77478,3840.3933,655.32263,3903.2285
101442137_K48967_F1B04-766_1_21.jpg,5,CBHPM,0.0024999896995723248,343.73438,3840.0,551.54236,3890.8894
101442137_K48967_F1B04-766_1_21.jpg,5,CBHPM,0.0021636474411934614,4751.214,1860.3341,5120.0,2240.0
101442137_K48967_F1B04-766_1_21.jpg,6,CBVPM,0.0020445981062948704,631.2308,3833.7012,939.3466,4097.4893
101442137_K48967_F1B04-766_1_21.jpg,5,CBHPM,0.001794937183149159,567.76013,2914.0022,985.2162,3200.0
101442137_K48967_F1B04-766_1_21.jpg,5,CBHPM,0.0015174023574218154,588.47656,3699.5918,914.3362,4043.5195
101442137_K48967_F1B04-766_1_21.jpg,6,CBVPM,0.0013511632569134235,4891.465,1580.073,5116.2104,1937.1321
101442137_K48967_F1B04-766_1_21.jpg,5,CBHPM,0.0013390278909355402,351.14795,4708.737,756.52246,5061.0215
101442137_K48967_F1B04-766_1_21.jpg,3,SVHBNL,0.0011751294368878007,1920.0,1920.0,2180.488,2483.9014
101442137_K48967_F1B04-766_1_21.jpg,6,CBVPM,0.0010997981298714876,738.69604,2885.0168,995.15686,3179.727
101442137_K48967_F1B04-766_1_21.jpg,5,CBHPM,0.0010390174575150013,4065.6428,2880.0,4257.9736,2937.293
101443382_K48927_F1B04-764_1_21.jpg,6,CBVPM,0.08105277270078659,511.92603,3702.5486,842.3518,4026.066
101443382_K48927_F1B04-764_1_21.jpg,6,CBVPM,0.025074932724237442,3279.2466,2416.7214,3563.1167,2617.554
101443382_K48927_F1B04-764_1_21.jpg,6,CBVPM,0.019008316099643707,649.4259,3775.6475,800.0033,3965.9443
101443382_K48927_F1B04-764_1_21.jpg,5,CBHPM,0.010625126771628857,689.53235,3842.3987,834.4552,3946.8293
101443382_K48927_F1B04-764_1_21.jpg,5,CBHPM,0.009486474096775055,559.3325,3840.0,710.0032,3966.4583
101443382_K48927_F1B04-764_1_21.jpg,5,CBHPM,0.008945729583501816,499.89807,3840.0,816.2163,4010.2244
101443382_K48927_F1B04-764_1_21.jpg,5,CBHPM,0.00812278687953949,667.27185,3785.7527,807.57385,3952.417
101443382_K48927_F1B04-764_1_21.jpg,5,CBHPM,0.006157271098345518,464.83582,3661.0352,842.9634,4027.8008
101443382_K48927_F1B04-764_1_21.jpg,6,CBVPM,0.004513351712375879,562.8922,3840.0,710.3479,3976.5713
101443382_K48927_F1B04-764_1_21.jpg,6,CBVPM,0.0041311816312372684,579.2351,3851.43,865.72974,4067.6008
101443382_K48927_F1B04-764_1_21.jpg,5,CBHPM,0.003247344633564353,234.6867,3659.3413,653.7715,4002.2273
101443382_K48927_F1B04-764_1_21.jpg,3,SVHBNL,0.002195991575717926,2271.2485,3130.6567,2351.2427,3194.916
101443382_K48927_F1B04-764_1_21.jpg,5,CBHPM,0.0018839838448911905,2256.6204,3046.0144,2577.4763,3200.0
101443382_K48927_F1B04-764_1_21.jpg,6,CBVPM,0.001248291926458478,515.11096,3757.1504,721.59094,3970.3955
101444590_K48887_F1B04-762_1_21.jpg,6,CBVPM,0.06387607753276825,534.27673,3841.173,779.98865,3961.4436
101444590_K48887_F1B04-762_1_21.jpg,6,CBVPM,0.03154625743627548,3868.751,2352.4182,4190.465,2586.2158
101444590_K48887_F1B04-762_1_21.jpg,6,CBVPM,0.031056415289640427,568.2717,3757.7268,755.99365,3956.324
101444590_K48887_F1B04-762_1_21.jpg,6,CBVPM,0.023728366941213608,476.6792,3712.6567,775.2705,3988.401
101444590_K48887_F1B04-762_1_21.jpg,5,CBHPM,0.017597852274775505,543.777,3841.0583,785.18823,3948.053
101444590_K48887_F1B04-762_1_21.jpg,6,CBVPM,0.01529952697455883,404.70712,3840.0,712.1832,3982.3345
101444590_K48887_F1B04-762_1_21.jpg,5,CBHPM,0.013253611512482166,384.96484,3641.5679,786.5305,4017.638
101444590_K48887_F1B04-762_1_21.jpg,5,CBHPM,0.011868069879710674,610.6117,3840.6995,759.2068,3917.0083
101444590_K48887_F1B04-762_1_21.jpg,5,CBHPM,0.011001179926097393,580.5718,3767.7524,726.9336,3941.5874
101444590_K48887_F1B04-762_1_21.jpg,6,CBVPM,0.009495296515524387,569.7219,3840.0,721.56396,3934.3892
101444590_K48887_F1B04-762_1_21.jpg,6,CBVPM,0.006971848662942648,390.38943,3649.1506,727.4004,4024.432
101444590_K48887_F1B04-762_1_21.jpg,5,CBHPM,0.004263784270733595,571.9646,3874.7417,686.6963,3998.6091
101444590_K48887_F1B04-762_1_21.jpg,5,CBHPM,0.002808384597301483,386.13022,3840.7593,728.5592,3965.3115
101444590_K48887_F1B04-762_1_21.jpg,6,CBVPM,0.0025666384026408195,451.84106,3840.0,608.80566,3938.9492
101444590_K48887_F1B04-762_1_21.jpg,6,CBVPM,0.0013696221867576241,2074.289,3385.9233,2237.301,3770.7583
101444590_K48887_F1B04-762_1_21.jpg,5,CBHPM,0.0012152090203016996,427.81586,3842.5425,588.42737,3947.8188
101444590_K48887_F1B04-762_1_21.jpg,3,SVHBNL,0.0011145666940137744,1924.2953,786.8065,2036.5876,1104.1356
101444590_K48887_F1B04-762_1_21.jpg,5,CBHPM,0.0011101961135864258,0.0,4989.7383,249.42337,5120.0
101444590_K48887_F1B04-762_1_21.jpg,6,CBVPM,0.0010022206697613,558.74585,3873.6187,680.396,4002.3071
101445900_K48847_F1B04-760_1_21.jpg,6,CBVPM,0.13235808908939362,539.73865,3720.7402,868.7435,4072.6177
101445900_K48847_F1B04-760_1_21.jpg,5,CBHPM,0.05056339129805565,699.339,3842.9941,844.8954,3997.055
101445900_K48847_F1B04-760_1_21.jpg,5,CBHPM,0.05053464695811272,513.2501,3703.6548,870.67737,4074.4575
101445900_K48847_F1B04-760_1_21.jpg,6,CBVPM,0.043132659047842026,681.86646,3828.303,856.5438,4019.9304
101445900_K48847_F1B04-760_1_21.jpg,6,CBVPM,0.018985388800501823,3288.5823,2499.3447,3538.6719,2674.0527
101445900_K48847_F1B04-760_1_21.jpg,6,CBVPM,0.010310037061572075,960.0,3840.5996,1280.9319,3902.4553
101445900_K48847_F1B04-760_1_21.jpg,5,CBHPM,0.010256271809339523,960.0,3840.0,1290.248,3905.7195
101445900_K48847_F1B04-760_1_21.jpg,5,CBHPM,0.005251027178019285,292.05695,3732.3179,681.46045,4031.7598
101445900_K48847_F1B04-760_1_21.jpg,5,CBHPM,0.0033694664016366005,670.58496,3840.9626,913.4093,4027.8967
101445900_K48847_F1B04-760_1_21.jpg,6,CBVPM,0.0028889859095215797,3993.8691,2606.599,4158.428,2904.9756
101445900_K48847_F1B04-760_1_21.jpg,5,CBHPM,0.0015482184244319797,506.64734,3841.4724,883.14075,3959.7522
101445900_K48847_F1B04-760_1_21.jpg,6,CBVPM,0.0014272083062678576,625.28564,3830.1714,910.96265,4090.3813
101445900_K48847_F1B04-760_1_21.jpg,5,CBHPM,0.0013957429910078645,1143.7528,3840.0,1279.1788,4119.3438
101445900_K48847_F1B04-760_1_21.jpg,5,CBHPM,0.0011668684892356396,3370.335,1894.7598,3747.5046,2240.0
101447220_K48806_F1B04-758_1_21.jpg,6,CBVPM,0.14261358976364136,3865.6907,2504.5269,4154.761,2688.561
101447220_K48806_F1B04-758_1_21.jpg,6,CBVPM,0.05127868056297302,815.34265,3854.3252,939.19214,4007.7744
101447220_K48806_F1B04-758_1_21.jpg,5,CBHPM,0.04628554731607437,812.04877,3854.5947,937.76776,4009.4507
101447220_K48806_F1B04-758_1_21.jpg,6,CBVPM,0.017838411033153534,640.69244,3716.4521,1001.25995,4112.125
101447220_K48806_F1B04-758_1_21.jpg,5,CBHPM,0.011197226122021675,414.30194,3742.2969,794.8903,4057.4092
101447220_K48806_F1B04-758_1_21.jpg,6,CBVPM,0.010015461593866348,773.15857,3841.9893,986.90295,4032.7646
101447220_K48806_F1B04-758_1_21.jpg,5,CBHPM,0.009640024043619633,621.7834,3720.4995,1006.9664,4116.8867
101447220_K48806_F1B04-758_1_21.jpg,5,CBHPM,0.0032910113222897053,463.89114,4716.05,885.6411,5066.329
101447220_K48806_F1B04-758_1_21.jpg,6,CBVPM,0.001960725523531437,605.7278,2882.1074,998.771,3339.8262
101447220_K48806_F1B04-758_1_21.jpg,4,SVHTNL,0.0019157157512381673,1978.8813,975.6191,2096.2095,1143.2441
101448531_K48765_F1B04-756_1_21.jpg,6,CBVPM,0.14631354808807373,504.20343,3616.7568,861.66034,3959.9507
101448531_K48765_F1B04-756_1_21.jpg,5,CBHPM,0.1373831033706665,562.9888,3840.0,779.2793,3896.158
101448531_K48765_F1B04-756_1_21.jpg,5,CBHPM,0.08239494264125824,516.3872,3840.9175,844.49915,3913.9836
101448531_K48765_F1B04-756_1_21.jpg,6,CBVPM,0.05239638686180115,645.7905,3717.6567,826.8274,3908.355
101448531_K48765_F1B04-756_1_21.jpg,5,CBHPM,0.017785804346203804,667.31665,3718.6287,827.604,3893.859
101448531_K48765_F1B04-756_1_21.jpg,5,CBHPM,0.009372101165354252,527.5093,3840.2737,860.3356,3990.0537
101448531_K48765_F1B04-756_1_21.jpg,6,CBVPM,0.008300213143229485,640.7173,3842.2864,765.72217,3968.5068
101448531_K48765_F1B04-756_1_21.jpg,6,CBVPM,0.006474310997873545,2109.0842,2880.4116,2240.0,2949.419
101448531_K48765_F1B04-756_1_21.jpg,6,CBVPM,0.0059631881304085255,351.70673,1920.4043,636.8504,1990.2883
101448531_K48765_F1B04-756_1_21.jpg,6,CBVPM,0.005384787451475859,484.0097,3840.0,872.68414,3993.4187
101448531_K48765_F1B04-756_1_21.jpg,5,CBHPM,0.0037043639458715916,481.71423,3598.358,870.31116,3974.4082
101448531_K48765_F1B04-756_1_21.jpg,6,CBVPM,0.0034869913943111897,276.99207,3840.0,639.9426,3906.8853
101448531_K48765_F1B04-756_1_21.jpg,6,CBVPM,0.003450111486017704,402.3435,3840.3948,776.9938,3949.1584
101448531_K48765_F1B04-756_1_21.jpg,6,CBVPM,0.0034148923587054014,3207.4229,2373.212,3540.3044,2628.8225
101448531_K48765_F1B04-756_1_21.jpg,1,VHBNL,0.003194307442754507,2052.81,2881.012,2334.1372,2961.8806
101448531_K48765_F1B04-756_1_21.jpg,5,CBHPM,0.003193928161635995,643.57043,3841.8252,798.32104,3976.594
101448531_K48765_F1B04-756_1_21.jpg,6,CBVPM,0.0029698165599256754,357.90472,3574.7363,783.6281,3989.9233
101448531_K48765_F1B04-756_1_21.jpg,6,CBVPM,0.0028867190703749657,2062.4717,2880.2905,2425.6973,2948.4548
101448531_K48765_F1B04-756_1_21.jpg,5,CBHPM,0.002640735823661089,378.0006,3840.9307,773.1987,3923.4897
101448531_K48765_F1B04-756_1_21.jpg,6,CBVPM,0.002631983021274209,545.70874,3840.0,772.1338,3879.2134
101448531_K48765_F1B04-756_1_21.jpg,5,CBHPM,0.0016335641266778111,379.9171,1920.0,557.9009,1974.0024
101448531_K48765_F1B04-756_1_21.jpg,6,CBVPM,0.001404566690325737,567.3831,3742.0352,930.48065,4052.1
101448531_K48765_F1B04-756_1_21.jpg,1,VHBNL,0.0013513285666704178,303.4936,1920.7965,604.1341,1989.1967
101448531_K48765_F1B04-756_1_21.jpg,1,VHBNL,0.0010935959871858358,2191.4475,2880.0,2240.0,3068.7776
101448531_K48765_F1B04-756_1_21.jpg,5,CBHPM,0.0010818821610882878,226.63397,3594.998,630.4613,3943.5981
101449927_K48726_F1B04-754_1_21.jpg,6,CBVPM,0.1145809143781662,649.5977,3698.8071,830.7933,3884.3286
101449927_K48726_F1B04-754_1_21.jpg,5,CBHPM,0.09595787525177002,665.56616,3705.5156,814.9829,3869.3188
101449927_K48726_F1B04-754_1_21.jpg,6,CBVPM,0.060767244547605515,3882.0781,2374.1194,4160.0,2578.5244
101449927_K48726_F1B04-754_1_21.jpg,4,SVHTNL,0.04484010115265846,3577.0269,782.2016,3691.8374,1018.9759
101449927_K48726_F1B04-754_1_21.jpg,6,CBVPM,0.028762172907590866,469.40607,3567.067,859.8565,3961.8362
101449927_K48726_F1B04-754_1_21.jpg,5,CBHPM,0.010019141249358654,460.42184,3550.248,895.04565,3952.4854
101449927_K48726_F1B04-754_1_21.jpg,6,CBVPM,0.00799352116882801,493.5177,3840.3066,862.6891,3907.2852
101449927_K48726_F1B04-754_1_21.jpg,6,CBVPM,0.006589789874851704,563.2532,3663.15,834.1752,3931.3682
101449927_K48726_F1B04-754_1_21.jpg,5,CBHPM,0.00560832628980279,533.04236,3840.7747,905.30176,3910.5457
101449927_K48726_F1B04-754_1_21.jpg,6,CBVPM,0.004576226696372032,2412.574,2880.2778,2720.7524,2958.1106
101449927_K48726_F1B04-754_1_21.jpg,5,CBHPM,0.0027543380856513977,1885.9277,3841.606,2240.0,3915.1577
101449927_K48726_F1B04-754_1_21.jpg,6,CBVPM,0.0025888506788760424,960.21295,4191.315,1030.0364,4550.217
101449927_K48726_F1B04-754_1_21.jpg,5,CBHPM,0.0017990469932556152,579.4568,3840.0,793.8386,3889.9697
101449927_K48726_F1B04-754_1_21.jpg,4,SVHTNL,0.0013854943681508303,609.4072,1921.7454,736.65845,2044.7839
101449927_K48726_F1B04-754_1_21.jpg,6,CBVPM,0.0013579722726717591,556.4148,3840.0576,926.699,3968.1743
101449927_K48726_F1B04-754_1_21.jpg,6,CBVPM,0.0010909130796790123,718.59265,3712.7832,836.537,3859.483
101449927_K48726_F1B04-754_1_21.jpg,5,CBHPM,0.0010089619318023324,1921.3062,3840.0,2123.7588,3891.0283
101449927_K48726_F1B04-754_1_21.jpg,5,CBHPM,0.001004567602649331,298.39655,4640.437,689.1563,4930.0073
101451440_K48687_F1B04-752_1_21.jpg,5,CBHPM,0.23561879992485046,452.4199,4630.254,896.58984,5018.293
101451440_K48687_F1B04-752_1_21.jpg,5,CBHPM,0.06374645978212357,609.0238,4741.438,847.15906,4970.1787
101451440_K48687_F1B04-752_1_21.jpg,6,CBVPM,0.06042253226041794,709.3884,3678.5642,1034.4741,4011.168
101451440_K48687_F1B04-752_1_21.jpg,6,CBVPM,0.056092772632837296,848.3966,3773.8867,1015.3677,3952.0903
101451440_K48687_F1B04-752_1_21.jpg,5,CBHPM,0.05468738451600075,707.7589,3656.127,1036.0157,4004.1577
101451440_K48687_F1B04-752_1_21.jpg,6,CBVPM,0.05060868337750435,542.16003,4714.2773,872.66724,4992.92
101451440_K48687_F1B04-752_1_21.jpg,5,CBHPM,0.043969593942165375,806.17725,3840.4656,1051.1189,3944.0813
101451440_K48687_F1B04-752_1_21.jpg,6,CBVPM,0.02348761446774006,764.9745,3840.437,1057.0387,3959.6746
101451440_K48687_F1B04-752_1_21.jpg,5,CBHPM,0.01818748749792576,857.90735,3780.326,994.87524,3941.5132
101451440_K48687_F1B04-752_1_21.jpg,5,CBHPM,0.009706908836960793,705.9258,3840.0,1063.3833,3994.5605
101451440_K48687_F1B04-752_1_21.jpg,6,CBVPM,0.007644980680197477,445.7303,4629.2993,834.7481,5074.6626
101451440_K48687_F1B04-752_1_21.jpg,5,CBHPM,0.006619938183575869,464.05194,3679.114,829.6729,3996.0286
101451440_K48687_F1B04-752_1_21.jpg,6,CBVPM,0.005803112406283617,451.2711,3682.1572,805.3761,3997.2573
101451440_K48687_F1B04-752_1_21.jpg,12,GWCNL,0.004880720749497414,456.7738,3638.0615,1016.214,4160.0
101451440_K48687_F1B04-752_1_21.jpg,6,CBVPM,0.004310527350753546,616.4686,4741.35,830.6376,4951.4355
101451440_K48687_F1B04-752_1_21.jpg,6,CBVPM,0.0039734868332743645,653.3921,3840.0,1054.8342,4037.244
101451440_K48687_F1B04-752_1_21.jpg,5,CBHPM,0.0038111144676804543,960.371,3790.289,1019.5007,3933.1436
101451440_K48687_F1B04-752_1_21.jpg,2,SVHBNM,0.0030446357559412718,2095.6746,852.8878,2232.6262,1187.1383
101451440_K48687_F1B04-752_1_21.jpg,1,VHBNL,0.002578937215730548,2167.8706,2351.4856,2240.0,2764.0254
101451440_K48687_F1B04-752_1_21.jpg,1,VHBNL,0.002425773534923792,822.1267,3840.0,1018.7296,3912.225
101451440_K48687_F1B04-752_1_21.jpg,5,CBHPM,0.00220059254206717,3572.3962,1003.568,3983.5364,1280.0
101451440_K48687_F1B04-752_1_21.jpg,5,CBHPM,0.0021267130505293608,960.0,3732.2358,1057.877,3938.1758
101451440_K48687_F1B04-752_1_21.jpg,6,CBVPM,0.0017560817068442702,3261.5771,2515.301,3546.2217,2692.0913
101451440_K48687_F1B04-752_1_21.jpg,5,CBHPM,0.0017472924664616585,451.53778,3840.719,831.38226,3907.8088
101451440_K48687_F1B04-752_1_21.jpg,6,CBVPM,0.0016128140268847346,960.0,3706.0513,1061.0629,3943.8555
101451440_K48687_F1B04-752_1_21.jpg,5,CBHPM,0.0015844007721170783,2730.6772,2881.461,2937.896,2922.562
101451440_K48687_F1B04-752_1_21.jpg,6,CBVPM,0.0013616333017125726,518.76373,3840.0,633.20526,3966.104
101451440_K48687_F1B04-752_1_21.jpg,5,CBHPM,0.001203926745802164,519.1631,3840.0,630.2886,3964.6807
101451440_K48687_F1B04-752_1_21.jpg,3,SVHBNL,0.0010766155319288373,1920.0,1920.0,2184.605,2387.884
101451440_K48687_F1B04-752_1_21.jpg,6,CBVPM,0.0010339953005313873,580.4956,3032.3823,926.5969,3200.0
101453011_K48646_F1B04-750_1_21.jpg,6,CBVPM,0.4467511475086212,602.2051,3590.4521,919.28784,3973.3706
101453011_K48646_F1B04-750_1_21.jpg,5,CBHPM,0.1320178359746933,543.92236,3840.8315,811.34863,3948.4536
101453011_K48646_F1B04-750_1_21.jpg,13,BSBM,0.09842008352279663,532.7289,3840.537,814.19055,3959.7368
101453011_K48646_F1B04-750_1_21.jpg,5,CBHPM,0.04741087928414345,343.84027,4617.6416,793.7719,4973.416
101453011_K48646_F1B04-750_1_21.jpg,5,CBHPM,0.03910723701119423,596.94464,3840.0,898.01276,3924.0894
101453011_K48646_F1B04-750_1_21.jpg,6,CBVPM,0.037243906408548355,717.8821,3705.88,901.53076,3909.9917
101453011_K48646_F1B04-750_1_21.jpg,5,CBHPM,0.023485558107495308,740.6406,3719.946,883.9304,3883.6086
101453011_K48646_F1B04-750_1_21.jpg,5,CBHPM,0.019549710676074028,610.2262,3562.8335,915.90283,3957.6821
101453011_K48646_F1B04-750_1_21.jpg,1,VHBNL,0.018872592598199844,619.05316,3840.0,826.9268,3896.3718
101453011_K48646_F1B04-750_1_21.jpg,5,CBHPM,0.01700342446565628,675.3726,3842.8828,824.7601,3996.7068
101453011_K48646_F1B04-750_1_21.jpg,5,CBHPM,0.015438794158399105,557.3659,3840.0,861.6152,4045.9744
101453011_K48646_F1B04-750_1_21.jpg,5,CBHPM,0.012152589857578278,643.9055,3840.0,1001.824,4014.8296
101453011_K48646_F1B04-750_1_21.jpg,5,CBHPM,0.01121227815747261,642.8214,3840.4104,849.2064,3890.2024
101453011_K48646_F1B04-750_1_21.jpg,1,VHBNL,0.010348048061132431,552.04785,3841.5173,845.2583,3972.5854
101453011_K48646_F1B04-750_1_21.jpg,6,CBVPM,0.007005712948739529,650.969,3840.9126,982.60474,4035.3623
101453011_K48646_F1B04-750_1_21.jpg,5,CBHPM,0.00672722514718771,432.5558,4681.41,724.5322,4930.9443
101453011_K48646_F1B04-750_1_21.jpg,6,CBVPM,0.006589041091501713,3883.7754,2357.9377,4160.0,2592.657
101453011_K48646_F1B04-750_1_21.jpg,5,CBHPM,0.004058813210576773,382.83002,3840.578,772.1171,3910.2039
101453011_K48646_F1B04-750_1_21.jpg,1,VHBNL,0.0030988717917352915,411.36023,3840.717,826.1085,3914.4058
101453011_K48646_F1B04-750_1_21.jpg,5,CBHPM,0.0029568143654614687,400.3454,3553.7463,839.8477,3961.3447
101453011_K48646_F1B04-750_1_21.jpg,6,CBVPM,0.0028389166109263897,960.0,4121.6133,1110.669,4403.606
101453011_K48646_F1B04-750_1_21.jpg,5,CBHPM,0.002766792895272374,492.27856,4715.5083,666.734,4912.504
101453011_K48646_F1B04-750_1_21.jpg,5,CBHPM,0.002664896659553051,2179.2856,1938.8865,2639.2827,2240.0
101453011_K48646_F1B04-750_1_21.jpg,5,CBHPM,0.002076603239402175,633.8318,3840.042,859.094,3866.4978
101453011_K48646_F1B04-750_1_21.jpg,1,VHBNL,0.002014681464061141,564.69763,3840.0,783.8544,3882.2651
101453011_K48646_F1B04-750_1_21.jpg,1,VHBNL,0.002010688418522477,732.59656,3722.0688,885.52966,3879.546
101453011_K48646_F1B04-750_1_21.jpg,5,CBHPM,0.0016862391494214535,705.50684,3843.1353,852.8367,3920.652
101453011_K48646_F1B04-750_1_21.jpg,13,BSBM,0.001663861097767949,398.00366,3840.0,832.77014,4028.8743
101453011_K48646_F1B04-750_1_21.jpg,6,CBVPM,0.0016240946715697646,332.15076,3840.044,716.42834,3904.47
101453011_K48646_F1B04-750_1_21.jpg,6,CBVPM,0.001491437666118145,412.84796,3579.6494,828.8261,3975.6248
101453011_K48646_F1B04-750_1_21.jpg,6,CBVPM,0.0013759111752733588,651.6653,3840.0,865.47473,3875.6133
101453011_K48646_F1B04-750_1_21.jpg,1,VHBNL,0.001246993662789464,684.38,3840.0,905.3666,3876.807
101453011_K48646_F1B04-750_1_21.jpg,5,CBHPM,0.0012025635223835707,1128.012,2467.251,1542.762,2884.3618
101453011_K48646_F1B04-750_1_21.jpg,6,CBVPM,0.0010792937828227878,383.13104,3840.0,563.0756,3900.2136
101454669_K48606_F1B04-748_1_21.jpg,6,CBVPM,0.1391400694847107,529.10767,3563.3906,845.406,3921.6194
101454669_K48606_F1B04-748_1_21.jpg,6,CBVPM,0.04522145912051201,607.058,3656.3262,828.25525,3878.016
101454669_K48606_F1B04-748_1_21.jpg,6,CBVPM,0.04468921199440956,3270.2393,2447.0352,3541.427,2635.5005
101454669_K48606_F1B04-748_1_21.jpg,5,CBHPM,0.0188390351831913,681.6054,3675.194,824.6514,3840.9812
101454669_K48606_F1B04-748_1_21.jpg,5,CBHPM,0.011266477406024933,491.78085,3540.523,874.3607,3912.372
101454669_K48606_F1B04-748_1_21.jpg,5,CBHPM,0.005969019141048193,295.66492,4613.8213,699.30896,4955.134
101454669_K48606_F1B04-748_1_21.jpg,5,CBHPM,0.0051784152165055275,380.3443,4691.2114,633.0701,4923.3555
101454669_K48606_F1B04-748_1_21.jpg,6,CBVPM,0.004352755844593048,375.69946,4698.957,630.4802,4924.719
101454669_K48606_F1B04-748_1_21.jpg,2,SVHBNM,0.0025778445415198803,960.0,2491.5054,1026.1207,2966.1533
101454669_K48606_F1B04-748_1_21.jpg,5,CBHPM,0.0012553362175822258,471.7586,3840.297,862.9284,3908.607
101454669_K48606_F1B04-748_1_21.jpg,5,CBHPM,0.0011757145402953029,608.38586,3639.0845,847.1,3873.502
101454669_K48606_F1B04-748_1_21.jpg,6,CBVPM,0.0011633348185569048,4797.186,1172.9841,5120.0,1278.6111
101456560_K48567_F1B04-746_1_21.jpg,6,CBVPM,0.08723606914281845,3879.5469,2405.1326,4160.0,2603.2568
101456560_K48567_F1B04-746_1_21.jpg,5,CBHPM,0.05768674984574318,384.91354,4716.423,807.25854,5048.647
101456560_K48567_F1B04-746_1_21.jpg,6,CBVPM,0.03036837838590145,511.0535,4794.3086,712.4697,4996.811
101456560_K48567_F1B04-746_1_21.jpg,6,CBVPM,0.029637306928634644,746.91296,3840.4578,858.48987,4009.3125
101456560_K48567_F1B04-746_1_21.jpg,6,CBVPM,0.027468718588352203,621.6719,3702.7817,932.1372,4081.8306
101456560_K48567_F1B04-746_1_21.jpg,5,CBHPM,0.023898759856820107,473.61154,4768.687,745.0449,5026.1045
101456560_K48567_F1B04-746_1_21.jpg,5,CBHPM,0.00861047487705946,783.9568,3840.0,936.89624,3987.066
101456560_K48567_F1B04-746_1_21.jpg,4,SVHTNL,0.006472354289144278,1932.1819,825.4204,2058.8237,1052.6089
101456560_K48567_F1B04-746_1_21.jpg,5,CBHPM,0.004115571733564138,528.4592,4799.6816,703.18286,4995.686
101456560_K48567_F1B04-746_1_21.jpg,4,SVHTNL,0.0033569468650966883,3484.811,1921.0549,3608.0208,2017.1932
101456560_K48567_F1B04-746_1_21.jpg,5,CBHPM,0.0022914959117770195,591.9464,3683.313,951.17737,4084.0786
101456560_K48567_F1B04-746_1_21.jpg,5,CBHPM,0.0022099989000707865,960.0,3840.0903,1370.1337,3915.1353
101456560_K48567_F1B04-746_1_21.jpg,6,CBVPM,0.0012971843825653195,4002.9578,2376.68,4156.5933,2578.9739
101456560_K48567_F1B04-746_1_21.jpg,1,VHBNL,0.0012077534338459373,1925.6902,960.0,2076.3389,1077.497
101456560_K48567_F1B04-746_1_21.jpg,5,CBHPM,0.0011819718638435006,605.62006,3886.4902,876.4433,4121.661
101456560_K48567_F1B04-746_1_21.jpg,6,CBVPM,0.0010532636661082506,757.2273,3840.0,954.4241,4006.7285
101458197_K48525_F1B04-744_1_21.jpg,6,CBVPM,0.08161105960607529,558.9352,3682.521,860.4015,3974.291
101458197_K48525_F1B04-744_1_21.jpg,5,CBHPM,0.06518679857254028,529.55566,3840.0,845.72656,3938.0938
101458197_K48525_F1B04-744_1_21.jpg,6,CBVPM,0.06069990247488022,686.8637,3743.8945,860.03375,3930.4902
101458197_K48525_F1B04-744_1_21.jpg,5,CBHPM,0.06027381867170334,703.56396,3840.0,879.58203,3893.647
101458197_K48525_F1B04-744_1_21.jpg,5,CBHPM,0.023309851065278053,597.3452,3840.0,778.48,3905.8367
101458197_K48525_F1B04-744_1_21.jpg,5,CBHPM,0.01852610893547535,520.2971,3840.0,914.08496,4000.8748
101458197_K48525_F1B04-744_1_21.jpg,6,CBVPM,0.01795026659965515,573.2395,3840.0,783.84595,3885.0525
101458197_K48525_F1B04-744_1_21.jpg,6,CBVPM,0.016930144280195236,517.13574,3840.0,864.10925,3995.7612
101458197_K48525_F1B04-744_1_21.jpg,5,CBHPM,0.01427440345287323,654.69214,3843.3623,805.1575,3982.343
101458197_K48525_F1B04-744_1_21.jpg,6,CBVPM,0.013425853103399277,604.95044,3840.3333,939.1477,3922.287
101458197_K48525_F1B04-744_1_21.jpg,6,CBVPM,0.011100223287940025,661.66626,3854.8984,798.4912,3984.5422
101458197_K48525_F1B04-744_1_21.jpg,5,CBHPM,0.009830514900386333,717.5698,3751.909,859.9873,3911.948
101458197_K48525_F1B04-744_1_21.jpg,5,CBHPM,0.007574279792606831,299.7444,4649.5537,739.8462,5005.26
101458197_K48525_F1B04-744_1_21.jpg,6,CBVPM,0.007366961799561977,3291.8904,2435.3457,3562.2915,2627.14
101458197_K48525_F1B04-744_1_21.jpg,6,CBVPM,0.006478237919509411,311.0647,3840.0,654.1276,3912.19
101458197_K48525_F1B04-744_1_21.jpg,5,CBHPM,0.006238491740077734,519.3285,3620.1619,855.79236,3986.113
101458197_K48525_F1B04-744_1_21.jpg,5,CBHPM,0.004041317850351334,615.4479,3840.0,1033.6714,3911.4026
101458197_K48525_F1B04-744_1_21.jpg,5,CBHPM,0.0031983989756554365,277.91138,3618.735,681.6719,3972.091
101458197_K48525_F1B04-744_1_21.jpg,5,CBHPM,0.0030401842668652534,337.6718,3840.0,711.7137,3911.1064
101458197_K48525_F1B04-744_1_21.jpg,6,CBVPM,0.0028048320673406124,961.0073,4143.239,1096.3279,4460.381
101458197_K48525_F1B04-744_1_21.jpg,5,CBHPM,0.0024466372560709715,675.0478,3840.0,789.9853,3917.7095
101458197_K48525_F1B04-744_1_21.jpg,5,CBHPM,0.0023837960325181484,960.0,4174.71,1112.1454,4477.3604
101458197_K48525_F1B04-744_1_21.jpg,1,VHBNL,0.002278302563354373,961.2505,4178.7676,1095.646,4466.221
101458197_K48525_F1B04-744_1_21.jpg,5,CBHPM,0.0022703735157847404,613.0533,3850.2751,765.821,4010.5713
101458197_K48525_F1B04-744_1_21.jpg,6,CBVPM,0.002245512790977955,585.6327,3840.0,1005.47644,4023.1543
101458197_K48525_F1B04-744_1_21.jpg,6,CBVPM,0.0022435595747083426,659.2833,3840.0,794.57043,3910.7937
101458197_K48525_F1B04-744_1_21.jpg,6,CBVPM,0.001978507498279214,608.4608,3849.1277,766.1625,4007.495
101458197_K48525_F1B04-744_1_21.jpg,6,CBVPM,0.0014281015610322356,412.88464,3840.0,790.04126,3954.7915
101458197_K48525_F1B04-744_1_21.jpg,5,CBHPM,0.0013842678163200617,968.1233,3842.0127,1108.5208,3983.6392
101458197_K48525_F1B04-744_1_21.jpg,6,CBVPM,0.0013776301639154553,683.31433,3840.0,883.7156,3878.7017
101458197_K48525_F1B04-744_1_21.jpg,13,BSBM,0.0013203369453549385,960.0,3840.0,1043.5083,4030.518
101458197_K48525_F1B04-744_1_21.jpg,4,SVHTNL,0.0012914035469293594,1254.1244,3215.504,1279.3619,3442.835
101458197_K48525_F1B04-744_1_21.jpg,1,VHBNL,0.0012275015469640493,555.4269,3840.0,771.6979,3883.1445
101458197_K48525_F1B04-744_1_21.jpg,6,CBVPM,0.0010739854769781232,844.766,3840.019,1227.5477,3917.1316
101458197_K48525_F1B04-744_1_21.jpg,5,CBHPM,0.0010400578612461686,960.0,3840.0,996.1591,4045.0142
101458197_K48525_F1B04-744_1_21.jpg,5,CBHPM,0.0010274946689605713,2196.8813,3105.1953,2512.0586,3199.1416
101459743_K48492_F1B04-742_1_21.jpg,6,CBVPM,0.34363463521003723,496.3586,3666.6907,825.2241,3990.4902
101459743_K48492_F1B04-742_1_21.jpg,5,CBHPM,0.2950565218925476,494.8761,3656.0034,825.28015,4000.734
101459743_K48492_F1B04-742_1_21.jpg,5,CBHPM,0.10805946588516235,517.686,3840.0,807.4085,3957.2036
101459743_K48492_F1B04-742_1_21.jpg,5,CBHPM,0.09194403886795044,629.4591,3754.5142,813.27527,3938.126
101459743_K48492_F1B04-742_1_21.jpg,6,CBVPM,0.08797065913677216,507.8551,3840.0,767.7728,3946.6814
101459743_K48492_F1B04-742_1_21.jpg,5,CBHPM,0.04626138508319855,418.74658,3840.0,683.04553,3918.026
101459743_K48492_F1B04-742_1_21.jpg,6,CBVPM,0.019868262112140656,568.5273,3840.0615,884.89777,3926.379
101459743_K48492_F1B04-742_1_21.jpg,6,CBVPM,0.011940051801502705,596.6516,3840.0,742.1227,3924.5674
101459743_K48492_F1B04-742_1_21.jpg,6,CBVPM,0.009013871662318707,549.66833,3840.0,702.7184,3912.257
101459743_K48492_F1B04-742_1_21.jpg,5,CBHPM,0.00841561146080494,623.2268,3840.6013,739.2124,3927.7573
101459743_K48492_F1B04-742_1_21.jpg,6,CBVPM,0.008048785850405693,683.3628,3770.4097,803.09937,3905.479
101459743_K48492_F1B04-742_1_21.jpg,5,CBHPM,0.007769117131829262,558.88086,3840.0,719.7871,3918.091
101459743_K48492_F1B04-742_1_21.jpg,5,CBHPM,0.007545216474682093,642.17444,3840.004,816.1195,3892.4956
101459743_K48492_F1B04-742_1_21.jpg,6,CBVPM,0.006888320203870535,608.37585,3738.6606,784.324,3940.6025
101459743_K48492_F1B04-742_1_21.jpg,6,CBVPM,0.006655645556747913,299.51526,3840.0,610.8805,3908.2983
101459743_K48492_F1B04-742_1_21.jpg,6,CBVPM,0.004568084143102169,555.82056,3840.0,760.00635,3880.2952
101459743_K48492_F1B04-742_1_21.jpg,5,CBHPM,0.003950900863856077,480.76065,3840.6807,654.48376,3970.084
101459743_K48492_F1B04-742_1_21.jpg,5,CBHPM,0.003639106173068285,312.77325,3840.0,517.00287,3891.6433
101459743_K48492_F1B04-742_1_21.jpg,5,CBHPM,0.0034843164030462503,682.06354,3773.5784,805.8768,3902.8652
101459743_K48492_F1B04-742_1_21.jpg,6,CBVPM,0.0034794805105775595,487.11032,3840.0,696.44116,3886.779
101459743_K48492_F1B04-742_1_21.jpg,1,VHBNL,0.003412709105759859,512.72363,3840.0,686.041,3910.2
101459743_K48492_F1B04-742_1_21.jpg,6,CBVPM,0.003316363785415888,531.0681,3840.119,887.3955,4035.7927
101459743_K48492_F1B04-742_1_21.jpg,5,CBHPM,0.0024885600432753563,634.95966,3857.9048,750.9305,3992.9612
101459743_K48492_F1B04-742_1_21.jpg,6,CBVPM,0.0024712143931537867,382.34222,3841.216,690.15314,3939.6216
101459743_K48492_F1B04-742_1_21.jpg,5,CBHPM,0.00214966107159853,960.41516,3840.6902,1149.4987,4082.1606
101459743_K48492_F1B04-742_1_21.jpg,5,CBHPM,0.0019546805415302515,470.1267,3840.0,671.17444,3885.0469
101459743_K48492_F1B04-742_1_21.jpg,6,CBVPM,0.001818027114495635,646.3077,3853.0469,771.31134,3993.2344
101459743_K48492_F1B04-742_1_21.jpg,5,CBHPM,0.0014445052947849035,3003.0007,1022.7649,3420.177,1280.0
101459743_K48492_F1B04-742_1_21.jpg,5,CBHPM,0.001089180470444262,538.9668,3840.34,897.05896,4043.3574
101501543_K48432_F1B04-738_1_21.jpg,5,CBHPM,0.07250761985778809,689.1007,3840.0,868.4972,3899.508
101501543_K48432_F1B04-738_1_21.jpg,6,CBVPM,0.02318708226084709,517.0178,3840.1812,859.7312,3938.514
101501543_K48432_F1B04-738_1_21.jpg,5,CBHPM,0.022470027208328247,510.1447,3840.0,843.5528,3933.701
101501543_K48432_F1B04-738_1_21.jpg,6,CBVPM,0.013720416463911533,1632.4623,4352.046,1737.1511,4479.8604
101501543_K48432_F1B04-738_1_21.jpg,5,CBHPM,0.013053560629487038,277.17035,3840.1184,615.7317,3911.6145
101501543_K48432_F1B04-738_1_21.jpg,6,CBVPM,0.01226255763322115,674.31006,3747.1147,845.2512,3943.4268
101501543_K48432_F1B04-738_1_21.jpg,5,CBHPM,0.011648613028228283,1634.7827,4351.1753,1741.2051,4480.2827
101501543_K48432_F1B04-738_1_21.jpg,5,CBHPM,0.011529638431966305,639.38477,3840.1418,923.6709,3916.1018
101501543_K48432_F1B04-738_1_21.jpg,13,BSBM,0.009069656021893024,515.2228,3840.044,851.0499,3951.5862
101501543_K48432_F1B04-738_1_21.jpg,5,CBHPM,0.007653761655092239,559.7545,3840.0,756.76184,3901.0735
101501543_K48432_F1B04-738_1_21.jpg,6,CBVPM,0.007617100141942501,1568.4539,4329.261,1753.69,4500.7017
101501543_K48432_F1B04-738_1_21.jpg,5,CBHPM,0.0072736674919724464,513.14746,3634.8936,877.28613,4001.372
101501543_K48432_F1B04-738_1_21.jpg,6,CBVPM,0.007219928782433271,542.5881,3683.9531,870.6828,3985.7717
101501543_K48432_F1B04-738_1_21.jpg,6,CBVPM,0.004566453862935305,601.2648,3840.0,769.51807,3919.0466
101501543_K48432_F1B04-738_1_21.jpg,6,CBVPM,0.0042215087451040745,3374.077,2387.2292,3651.829,2586.8025
101501543_K48432_F1B04-738_1_21.jpg,5,CBHPM,0.003844066523015499,697.6068,3755.663,840.57825,3920.7983
101501543_K48432_F1B04-738_1_21.jpg,6,CBVPM,0.003563392674550414,292.7035,3840.2463,611.5073,3944.4238
101501543_K48432_F1B04-738_1_21.jpg,5,CBHPM,0.003046161960810423,283.91724,4686.047,723.8998,5037.2773
101501543_K48432_F1B04-738_1_21.jpg,6,CBVPM,0.0027771098539233208,662.8586,3840.0,873.4333,3879.9893
101501543_K48432_F1B04-738_1_21.jpg,5,CBHPM,0.002613245276734233,1563.6144,4317.491,1756.8802,4508.3877
101501543_K48432_F1B04-738_1_21.jpg,6,CBVPM,0.002495737513527274,623.23944,3840.3884,965.836,3931.364
101501543_K48432_F1B04-738_1_21.jpg,6,CBVPM,0.0022854807320982218,2628.3867,3840.4475,3031.6008,3903.445
101501543_K48432_F1B04-738_1_21.jpg,6,CBVPM,0.002177200512960553,67.49786,4937.698,446.52667,5119.4844
101501543_K48432_F1B04-738_1_21.jpg,5,CBHPM,0.0020710297394543886,272.58484,3642.5042,678.5582,3978.6187
101501543_K48432_F1B04-738_1_21.jpg,6,CBVPM,0.0018801992991939187,2197.2126,2996.6077,2625.4712,3199.4795
101501543_K48432_F1B04-738_1_21.jpg,6,CBVPM,0.0018294540932402015,417.62573,3840.6006,785.41113,3915.1064
101501543_K48432_F1B04-738_1_21.jpg,6,CBVPM,0.0015323457773774862,2296.7764,3065.3696,2431.6516,3188.834
101501543_K48432_F1B04-738_1_21.jpg,5,CBHPM,0.001494113588705659,92.12714,4953.8613,444.09857,5120.0
101501543_K48432_F1B04-738_1_21.jpg,2,SVHBNM,0.0013609104789793491,960.3207,2399.1511,1044.0745,2840.9036
101501543_K48432_F1B04-738_1_21.jpg,5,CBHPM,0.001262134057469666,1467.4283,4292.7104,1774.2653,4534.4995
101501543_K48432_F1B04-738_1_21.jpg,6,CBVPM,0.0012347472365945578,525.8835,3840.0,717.4775,3906.3152
101501543_K48432_F1B04-738_1_21.jpg,5,CBHPM,0.00120334152597934,960.0,4218.504,1102.2881,4498.524
101501543_K48432_F1B04-738_1_21.jpg,5,CBHPM,0.0011415923945605755,541.74664,3840.0,888.94684,4020.209
101501543_K48432_F1B04-738_1_21.jpg,5,CBHPM,0.0010933022713288665,410.09558,3841.4226,577.6504,3954.8762
101501543_K48432_F1B04-738_1_21.jpg,6,CBVPM,0.0010422698687762022,555.3269,3840.0,771.90955,3877.4907
101501543_K48432_F1B04-738_1_21.jpg,6,CBVPM,0.0010099010542035103,193.05298,3840.1682,576.3104,3907.7434
101503703_K48430_F1B04-736a_1_21.jpg,6,CBVPM,0.20208771526813507,416.0028,3510.535,776.1925,3935.9229
101503703_K48430_F1B04-736a_1_21.jpg,5,CBHPM,0.03467652574181557,435.76752,3841.1858,726.8658,3912.2205
101503703_K48430_F1B04-736a_1_21.jpg,5,CBHPM,0.012603426352143288,270.49274,3490.35,709.56244,3913.336
101503703_K48430_F1B04-736a_1_21.jpg,5,CBHPM,0.006960788741707802,585.9739,3642.5051,777.9612,3859.5818
101503703_K48430_F1B04-736a_1_21.jpg,5,CBHPM,0.0046071140095591545,404.4859,3453.1396,830.19366,3873.0366
101503703_K48430_F1B04-736a_1_21.jpg,6,CBVPM,0.004466696176677942,473.4904,3840.6467,780.16174,3913.8657
101503703_K48430_F1B04-736a_1_21.jpg,6,CBVPM,0.0025187835562974215,575.1665,3646.8025,733.78625,3837.1724
101503703_K48430_F1B04-736a_1_21.jpg,6,CBVPM,0.0022153377067297697,3840.0,2136.7937,4094.745,2237.8867
101503703_K48430_F1B04-736a_1_21.jpg,4,SVHTNL,0.0021720342338085175,1198.1508,3840.3557,1279.017,3949.6272
101503703_K48430_F1B04-736a_1_21.jpg,6,CBVPM,0.002140963217243552,3870.192,2357.0696,4152.844,2552.184
101503703_K48430_F1B04-736a_1_21.jpg,5,CBHPM,0.002090590773150325,491.30637,3645.0762,920.4512,4039.7488
101503703_K48430_F1B04-736a_1_21.jpg,6,CBVPM,0.001835276372730732,528.5198,3613.1567,783.49634,3925.5552
101503703_K48430_F1B04-736a_1_21.jpg,5,CBHPM,0.0015291104791685939,960.0,3840.0156,1169.7361,3919.4604
101503703_K48430_F1B04-736a_1_21.jpg,5,CBHPM,0.0015194700099527836,140.857,4565.243,578.2259,4939.8896
101503703_K48430_F1B04-736a_1_21.jpg,6,CBVPM,0.0014239312149584293,855.0488,3840.0,1239.2712,3907.6528
101503703_K48430_F1B04-736a_1_21.jpg,5,CBHPM,0.0014182329177856445,543.975,3840.798,704.1283,3928.292
101503703_K48430_F1B04-736a_1_21.jpg,5,CBHPM,0.0014083459973335266,335.7245,4692.9946,504.72504,4892.6616
101503703_K48430_F1B04-736a_1_21.jpg,5,CBHPM,0.001224864856339991,520.5145,985.6288,714.65564,1235.8639
101503703_K48430_F1B04-736a_1_21.jpg,11,GWCNM,0.0011202844325453043,3793.424,2147.528,4105.742,2239.303
101503703_K48430_F1B04-736a_1_21.jpg,13,BSBM,0.0010860374895855784,961.6784,3841.2554,1086.4797,4014.2585
101506546_K48395_F1B04-736_1_21.jpg,6,CBVPM,0.03711424767971039,1920.3184,2657.7705,2207.0142,3085.7407
101506546_K48395_F1B04-736_1_21.jpg,6,CBVPM,0.016630753874778748,3267.3108,2521.5164,3587.9866,2727.0713
101506546_K48395_F1B04-736_1_21.jpg,5,CBHPM,0.0024448854383081198,521.4554,2880.0,723.1868,2932.9458
101506546_K48395_F1B04-736_1_21.jpg,5,CBHPM,0.0017391605069860816,8.132996,3840.491,422.8321,3910.5325
101506546_K48395_F1B04-736_1_21.jpg,5,CBHPM,0.0013256913516670465,177.78809,3855.8135,307.88608,3987.1064
101506546_K48395_F1B04-736_1_21.jpg,6,CBVPM,0.001099513261578977,952.59595,3841.061,1280.0,3906.0283
101506546_K48395_F1B04-736_1_21.jpg,6,CBVPM,0.001097419299185276,51.241974,3840.1755,424.9671,3913.6392
101506546_K48395_F1B04-736_1_21.jpg,12,GWCNL,0.0010938611812889576,2880.0,2880.0,2939.1062,3127.4375
101506546_K48395_F1B04-736_1_21.jpg,3,SVHBNL,0.0010674044024199247,2880.2124,2883.6113,2920.4685,3097.5474
101509990_K48355_F1B04-734_1_22.jpg,6,CBVPM,0.0013582296669483185,1421.125,2315.9026,1683.7385,2496.3892
101509990_K48355_F1B04-734_1_22.jpg,2,SVHBNM,0.0012346284929662943,2880.0,1410.8944,2938.664,1876.6813
101514388_K48315_F1B04-732_1_21.jpg,5,CBHPM,0.04391522705554962,352.8642,3708.182,516.9527,3888.835
101514388_K48315_F1B04-732_1_21.jpg,5,CBHPM,0.020673466846346855,249.78271,3661.8303,549.80054,3928.159
101514388_K48315_F1B04-732_1_21.jpg,6,CBVPM,0.020607130602002144,333.32703,3704.72,549.80414,3911.012
101514388_K48315_F1B04-732_1_21.jpg,5,CBHPM,0.011188344098627567,261.10333,3840.0,654.4409,3915.47
101514388_K48315_F1B04-732_1_21.jpg,6,CBVPM,0.006585771683603525,3306.5576,2404.623,3576.766,2593.694
101514388_K48315_F1B04-732_1_21.jpg,5,CBHPM,0.004971874877810478,1355.6267,1131.4055,1694.9204,1280.0
101514388_K48315_F1B04-732_1_21.jpg,6,CBVPM,0.004065916407853365,358.9745,3782.1902,566.30896,3976.4517
101514388_K48315_F1B04-732_1_21.jpg,6,CBVPM,0.003610827261582017,2655.3706,2150.8325,3013.379,2427.102
101514388_K48315_F1B04-732_1_21.jpg,6,CBVPM,0.003371000522747636,284.87775,3840.0,662.1352,3959.3174
101514388_K48315_F1B04-732_1_21.jpg,6,CBVPM,0.003210828173905611,3842.2095,1989.3318,3984.5833,2231.4749
101514388_K48315_F1B04-732_1_21.jpg,5,CBHPM,0.0030585331842303276,2668.1848,2151.7551,2995.4768,2425.2498
101514388_K48315_F1B04-732_1_21.jpg,5,CBHPM,0.002972604939714074,408.79584,3840.0,546.6346,3967.7764
101514388_K48315_F1B04-732_1_21.jpg,6,CBVPM,0.002506210468709469,1446.025,2554.6455,1815.4885,2849.4658
101514388_K48315_F1B04-732_1_21.jpg,1,VHBNL,0.001966299256309867,318.02014,3840.65,680.9658,3951.7424
101514388_K48315_F1B04-732_1_21.jpg,6,CBVPM,0.0018374212086200714,2173.8606,2994.9497,2546.6758,3200.0
101514388_K48315_F1B04-732_1_21.jpg,6,CBVPM,0.0018019343260675669,205.76556,3611.371,558.1095,3936.3577
101514388_K48315_F1B04-732_1_21.jpg,6,CBVPM,0.0017385935643687844,645.6196,3208.7773,839.59924,3337.3352
101514388_K48315_F1B04-732_1_21.jpg,5,CBHPM,0.0015568702947348356,3840.321,2084.8203,3980.6838,2233.981
101514388_K48315_F1B04-732_1_21.jpg,5,CBHPM,0.0015095637645572424,1455.254,2565.352,1782.6592,2847.3203
101514388_K48315_F1B04-732_1_21.jpg,6,CBVPM,0.001495885313488543,1126.7867,3085.395,1381.0448,3199.2554
101514388_K48315_F1B04-732_1_21.jpg,5,CBHPM,0.0014536039670929313,2826.5576,2191.0337,2967.7441,2358.833
101514388_K48315_F1B04-732_1_21.jpg,5,CBHPM,0.0013957521878182888,961.2793,2394.21,1145.104,2580.5747
101514388_K48315_F1B04-732_1_21.jpg,6,CBVPM,0.00125228485558182,4112.431,2242.804,4338.5786,2350.7703
101514388_K48315_F1B04-732_1_21.jpg,5,CBHPM,0.001242194906808436,3840.1985,1961.6514,4005.662,2240.0
101514388_K48315_F1B04-732_1_21.jpg,5,CBHPM,0.001222856342792511,3786.7598,2092.755,3944.5415,2240.0
101514388_K48315_F1B04-732_1_21.jpg,5,CBHPM,0.0011126036988571286,1279.1436,2880.0,1439.2972,3040.5137
101514388_K48315_F1B04-732_1_21.jpg,5,CBHPM,0.0010986813576892018,350.875,3840.0,560.29846,3887.8774
101618970_K48277_F1B04-730_1_21.jpg,6,CBVPM,0.28675636649131775,623.0465,3539.182,940.70496,3861.3845
101618970_K48277_F1B04-730_1_21.jpg,5,CBHPM,0.1364148110151291,312.9152,4576.783,749.9735,4926.485
101618970_K48277_F1B04-730_1_21.jpg,6,CBVPM,0.10499472171068192,711.53894,3632.2988,925.1869,3827.6968
101618970_K48277_F1B04-730_1_21.jpg,6,CBVPM,0.055869802832603455,471.31723,4663.8066,681.9498,4876.246
101618970_K48277_F1B04-730_1_21.jpg,6,CBVPM,0.0354306697845459,375.48157,4596.8906,758.19104,4916.199
101618970_K48277_F1B04-730_1_21.jpg,5,CBHPM,0.03491175174713135,452.162,4647.8164,699.36707,4890.495
101618970_K48277_F1B04-730_1_21.jpg,5,CBHPM,0.024882027879357338,609.9718,3556.4795,951.4281,3862.2969
101618970_K48277_F1B04-730_1_21.jpg,6,CBVPM,0.021321652457118034,3902.228,2271.9287,4160.0,2458.5476
101618970_K48277_F1B04-730_1_21.jpg,5,CBHPM,0.018268520012497902,671.12024,3840.726,984.24854,3910.9587
101618970_K48277_F1B04-730_1_21.jpg,5,CBHPM,0.013567879796028137,744.10864,3634.9482,907.0658,3808.237
101618970_K48277_F1B04-730_1_21.jpg,6,CBVPM,0.008769018575549126,674.84827,3840.1316,1006.1019,3911.3203
101618970_K48277_F1B04-730_1_21.jpg,6,CBVPM,0.002528425771743059,4002.6213,2238.3296,4157.1465,2443.5457
101618970_K48277_F1B04-730_1_21.jpg,6,CBVPM,0.001949914381839335,665.96765,3672.7725,952.1393,3923.3027
101618970_K48277_F1B04-730_1_21.jpg,6,CBVPM,0.0014675816055387259,707.0343,3840.0,927.6974,3882.4768
101618970_K48277_F1B04-730_1_21.jpg,5,CBHPM,0.0011886287247762084,715.1666,3840.0,932.1166,3883.3347
101624226_K48245_F1B04-728_1_21.jpg,5,CBHPM,0.04816291108727455,379.42352,3590.8638,522.7657,3769.1572
101624226_K48245_F1B04-728_1_21.jpg,6,CBVPM,0.046827610582113266,3285.3306,2421.1868,3573.8086,2619.829
101624226_K48245_F1B04-728_1_21.jpg,6,CBVPM,0.03242181986570358,386.9572,3591.941,527.1415,3765.264
101624226_K48245_F1B04-728_1_21.jpg,6,CBVPM,0.028112830594182014,308.13525,3564.2617,543.5643,3800.0522
101624226_K48245_F1B04-728_1_21.jpg,5,CBHPM,0.012572262436151505,239.78998,3529.2512,593.24963,3814.6484
101624226_K48245_F1B04-728_1_21.jpg,6,CBVPM,0.002758503658697009,312.9162,3620.335,660.95984,3915.236
101624226_K48245_F1B04-728_1_21.jpg,6,CBVPM,0.0016498120967298746,1920.0,2324.7688,2041.5006,2601.6235
101624226_K48245_F1B04-728_1_21.jpg,5,CBHPM,0.0013410667888820171,322.71466,3645.6016,649.6119,3898.9385
101627200_K48203_F1B04-726_1_21.jpg,5,CBHPM,0.14956727623939514,704.6355,3752.0952,859.2135,3919.207
101627200_K48203_F1B04-726_1_21.jpg,6,CBVPM,0.1374863088130951,695.83496,3745.5615,869.76904,3928.7053
101627200_K48203_F1B04-726_1_21.jpg,6,CBVPM,0.10341867059469223,592.9452,3694.418,893.4828,3946.6455
101627200_K48203_F1B04-726_1_21.jpg,6,CBVPM,0.07632951438426971,3898.3196,2394.3613,4160.0,2597.3945
101627200_K48203_F1B04-726_1_21.jpg,6,CBVPM,0.06947068870067596,646.28754,3840.713,865.2873,3921.1274
101627200_K48203_F1B04-726_1_21.jpg,6,CBVPM,0.0648910403251648,961.12054,4261.2075,1029.8342,4577.961
101627200_K48203_F1B04-726_1_21.jpg,5,CBHPM,0.05292849242687225,710.478,3840.0,823.64185,3908.3796
101627200_K48203_F1B04-726_1_21.jpg,5,CBHPM,0.03280958905816078,594.43225,3669.4365,903.79724,3958.6973
101627200_K48203_F1B04-726_1_21.jpg,5,CBHPM,0.0317007340490818,1465.935,2880.3796,1788.2606,2947.2185
101627200_K48203_F1B04-726_1_21.jpg,6,CBVPM,0.02136809006333351,669.63635,3840.0,825.89233,3892.2192
101627200_K48203_F1B04-726_1_21.jpg,5,CBHPM,0.019263099879026413,960.0,4273.4976,1125.9382,4567.9746
101627200_K48203_F1B04-726_1_21.jpg,5,CBHPM,0.014740838669240475,648.7041,3840.2427,956.0862,3911.1821
101627200_K48203_F1B04-726_1_21.jpg,6,CBVPM,0.013089645653963089,960.0,4283.942,1105.8649,4571.4556
101627200_K48203_F1B04-726_1_21.jpg,6,CBVPM,0.011381887830793858,421.5601,3840.0,826.53345,3902.1025
101627200_K48203_F1B04-726_1_21.jpg,6,CBVPM,0.008185400627553463,366.5908,3840.2095,658.11816,3912.7727
101627200_K48203_F1B04-726_1_21.jpg,5,CBHPM,0.006417303346097469,614.9292,3840.0,806.06885,3901.5022
101627200_K48203_F1B04-726_1_21.jpg,5,CBHPM,0.005883965641260147,283.0946,4655.9814,731.313,5025.872
101627200_K48203_F1B04-726_1_21.jpg,3,SVHBNL,0.0049281963147223,961.55115,1920.0,1174.4268,2260.5315
101627200_K48203_F1B04-726_1_21.jpg,5,CBHPM,0.0042098029516637325,444.1537,3840.0,612.16626,3906.9856
101627200_K48203_F1B04-726_1_21.jpg,5,CBHPM,0.003928331192582846,961.5304,4301.027,1028.3755,4522.511
101627200_K48203_F1B04-726_1_21.jpg,6,CBVPM,0.0035702106542885303,561.34143,3840.0,869.29346,3957.9724
101627200_K48203_F1B04-726_1_21.jpg,6,CBVPM,0.003464918117970228,640.818,3840.0,1039.2498,3904.1511
101627200_K48203_F1B04-726_1_21.jpg,5,CBHPM,0.003318133996799588,543.9271,3840.0,875.2389,3968.1265
101627200_K48203_F1B04-726_1_21.jpg,6,CBVPM,0.0031945516820997,394.26447,4747.1514,632.4206,4976.791
101627200_K48203_F1B04-726_1_21.jpg,5,CBHPM,0.0026563291903585196,960.0,4300.6597,987.1433,4534.381
101627200_K48203_F1B04-726_1_21.jpg,6,CBVPM,0.0023062550462782383,961.7376,4181.473,1061.3136,4538.6675
101627200_K48203_F1B04-726_1_21.jpg,5,CBHPM,0.002161523560062051,496.44342,3840.0,701.69196,3889.6287
101627200_K48203_F1B04-726_1_21.jpg,5,CBHPM,0.001554980524815619,428.93256,4760.141,600.611,4970.719
101627200_K48203_F1B04-726_1_21.jpg,5,CBHPM,0.0012620221823453903,966.931,1980.9343,1376.572,2240.0
101627200_K48203_F1B04-726_1_21.jpg,6,CBVPM,0.0012137261219322681,265.79498,4617.9136,677.9416,5017.189
101627200_K48203_F1B04-726_1_21.jpg,6,CBVPM,0.0011273935670033097,611.64417,3840.0,1002.2235,3982.5457
101627200_K48203_F1B04-726_1_21.jpg,6,CBVPM,0.0010511811124160886,662.88464,3840.0,865.0282,3865.0137
101629644_K48165_F1B04-724_1_21.jpg,6,CBVPM,0.045677147805690765,510.08948,3542.4214,835.31714,3882.1096
101629644_K48165_F1B04-724_1_21.jpg,6,CBVPM,0.043554551899433136,643.8502,3633.9185,830.1084,3820.9817
101629644_K48165_F1B04-724_1_21.jpg,2,SVHBNM,0.027531955391168594,1920.5486,639.61743,2008.5216,1060.77
101629644_K48165_F1B04-724_1_21.jpg,5,CBHPM,0.019131068140268326,528.2521,3538.0476,847.2428,3825.9287
101629644_K48165_F1B04-724_1_21.jpg,5,CBHPM,0.01676042005419731,220.16461,4634.0156,652.8498,4986.1733
101629644_K48165_F1B04-724_1_21.jpg,3,SVHBNL,0.00901581346988678,1922.8485,651.0807,2021.104,1036.1537
101629644_K48165_F1B04-724_1_21.jpg,5,CBHPM,0.005697932559996843,663.3041,3639.6465,820.4425,3807.1147
101629644_K48165_F1B04-724_1_21.jpg,5,CBHPM,0.0019858358427882195,331.50934,4722.1704,503.40778,4925.935
101629644_K48165_F1B04-724_1_21.jpg,6,CBVPM,0.0018133965786546469,667.3711,2880.8538,973.8336,2945.1587
101629644_K48165_F1B04-724_1_21.jpg,6,CBVPM,0.0017864326946437359,3312.8013,2379.0027,3606.255,2558.3643
101629644_K48165_F1B04-724_1_21.jpg,5,CBHPM,0.001695586834102869,671.6687,2880.526,1006.0668,2940.6028
101629644_K48165_F1B04-724_1_21.jpg,5,CBHPM,0.0016951995203271508,721.6376,2880.6873,925.4396,2926.058
101629644_K48165_F1B04-724_1_21.jpg,5,CBHPM,0.0015535909915342927,2180.0483,2931.3242,2592.8955,3200.0
101629644_K48165_F1B04-724_1_21.jpg,6,CBVPM,0.0014725261135026813,307.3131,4705.3066,556.22723,4931.338
101631880_K48126_F1B04-722_1_21.jpg,5,CBHPM,0.4156653881072998,673.1991,3840.0,877.2567,4002.1748
101631880_K48126_F1B04-722_1_21.jpg,5,CBHPM,0.21107137203216553,535.32886,3692.4204,883.7612,4045.8647
101631880_K48126_F1B04-722_1_21.jpg,6,CBVPM,0.11970950663089752,679.51917,3840.0,826.4524,3980.699
101631880_K48126_F1B04-722_1_21.jpg,6,CBVPM,0.09866415709257126,532.5657,3840.0874,890.6261,4022.8123
101631880_K48126_F1B04-722_1_21.jpg,11,GWCNM,0.028638631105422974,499.2969,3840.0,902.32324,4022.6094
101631880_K48126_F1B04-722_1_21.jpg,6,CBVPM,0.018769655376672745,961.3785,4288.958,1035.1414,4621.8545
101631880_K48126_F1B04-722_1_21.jpg,5,CBHPM,0.009599651210010052,692.234,3841.2761,976.2661,3941.119
101631880_K48126_F1B04-722_1_21.jpg,5,CBHPM,0.007564794272184372,960.0,4321.69,1091.998,4629.8877
101631880_K48126_F1B04-722_1_21.jpg,6,CBVPM,0.00491753313690424,3840.8193,2376.1577,4138.2075,2606.0723
101631880_K48126_F1B04-722_1_21.jpg,5,CBHPM,0.003212794428691268,669.08655,3805.2827,973.4232,4031.615
101631880_K48126_F1B04-722_1_21.jpg,1,VHBNL,0.0030246370006352663,689.23706,3842.0557,864.99976,3936.1584
101631880_K48126_F1B04-722_1_21.jpg,13,BSBM,0.0018204335356131196,683.5281,3840.0,864.69653,3977.3389
101631880_K48126_F1B04-722_1_21.jpg,2,SVHBNM,0.0013581124367192388,1212.7615,961.4707,1280.0,1341.6304
101631880_K48126_F1B04-722_1_21.jpg,5,CBHPM,0.0012373992940410972,962.17285,4373.3613,1024.2828,4588.367
101631880_K48126_F1B04-722_1_21.jpg,5,CBHPM,0.0011438739020377398,248.53308,3840.3682,667.4716,3900.7568
101631880_K48126_F1B04-722_1_21.jpg,2,SVHBNM,0.0010873900027945638,960.0,423.5325,1016.445,826.1792
101631880_K48126_F1B04-722_1_21.jpg,6,CBVPM,0.0010825033532455564,962.80554,4372.7754,999.3653,4591.6797
101631880_K48126_F1B04-722_1_21.jpg,13,BSBM,0.0010585710406303406,682.6658,3841.0933,1010.9409,3953.9487
101633564_K48086_F1B04-720_1_21.jpg,6,CBVPM,0.12874619662761688,531.7865,3552.1655,846.8627,3882.62
101633564_K48086_F1B04-720_1_21.jpg,5,CBHPM,0.0350479893386364,198.80003,4575.428,646.1277,4969.463
101633564_K48086_F1B04-720_1_21.jpg,6,CBVPM,0.03191874176263809,656.02576,3653.291,835.2909,3833.3267
101633564_K48086_F1B04-720_1_21.jpg,5,CBHPM,0.026420919224619865,680.4854,3657.6353,822.77655,3817.0325
101633564_K48086_F1B04-720_1_21.jpg,5,CBHPM,0.015723850578069687,521.3279,3560.084,856.38086,3886.858
101633564_K48086_F1B04-720_1_21.jpg,6,CBVPM,0.008313399739563465,307.5327,4661.824,633.12195,4958.6445
101633564_K48086_F1B04-720_1_21.jpg,6,CBVPM,0.00819229893386364,2249.4368,3027.271,2579.5376,3194.2334
101633564_K48086_F1B04-720_1_21.jpg,5,CBHPM,0.0072135329246521,331.66333,4682.024,606.3012,4926.901
101633564_K48086_F1B04-720_1_21.jpg,6,CBVPM,0.004143806640058756,3271.7026,2400.997,3563.3848,2584.3796
101633564_K48086_F1B04-720_1_21.jpg,5,CBHPM,0.0038052494637668133,371.41745,3495.643,794.2346,3905.2993
101633564_K48086_F1B04-720_1_21.jpg,5,CBHPM,0.002188132843002677,349.2445,4596.7715,764.43567,4938.285
101633564_K48086_F1B04-720_1_21.jpg,3,SVHBNL,0.001990075223147869,960.0,2880.0,1088.2726,3315.6963
101633564_K48086_F1B04-720_1_21.jpg,5,CBHPM,0.001960146939381957,394.97223,4715.4224,558.8565,4906.9814
101633564_K48086_F1B04-720_1_21.jpg,6,CBVPM,0.0011111684143543243,3368.6367,2425.6086,3490.1655,2544.7896
101633564_K48086_F1B04-720_1_21.jpg,6,CBVPM,0.0010292723309248686,2346.7642,3047.3462,2453.1855,3171.1528
101634915_K48051_F1B04-718_1_21.jpg,5,CBHPM,0.07516871392726898,580.3507,3840.0,910.61536,3915.9495
101634915_K48051_F1B04-718_1_21.jpg,6,CBVPM,0.06367757171392441,3644.8022,2338.1106,4028.7048,2682.44
101634915_K48051_F1B04-718_1_21.jpg,6,CBVPM,0.062397122383117676,695.95654,3721.8708,875.35095,3912.6748
101634915_K48051_F1B04-718_1_21.jpg,6,CBVPM,0.043486230075359344,588.7521,3658.8618,898.9469,3955.981
101634915_K48051_F1B04-718_1_21.jpg,5,CBHPM,0.02669708803296089,614.5733,3840.0,824.9013,3891.46
101634915_K48051_F1B04-718_1_21.jpg,5,CBHPM,0.0250198096036911,340.5354,3636.9255,710.5763,3928.227
101634915_K48051_F1B04-718_1_21.jpg,5,CBHPM,0.013774114660918713,685.59546,3840.0,870.2051,3902.0308
101634915_K48051_F1B04-718_1_21.jpg,6,CBVPM,0.011881408281624317,625.3626,3840.0,957.3829,3909.882
101634915_K48051_F1B04-718_1_21.jpg,6,CBVPM,0.010472317226231098,472.3043,3840.0845,811.2069,3919.5686
101634915_K48051_F1B04-718_1_21.jpg,5,CBHPM,0.010102363303303719,710.1787,3727.919,870.6792,3903.5283
101634915_K48051_F1B04-718_1_21.jpg,5,CBHPM,0.00868386309593916,591.5438,3644.8037,911.2848,3952.599
101634915_K48051_F1B04-718_1_21.jpg,6,CBVPM,0.005263293161988258,330.0537,3840.1084,662.835,3911.9346
101634915_K48051_F1B04-718_1_21.jpg,6,CBVPM,0.005006391555070877,598.3701,3840.0,959.5399,3976.723
101634915_K48051_F1B04-718_1_21.jpg,1,VHBNL,0.003335240762680769,673.8778,3840.0,896.6471,3888.8801
101634915_K48051_F1B04-718_1_21.jpg,6,CBVPM,0.0030240488704293966,682.63074,3840.0,901.7008,3885.8823
101634915_K48051_F1B04-718_1_21.jpg,6,CBVPM,0.0023146590683609247,610.67163,3840.0,834.6101,3876.742
101634915_K48051_F1B04-718_1_21.jpg,5,CBHPM,0.002211186569184065,517.0585,3840.127,725.6229,3890.4216
101634915_K48051_F1B04-718_1_21.jpg,6,CBVPM,0.0015190099366009235,3840.0,2361.9214,3985.9382,2632.1626
101634915_K48051_F1B04-718_1_21.jpg,6,CBVPM,0.0015019644051790237,335.02112,3642.3198,675.38916,3927.8022
101634915_K48051_F1B04-718_1_21.jpg,5,CBHPM,0.0014361399225890636,672.9208,3840.0,833.1304,3984.3037
101634915_K48051_F1B04-718_1_21.jpg,5,CBHPM,0.0014222126919776201,3840.0,2326.027,4011.944,2643.9856
101634915_K48051_F1B04-718_1_21.jpg,5,CBHPM,0.0013944442616775632,572.2857,3840.0,749.87885,3912.756
101634915_K48051_F1B04-718_1_21.jpg,5,CBHPM,0.0011780995409935713,282.68164,4672.245,727.80115,5044.3115
101634915_K48051_F1B04-718_1_21.jpg,3,SVHBNL,0.0011585061438381672,629.7842,2887.8105,748.0427,2971.4956
101634915_K48051_F1B04-718_1_21.jpg,6,CBVPM,0.0011433052131906152,423.36374,3612.0137,802.10913,3989.713
101634915_K48051_F1B04-718_1_21.jpg,5,CBHPM,0.0011267890222370625,408.7655,3587.0974,822.34424,3977.3486
101634915_K48051_F1B04-718_1_21.jpg,6,CBVPM,0.0010458305478096008,562.3428,3840.0,761.6555,3900.7185
101636323_K48019_F1B04-714a_1_21.jpg,5,CBHPM,0.34599989652633667,308.27887,4607.949,740.4151,4959.357
101636323_K48019_F1B04-714a_1_21.jpg,5,CBHPM,0.11624513566493988,413.89844,4692.2393,673.3983,4916.959
101636323_K48019_F1B04-714a_1_21.jpg,6,CBVPM,0.10981312394142151,704.5791,3673.836,890.50146,3865.8555
101636323_K48019_F1B04-714a_1_21.jpg,6,CBVPM,0.06488293409347534,563.55414,3568.5195,896.50885,3942.4084
101636323_K48019_F1B04-714a_1_21.jpg,6,CBVPM,0.040166404098272324,3350.2732,2398.0967,3656.2937,2615.3567
101636323_K48019_F1B04-714a_1_21.jpg,3,SVHBNL,0.022368144243955612,1924.6885,784.6832,2034.8354,1137.9949
101636323_K48019_F1B04-714a_1_21.jpg,5,CBHPM,0.02141798473894596,725.6543,3680.6216,880.28076,3857.0103
101636323_K48019_F1B04-714a_1_21.jpg,5,CBHPM,0.011501934379339218,1509.294,4231.789,1613.6523,4366.2173
101636323_K48019_F1B04-714a_1_21.jpg,5,CBHPM,0.00905849039554596,308.76782,3574.5085,699.1715,3896.5427
101636323_K48019_F1B04-714a_1_21.jpg,2,SVHBNM,0.00878597516566515,1925.7018,779.3263,2035.7556,1150.0509
101636323_K48019_F1B04-714a_1_21.jpg,5,CBHPM,0.008703860454261303,564.7312,3577.1538,926.8091,3927.8237
101636323_K48019_F1B04-714a_1_21.jpg,6,CBVPM,0.0050799306482076645,545.83875,3840.8767,908.9015,3919.4668
101636323_K48019_F1B04-714a_1_21.jpg,3,SVHBNL,0.00478698406368494,606.5652,2116.8782,924.0698,2240.0
101636323_K48019_F1B04-714a_1_21.jpg,5,CBHPM,0.004783178213983774,552.9087,3840.7773,924.792,3919.273
101636323_K48019_F1B04-714a_1_21.jpg,5,CBHPM,0.004385021049529314,515.3528,4727.936,643.4424,4900.205
101636323_K48019_F1B04-714a_1_21.jpg,5,CBHPM,0.003317202441394329,439.5378,4594.0747,885.62915,4968.5713
101636323_K48019_F1B04-714a_1_21.jpg,2,SVHBNM,0.0032840785570442677,2164.2974,1920.0,2240.0,2213.1013
101636323_K48019_F1B04-714a_1_21.jpg,2,SVHBNM,0.0031906822696328163,595.9121,2116.3057,951.8086,2240.0
101636323_K48019_F1B04-714a_1_21.jpg,6,CBVPM,0.001809199689887464,1429.8915,4201.2505,1623.3478,4384.728
101636323_K48019_F1B04-714a_1_21.jpg,12,GWCNL,0.0017051842296496034,3498.3909,2159.2449,3799.7153,2238.8354
101636323_K48019_F1B04-714a_1_21.jpg,4,SVHTNL,0.0014250768581405282,2213.505,1831.2021,2238.545,2062.093
101636323_K48019_F1B04-714a_1_21.jpg,11,GWCNM,0.0014095521764829755,3481.9253,2157.2407,3779.9248,2239.2837
101636323_K48019_F1B04-714a_1_21.jpg,5,CBHPM,0.0013505168026313186,2402.6875,3023.3528,2547.4814,3176.8567
101636323_K48019_F1B04-714a_1_21.jpg,6,CBVPM,0.001302893040701747,295.15173,3577.8977,688.91296,3899.4382
101636323_K48019_F1B04-714a_1_21.jpg,5,CBHPM,0.001121604349464178,1416.217,4184.46,1623.7966,4410.0376
101636323_K48019_F1B04-714a_1_21.jpg,3,SVHBNL,0.0011015712516382337,2163.0576,1920.0,2240.0,2264.5596
101636323_K48019_F1B04-714a_1_21.jpg,6,CBVPM,0.0010127655696123838,2150.2793,3990.8757,2238.9028,4155.384
101637975_K47989_F1B04-714_1_21.jpg,6,CBVPM,0.1490868180990219,537.3495,3623.2617,738.12537,3815.3186
101637975_K47989_F1B04-714_1_21.jpg,6,CBVPM,0.11212308704853058,3902.857,2323.816,4156.024,2520.1494
101637975_K47989_F1B04-714_1_21.jpg,6,CBVPM,0.08486352115869522,406.4021,3520.5737,749.07336,3873.3655
101637975_K47989_F1B04-714_1_21.jpg,5,CBHPM,0.009615376591682434,407.76718,3532.003,758.70374,3871.1616
101637975_K47989_F1B04-714_1_21.jpg,5,CBHPM,0.007357198279350996,574.8494,3633.195,734.9467,3802.167
101637975_K47989_F1B04-714_1_21.jpg,11,GWCNM,0.0037457230500876904,2156.5103,1920.0,2240.0,2237.2432
101637975_K47989_F1B04-714_1_21.jpg,12,GWCNL,0.0022932146675884724,2156.361,1926.7822,2240.0,2274.2285
101637975_K47989_F1B04-714_1_21.jpg,3,SVHBNL,0.0011698869056999683,2091.591,2822.5938,2222.2017,2906.4282
101640962_K47907_F1B04-710_1_21.jpg,6,CBVPM,0.20605310797691345,516.19025,3635.898,812.2015,3893.1738
101640962_K47907_F1B04-710_1_21.jpg,6,CBVPM,0.1443483978509903,616.97864,3685.964,793.844,3872.1877
101640962_K47907_F1B04-710_1_21.jpg,5,CBHPM,0.1208333671092987,638.87085,3692.5867,789.60425,3861.7366
101640962_K47907_F1B04-710_1_21.jpg,5,CBHPM,0.10210869461297989,515.73376,3567.6099,816.2521,3883.586
101640962_K47907_F1B04-710_1_21.jpg,2,SVHBNM,0.014804938808083534,1920.0,642.4618,1973.3431,1080.9098
101640962_K47907_F1B04-710_1_21.jpg,6,CBVPM,0.009156180545687675,530.9911,3840.7566,827.10706,3918.5378
101640962_K47907_F1B04-710_1_21.jpg,5,CBHPM,0.007239336613565683,507.82935,3840.5186,811.2462,3915.841
101640962_K47907_F1B04-710_1_21.jpg,5,CBHPM,0.00681817252188921,217.33075,4625.293,658.4104,4992.0674
101640962_K47907_F1B04-710_1_21.jpg,2,SVHBNM,0.0048246546648442745,960.0,2772.2253,1049.3842,3200.0
101640962_K47907_F1B04-710_1_21.jpg,6,CBVPM,0.0027721344958990812,3946.7578,2380.642,4156.6343,2571.6582
101640962_K47907_F1B04-710_1_21.jpg,4,SVHTNL,0.0023310815449804068,3840.0,2541.222,3996.183,2777.936
101640962_K47907_F1B04-710_1_21.jpg,2,SVHBNM,0.0017355919117107987,1920.4202,2084.1577,1998.7856,2505.6482
101640962_K47907_F1B04-710_1_21.jpg,5,CBHPM,0.0010442426428198814,607.0387,3840.0,767.83704,3926.1707
101701131_K47227_F1B04-676_1_21.jpg,5,CBHPM,0.099126897752285,638.30554,2897.7336,1027.9149,3200.0
101701131_K47227_F1B04-676_1_21.jpg,5,CBHPM,0.0768268033862114,389.7211,4679.5967,774.0045,4997.735
101701131_K47227_F1B04-676_1_21.jpg,5,CBHPM,0.06163401156663895,756.35,3761.8223,897.0548,3926.3257
101701131_K47227_F1B04-676_1_21.jpg,6,CBVPM,0.05296670272946358,613.8963,3840.0,920.18866,3960.8142
101701131_K47227_F1B04-676_1_21.jpg,6,CBVPM,0.04748018831014633,725.64685,3751.602,909.96423,3941.0435
101701131_K47227_F1B04-676_1_21.jpg,5,CBHPM,0.03370215743780136,743.73035,3844.8792,892.7368,3938.0027
101701131_K47227_F1B04-676_1_21.jpg,5,CBHPM,0.027729328721761703,607.38745,3840.0,916.89575,3950.274
101701131_K47227_F1B04-676_1_21.jpg,6,CBVPM,0.020881623029708862,636.30853,3717.2576,927.2105,3962.0466
101701131_K47227_F1B04-676_1_21.jpg,6,CBVPM,0.016934001818299294,3240.0579,2524.1523,3501.0845,2705.7295
101701131_K47227_F1B04-676_1_21.jpg,6,CBVPM,0.01559700258076191,719.896,3840.1829,868.1881,3920.7659
101701131_K47227_F1B04-676_1_21.jpg,6,CBVPM,0.012987343594431877,453.70367,4741.419,727.8697,4959.5327
101701131_K47227_F1B04-676_1_21.jpg,5,CBHPM,0.012871487997472286,503.34128,4751.6367,687.3076,4959.757
101701131_K47227_F1B04-676_1_21.jpg,6,CBVPM,0.00966738536953926,644.40393,3840.0,836.5243,3910.3823
101701131_K47227_F1B04-676_1_21.jpg,5,CBHPM,0.0072636655531823635,519.94104,4692.9414,823.4918,4959.293
101701131_K47227_F1B04-676_1_21.jpg,5,CBHPM,0.006579313427209854,524.86816,3840.0,877.86194,3913.629
101701131_K47227_F1B04-676_1_21.jpg,5,CBHPM,0.005155312363058329,764.97064,3840.0,926.99274,3908.3389
101701131_K47227_F1B04-676_1_21.jpg,5,CBHPM,0.005029809661209583,614.7046,3673.4282,952.27405,3986.667
101701131_K47227_F1B04-676_1_21.jpg,6,CBVPM,0.004550986923277378,783.3406,3840.0,919.84216,3914.3958
101701131_K47227_F1B04-676_1_21.jpg,6,CBVPM,0.003773762146010995,532.94446,4725.489,796.8331,4931.1523
101701131_K47227_F1B04-676_1_21.jpg,6,CBVPM,0.0033550821244716644,401.80753,3840.427,725.08777,3909.7332
101701131_K47227_F1B04-676_1_21.jpg,6,CBVPM,0.0026676938869059086,682.9474,3840.0,987.3959,3927.1682
101701131_K47227_F1B04-676_1_21.jpg,5,CBHPM,0.002306172624230385,666.6708,3840.0,827.7761,3918.984
101701131_K47227_F1B04-676_1_21.jpg,6,CBVPM,0.002263977425172925,643.9695,3000.344,983.16846,3194.8152
101701131_K47227_F1B04-676_1_21.jpg,5,CBHPM,0.0022127062547951937,575.77356,4759.83,728.4535,4934.786
101701131_K47227_F1B04-676_1_21.jpg,5,CBHPM,0.0021964774932712317,737.59985,3856.002,877.00806,3997.935
101701131_K47227_F1B04-676_1_21.jpg,5,CBHPM,0.0016588412690907717,600.48285,3840.0,791.863,3895.0728
101701131_K47227_F1B04-676_1_21.jpg,5,CBHPM,0.001499979174695909,681.3876,3846.3103,924.2611,4011.6943
101701131_K47227_F1B04-676_1_21.jpg,6,CBVPM,0.0014701216714456677,713.3783,3840.0,903.8021,3883.6663
101701131_K47227_F1B04-676_1_21.jpg,6,CBVPM,0.0012090293457731605,750.0017,3854.6628,884.92834,3998.4214
101701131_K47227_F1B04-676_1_21.jpg,5,CBHPM,0.0011777096660807729,2522.751,2084.3638,2833.1685,2238.4895
101717243_K46615_F1B04-642_1_21.jpg,6,CBVPM,0.0185251384973526,3263.0198,2523.7715,3535.3232,2702.4172
101717243_K46615_F1B04-642_1_21.jpg,5,CBHPM,0.0025914402212947607,3266.1787,2530.4937,3530.2869,2702.1934
101717243_K46615_F1B04-642_1_21.jpg,5,CBHPM,0.0013713233638554811,4144.6704,2080.3105,4456.7593,2238.9722
101717243_K46615_F1B04-642_1_21.jpg,6,CBVPM,0.0011758976615965366,596.41284,3840.3872,977.17847,3906.1575
101718153_K46580_F1B04-640_1_21.jpg,6,CBVPM,0.015853915363550186,3177.179,2423.3271,3488.601,2642.7378
101718153_K46580_F1B04-640_1_21.jpg,6,CBVPM,0.0010704797459766269,444.11383,3840.1106,848.7043,3900.5151
101719058_K46545_F1B04-638_1_21.jpg,5,CBHPM,0.024754103273153305,119.14554,4153.474,281.987,4328.7153
101719058_K46545_F1B04-638_1_21.jpg,6,CBVPM,0.02262040600180626,98.222565,4125.086,302.31012,4339.163
101719058_K46545_F1B04-638_1_21.jpg,5,CBHPM,0.013656025752425194,24.576508,4090.9624,344.69937,4368.827
101719058_K46545_F1B04-638_1_21.jpg,6,CBVPM,0.0075563183054327965,3257.1006,2582.7932,3552.3125,2799.1887
101719058_K46545_F1B04-638_1_21.jpg,6,CBVPM,0.005553752649575472,10.589905,4083.3281,330.55527,4368.52
101719058_K46545_F1B04-638_1_21.jpg,5,CBHPM,0.003017774084582925,3251.7588,2584.33,3552.0142,2799.6465
101719058_K46545_F1B04-638_1_21.jpg,6,CBVPM,0.002464153105393052,3840.0,4.251709,4088.916,160.92554
101719058_K46545_F1B04-638_1_21.jpg,6,CBVPM,0.001226764521561563,4217.683,0.6979828,4583.19,65.14896
101720094_K46511_F1B04-636_1_21.jpg,6,CBVPM,0.08162128180265427,3259.6191,2521.87,3515.5215,2704.1055
101720094_K46511_F1B04-636_1_21.jpg,6,CBVPM,0.010247460566461086,51.355774,3929.0554,374.95148,4229.8125
101720094_K46511_F1B04-636_1_21.jpg,6,CBVPM,0.009944198653101921,143.06073,3971.7754,349.0991,4183.5464
101720094_K46511_F1B04-636_1_21.jpg,5,CBHPM,0.009819145314395428,55.881165,3928.2124,383.76593,4231.7485
101720094_K46511_F1B04-636_1_21.jpg,5,CBHPM,0.00276445341296494,3320.14,2535.162,3485.8223,2679.8052
101720094_K46511_F1B04-636_1_21.jpg,5,CBHPM,0.0020311756525188684,215.64624,3992.5027,355.5808,4156.925
101720094_K46511_F1B04-636_1_21.jpg,5,CBHPM,0.0019154488109052181,1042.7915,2092.116,1275.6558,2238.8655
101720094_K46511_F1B04-636_1_21.jpg,4,SVHTNL,0.0014049294404685497,3173.3352,1039.9023,3198.8152,1273.6992
101720094_K46511_F1B04-636_1_21.jpg,6,CBVPM,0.0010121694067493081,3311.0005,2535.6602,3470.585,2678.684
101721182_K46471_F1B04-634_1_21.jpg,5,CBHPM,0.39681345224380493,225.25659,3907.8606,629.98376,4160.0
101721182_K46471_F1B04-634_1_21.jpg,5,CBHPM,0.3138866126537323,399.10083,3983.7805,570.60333,4149.1875
101721182_K46471_F1B04-634_1_21.jpg,6,CBVPM,0.020335163921117783,370.15613,3973.4775,547.0979,4173.664
101721182_K46471_F1B04-634_1_21.jpg,6,CBVPM,0.006424092687666416,427.8647,3987.0227,585.81824,4137.6826
101721182_K46471_F1B04-634_1_21.jpg,5,CBHPM,0.003638020483776927,264.73737,3986.2974,559.29144,4157.656
101721182_K46471_F1B04-634_1_21.jpg,5,CBHPM,0.0031679868698120117,257.3299,3214.6335,622.94745,3576.5303
101721182_K46471_F1B04-634_1_21.jpg,6,CBVPM,0.0026730212848633528,259.45673,3927.7356,575.5981,4191.5117
101721182_K46471_F1B04-634_1_21.jpg,5,CBHPM,0.0021923063322901726,368.94742,3970.8335,672.1488,4158.164
101721182_K46471_F1B04-634_1_21.jpg,6,CBVPM,0.002140532247722149,3296.9438,2564.439,3549.5713,2730.0454
101721182_K46471_F1B04-634_1_21.jpg,6,CBVPM,0.0016059362096711993,107.98695,3486.4644,535.5641,3849.6655
101721182_K46471_F1B04-634_1_21.jpg,5,CBHPM,0.0015290116425603628,462.48697,4004.6626,613.9674,4139.5894
101721182_K46471_F1B04-634_1_21.jpg,14,INSD,0.001311869011260569,2134.874,961.8447,2238.5293,1167.2074
101721182_K46471_F1B04-634_1_21.jpg,5,CBHPM,0.0010101126972585917,2135.4204,963.4329,2240.0,1134.1733
101722237_K46430_F1B04-632_1_21.jpg,5,CBHPM,0.07016664743423462,225.791,3734.9795,643.1428,4111.643
101722237_K46430_F1B04-632_1_21.jpg,6,CBVPM,0.049996696412563324,287.02997,3782.8223,614.6419,4123.7983
101722237_K46430_F1B04-632_1_21.jpg,6,CBVPM,0.0254058837890625,421.487,3859.0986,604.7818,4060.024
101722237_K46430_F1B04-632_1_21.jpg,3,SVHBNL,0.015878155827522278,960.48737,2880.0,1161.1785,3239.792
101722237_K46430_F1B04-632_1_21.jpg,6,CBVPM,0.011521630920469761,3311.2124,2459.3745,3597.3997,2656.9673
101722237_K46430_F1B04-632_1_21.jpg,5,CBHPM,0.010424613021314144,469.7074,3875.2832,597.9087,4028.9
101722237_K46430_F1B04-632_1_21.jpg,5,CBHPM,0.002691321074962616,3840.0,2015.8184,4160.8696,2237.8013
101722237_K46430_F1B04-632_1_21.jpg,11,GWCNM,0.0026576912496238947,3840.0,2015.1067,4171.1963,2238.0747
101722237_K46430_F1B04-632_1_21.jpg,1,VHBNL,0.0017492006300017238,243.99953,3841.9695,637.97534,4080.7769
101722237_K46430_F1B04-632_1_21.jpg,6,CBVPM,0.001723657245747745,3840.0,2070.7664,4181.0024,2235.87
101722237_K46430_F1B04-632_1_21.jpg,2,SVHBNM,0.0014265744248405099,960.8108,2880.0,1023.12177,3263.5864
101722237_K46430_F1B04-632_1_21.jpg,5,CBHPM,0.0013439396861940622,281.13818,3095.7034,673.7941,3481.4104
101722237_K46430_F1B04-632_1_21.jpg,6,CBVPM,0.0010330530349165201,2322.624,3102.9119,2627.13,3397.039
101722237_K46430_F1B04-632_1_21.jpg,13,BSBM,0.0010233597131446004,3842.2761,2041.2202,4140.8135,2233.769
101723269_K46389_F1B04-630_1_21.jpg,6,CBVPM,0.17771217226982117,3920.0388,2360.291,4158.836,2545.0151
101723269_K46389_F1B04-630_1_21.jpg,6,CBVPM,0.14098548889160156,395.7871,3752.4668,582.0856,3941.884
101723269_K46389_F1B04-630_1_21.jpg,6,CBVPM,0.1046634167432785,361.6726,3841.1467,606.65173,3961.0015
101723269_K46389_F1B04-630_1_21.jpg,5,CBHPM,0.050948332995176315,237.78595,3840.0,585.41235,3939.9753
101723269_K46389_F1B04-630_1_21.jpg,6,CBVPM,0.033667080104351044,283.34674,3696.6865,610.12115,3979.0789
101723269_K46389_F1B04-630_1_21.jpg,5,CBHPM,0.02774103917181492,435.00287,3756.6753,577.9564,3929.0168
101723269_K46389_F1B04-630_1_21.jpg,6,CBVPM,0.022577285766601562,421.10248,3840.0,578.9916,3924.1296
101723269_K46389_F1B04-630_1_21.jpg,5,CBHPM,0.021594490855932236,415.56512,3840.0,607.89703,3901.3972
101723269_K46389_F1B04-630_1_21.jpg,6,CBVPM,0.018787752836942673,220.1324,3840.467,522.0833,3949.7424
101723269_K46389_F1B04-630_1_21.jpg,5,CBHPM,0.017535118386149406,416.85315,3845.6677,558.0751,3950.415
101723269_K46389_F1B04-630_1_21.jpg,5,CBHPM,0.009742188267409801,268.14484,3680.0767,615.1722,3994.7954
101723269_K46389_F1B04-630_1_21.jpg,6,CBVPM,0.009736205451190472,257.82697,3840.0,437.94086,3900.8545
101723269_K46389_F1B04-630_1_21.jpg,5,CBHPM,0.008668794296681881,296.74805,3840.0,453.61218,3917.6243
101723269_K46389_F1B04-630_1_21.jpg,5,CBHPM,0.007242425810545683,360.76614,3840.0,698.8716,3924.5872
101723269_K46389_F1B04-630_1_21.jpg,5,CBHPM,0.003560725599527359,143.9758,3843.023,309.05612,3974.5217
101723269_K46389_F1B04-630_1_21.jpg,5,CBHPM,0.002922909101471305,439.94485,3848.0852,589.06616,3995.3738
101723269_K46389_F1B04-630_1_21.jpg,6,CBVPM,0.002740591298788786,61.012543,3840.9294,399.75754,3916.4521
101723269_K46389_F1B04-630_1_21.jpg,5,CBHPM,0.002656026044860482,262.30725,2996.5457,636.69104,3357.6294
101723269_K46389_F1B04-630_1_21.jpg,6,CBVPM,0.002561272820457816,314.71442,3840.0,511.32764,3905.0613
101723269_K46389_F1B04-630_1_21.jpg,6,CBVPM,0.0025013636332005262,4004.2988,1796.5637,4322.1377,2194.798
101723269_K46389_F1B04-630_1_21.jpg,5,CBHPM,0.0024015274830162525,347.54858,3840.0,631.56604,3986.775
101723269_K46389_F1B04-630_1_21.jpg,5,CBHPM,0.002400388941168785,1019.04706,2052.8943,1274.6013,2239.9836
101723269_K46389_F1B04-630_1_21.jpg,6,CBVPM,0.002374151488766074,398.22656,3840.0,608.6138,3876.6167
101723269_K46389_F1B04-630_1_21.jpg,6,CBVPM,0.002354435622692108,3926.5254,1923.848,4361.581,2157.3374
101723269_K46389_F1B04-630_1_21.jpg,5,CBHPM,0.0018966402858495712,21.610962,3659.5137,402.3653,3977.1028
101723269_K46389_F1B04-630_1_21.jpg,6,CBVPM,0.0015858608530834317,341.12433,3840.0,722.1336,4013.6624
101723269_K46389_F1B04-630_1_21.jpg,5,CBHPM,0.0015395479276776314,365.3169,3841.558,515.40686,3953.0032
101723269_K46389_F1B04-630_1_21.jpg,5,CBHPM,0.0013210771139711142,57.092102,4801.9717,411.57755,5115.584
101723269_K46389_F1B04-630_1_21.jpg,6,CBVPM,0.0011429132428020239,368.84787,3840.0,770.56885,3914.62
101724285_K46350_F1B04-628_1_21.jpg,5,CBHPM,0.621237576007843,618.537,3712.168,810.9708,3912.1929
101724285_K46350_F1B04-628_1_21.jpg,5,CBHPM,0.23023621737957,476.27655,3649.086,835.44794,3956.4019
101724285_K46350_F1B04-628_1_21.jpg,5,CBHPM,0.11000541597604752,589.9618,3840.0,744.948,3900.8875
101724285_K46350_F1B04-628_1_21.jpg,5,CBHPM,0.06412618607282639,496.9813,3840.0,826.4386,3924.613
101724285_K46350_F1B04-628_1_21.jpg,6,CBVPM,0.05987167730927467,609.1904,3721.3174,787.6887,3908.4548
101724285_K46350_F1B04-628_1_21.jpg,6,CBVPM,0.05213208869099617,533.5409,3840.0,883.72986,4016.726
101724285_K46350_F1B04-628_1_21.jpg,5,CBHPM,0.02243516594171524,609.3429,3844.8687,740.21204,3978.798
101724285_K46350_F1B04-628_1_21.jpg,6,CBVPM,0.021931596100330353,558.19885,3682.4749,821.3579,3952.4395
101724285_K46350_F1B04-628_1_21.jpg,6,CBVPM,0.015512900426983833,623.19104,3845.5974,752.4701,3978.5476
101724285_K46350_F1B04-628_1_21.jpg,5,CBHPM,0.011149795725941658,530.3371,3840.0,801.89105,4002.5776
101724285_K46350_F1B04-628_1_21.jpg,6,CBVPM,0.007152568083256483,631.274,3690.0173,912.92596,3922.1118
101724285_K46350_F1B04-628_1_21.jpg,6,CBVPM,0.006104981992393732,529.74915,3840.4355,893.85803,3926.6238
101724285_K46350_F1B04-628_1_21.jpg,6,CBVPM,0.005664896685630083,268.54926,3840.0,615.85504,3906.7197
101724285_K46350_F1B04-628_1_21.jpg,5,CBHPM,0.005166137591004372,538.17,3840.0,760.10297,3875.8552
101724285_K46350_F1B04-628_1_21.jpg,6,CBVPM,0.0051551703363657,3293.7678,2477.2422,3567.9468,2656.3733
101724285_K46350_F1B04-628_1_21.jpg,6,CBVPM,0.0047089289873838425,568.2522,3840.0,762.58594,3885.1516
101724285_K46350_F1B04-628_1_21.jpg,1,VHBNL,0.004073301330208778,610.7886,3709.146,800.59045,3881.3252
101724285_K46350_F1B04-628_1_21.jpg,6,CBVPM,0.004070340655744076,382.76758,3840.548,734.6625,3915.7034
101724285_K46350_F1B04-628_1_21.jpg,5,CBHPM,0.0035320192109793425,631.3374,3675.4219,932.24133,3926.4556
101724285_K46350_F1B04-628_1_21.jpg,5,CBHPM,0.0023223040625452995,2275.016,3090.96,2501.4932,3198.62
101724285_K46350_F1B04-628_1_21.jpg,5,CBHPM,0.0019972962327301502,177.3266,4661.3027,597.541,5050.904
101724285_K46350_F1B04-628_1_21.jpg,14,INSD,0.0014587575569748878,1948.3921,1439.1692,2240.0,2014.9917
101724285_K46350_F1B04-628_1_21.jpg,13,BSBM,0.001223804778419435,411.68994,3840.0234,807.09644,3968.747
101724285_K46350_F1B04-628_1_21.jpg,5,CBHPM,0.0011164485476911068,346.16577,3840.0,536.6614,3893.1284
101724285_K46350_F1B04-628_1_21.jpg,1,VHBNL,0.0010018317261710763,450.651,3840.301,651.6111,3900.9285
101725389_K46311_F1B04-626_1_21.jpg,5,CBHPM,0.16251444816589355,478.78857,3840.1748,801.0094,3925.2136
101725389_K46311_F1B04-626_1_21.jpg,6,CBVPM,0.05455385148525238,488.42395,3840.0,769.9009,3930.0874
101725389_K46311_F1B04-626_1_21.jpg,5,CBHPM,0.051501184701919556,540.6749,3840.0,746.0132,3895.3555
101725389_K46311_F1B04-626_1_21.jpg,6,CBVPM,0.034921202808618546,637.2374,3732.2334,827.7975,3923.0083
101725389_K46311_F1B04-626_1_21.jpg,5,CBHPM,0.028393594548106194,612.58704,3840.0,796.0803,3899.4314
101725389_K46311_F1B04-626_1_21.jpg,5,CBHPM,0.02733292058110237,493.29138,3840.0,666.0426,3903.3667
101725389_K46311_F1B04-626_1_21.jpg,5,CBHPM,0.025903353467583656,468.0651,3840.0,859.7799,4001.8716
101725389_K46311_F1B04-626_1_21.jpg,5,CBHPM,0.02194632962346077,480.24246,3628.0842,861.8115,4000.791
101725389_K46311_F1B04-626_1_21.jpg,5,CBHPM,0.020250188186764717,663.69055,3748.513,805.578,3899.4902
101725389_K46311_F1B04-626_1_21.jpg,6,CBVPM,0.01817951910197735,548.20447,3840.0,943.4894,3955.965
101725389_K46311_F1B04-626_1_21.jpg,6,CBVPM,0.015588425099849701,360.7509,3840.5798,699.33167,3915.789
101725389_K46311_F1B04-626_1_21.jpg,5,CBHPM,0.01531856320798397,561.56055,3840.2583,928.95605,3916.3872
101725389_K46311_F1B04-626_1_21.jpg,6,CBVPM,0.015188679099082947,487.76447,3637.1094,861.2503,4004.5674
101725389_K46311_F1B04-626_1_21.jpg,6,CBVPM,0.014978908933699131,464.2068,3840.0,841.0818,3997.5708
101725389_K46311_F1B04-626_1_21.jpg,6,CBVPM,0.013011667877435684,3898.7778,2420.6821,4160.0,2637.276
101725389_K46311_F1B04-626_1_21.jpg,6,CBVPM,0.007126252166926861,524.35596,3840.0,741.53955,3880.1602
101725389_K46311_F1B04-626_1_21.jpg,5,CBHPM,0.00544918654486537,325.96515,3840.8184,662.5603,3911.9866
101725389_K46311_F1B04-626_1_21.jpg,5,CBHPM,0.00531012425199151,635.54443,3840.0,785.3318,3985.6184
101725389_K46311_F1B04-626_1_21.jpg,6,CBVPM,0.0044888961128890514,2039.3226,0.8174896,2359.0889,96.30985
101725389_K46311_F1B04-626_1_21.jpg,1,VHBNL,0.0044443123042583466,508.20593,3840.0,726.2018,3884.7983
101725389_K46311_F1B04-626_1_21.jpg,5,CBHPM,0.0035852014552801847,530.2777,3840.0,755.20886,3866.3767
101725389_K46311_F1B04-626_1_21.jpg,3,SVHBNL,0.0035376690793782473,1920.0,1925.2803,2077.9224,2447.722
101725389_K46311_F1B04-626_1_21.jpg,3,SVHBNL,0.0033135563135147095,962.8157,2880.5825,1144.2727,3219.1118
101725389_K46311_F1B04-626_1_21.jpg,5,CBHPM,0.0020023419056087732,582.23694,3840.0,754.43225,3945.0793
101725389_K46311_F1B04-626_1_21.jpg,6,CBVPM,0.001569672953337431,697.9705,3752.8423,821.34186,3892.1748
101725389_K46311_F1B04-626_1_21.jpg,6,CBVPM,0.0015465609030798078,602.4326,3840.0,803.3391,3881.5076
101725389_K46311_F1B04-626_1_21.jpg,6,CBVPM,0.0015433508669957519,377.85303,3840.0,577.85114,3897.6768
101725389_K46311_F1B04-626_1_21.jpg,6,CBVPM,0.0012872533407062292,2094.5063,0.014205933,2279.9946,73.98309
101725389_K46311_F1B04-626_1_21.jpg,5,CBHPM,0.0011889446759596467,641.7787,3840.1514,863.70886,3876.4302
101725389_K46311_F1B04-626_1_21.jpg,5,CBHPM,0.0010770459193736315,960.0,4238.213,1093.6265,4584.375
101725389_K46311_F1B04-626_1_21.jpg,5,CBHPM,0.001074241241440177,2010.0939,0.56643677,2362.2087,98.113205
101725389_K46311_F1B04-626_1_21.jpg,6,CBVPM,0.0010308355558663607,960.4787,4224.8696,1072.5118,4554.162
101726404_K46268_F1B04-624_1_21.jpg,6,CBVPM,0.10235796868801117,725.8876,3797.2153,913.08215,3997.0435
101726404_K46268_F1B04-624_1_21.jpg,5,CBHPM,0.06663700938224792,706.97394,3840.0,934.679,4002.3267
101726404_K46268_F1B04-624_1_21.jpg,6,CBVPM,0.043732039630413055,625.7902,3750.6794,935.4108,4028.2861
101726404_K46268_F1B04-624_1_21.jpg,5,CBHPM,0.012144058011472225,609.01556,3738.376,938.52704,4039.6797
101726404_K46268_F1B04-624_1_21.jpg,6,CBVPM,0.01209184993058443,3313.368,2562.0964,3599.9897,2739.0173
101726404_K46268_F1B04-624_1_21.jpg,3,SVHBNL,0.007649778854101896,1923.0251,964.0095,2134.3372,1341.1475
101726404_K46268_F1B04-624_1_21.jpg,5,CBHPM,0.003625548677518964,592.44714,3841.4634,944.68616,3938.9778
101726404_K46268_F1B04-624_1_21.jpg,6,CBVPM,0.003502481384202838,3368.4395,2459.6323,3686.3872,2760.3682
101726404_K46268_F1B04-624_1_21.jpg,5,CBHPM,0.0034900831524282694,735.9549,3843.6816,861.23846,3983.152
101726404_K46268_F1B04-624_1_21.jpg,5,CBHPM,0.0021031007636338472,327.21246,3840.0,726.4057,3935.0679
101726404_K46268_F1B04-624_1_21.jpg,5,CBHPM,0.0018940784502774477,644.94507,2915.5945,978.1294,3200.0
101726404_K46268_F1B04-624_1_21.jpg,5,CBHPM,0.0018852369394153357,656.1699,3840.0,820.58057,3989.038
101727435_K46229_F1B04-622_1_21.jpg,6,CBVPM,0.1439630538225174,703.865,3804.78,888.03174,3981.8523
101727435_K46229_F1B04-622_1_21.jpg,6,CBVPM,0.0997922271490097,568.45984,3840.4624,922.63416,4021.6382
101727435_K46229_F1B04-622_1_21.jpg,5,CBHPM,0.0984640046954155,721.3993,3840.0,894.1459,3974.732
101727435_K46229_F1B04-622_1_21.jpg,5,CBHPM,0.017924854531884193,568.4169,3840.0835,890.4763,4013.6904
101727435_K46229_F1B04-622_1_21.jpg,6,CBVPM,0.017539720982313156,3853.9824,2440.518,4111.842,2626.4573
101727435_K46229_F1B04-622_1_21.jpg,5,CBHPM,0.005392916966229677,611.6008,3704.5742,895.2285,4006.2256
101727435_K46229_F1B04-622_1_21.jpg,6,CBVPM,0.0039046655874699354,4120.8584,2880.8613,4440.404,2951.0283
101727435_K46229_F1B04-622_1_21.jpg,5,CBHPM,0.003502419451251626,342.11813,4644.9404,790.3816,5009.7637
101727435_K46229_F1B04-622_1_21.jpg,6,CBVPM,0.002383061219006777,669.0631,3841.2253,988.66077,3984.4814
101727435_K46229_F1B04-622_1_21.jpg,5,CBHPM,0.002191435545682907,614.4564,2950.1328,947.84607,3200.0
101727435_K46229_F1B04-622_1_21.jpg,6,CBVPM,0.0017535181250423193,616.7781,3023.2307,919.0305,3198.6338
101727435_K46229_F1B04-622_1_21.jpg,5,CBHPM,0.0013667132006958127,629.96985,3841.1455,994.26794,3967.2556
101727435_K46229_F1B04-622_1_21.jpg,12,GWCNL,0.001104137278161943,339.74036,3670.917,907.97766,4160.0
101727435_K46229_F1B04-622_1_21.jpg,6,CBVPM,0.001088602701202035,3847.5945,1431.2014,4088.8037,1733.5732
101727435_K46229_F1B04-622_1_21.jpg,5,CBHPM,0.0010687047615647316,633.2914,3840.0,778.5537,3975.7583
101728497_K46190_F1B04-620_1_21.jpg,6,CBVPM,0.18288539350032806,680.41595,3604.044,1004.88104,3953.4028
101728497_K46190_F1B04-620_1_21.jpg,6,CBVPM,0.07606770098209381,817.3487,3704.6384,993.2028,3881.3154
101728497_K46190_F1B04-620_1_21.jpg,5,CBHPM,0.05981271713972092,820.0874,3846.4983,969.4114,3962.1445
101728497_K46190_F1B04-620_1_21.jpg,5,CBHPM,0.03149532154202461,474.72858,4583.2456,864.1528,4902.124
101728497_K46190_F1B04-620_1_21.jpg,6,CBVPM,0.022728418931365013,714.9026,3840.5166,1034.6442,3932.1355
101728497_K46190_F1B04-620_1_21.jpg,5,CBHPM,0.017267001792788506,711.7667,3841.0667,982.2372,3919.9507
101728497_K46190_F1B04-620_1_21.jpg,5,CBHPM,0.015944458544254303,841.3707,3706.5066,986.32825,3861.4583
101728497_K46190_F1B04-620_1_21.jpg,5,CBHPM,0.011670064181089401,653.2716,3572.292,1027.2897,3941.2188
101728497_K46190_F1B04-620_1_21.jpg,5,CBHPM,0.009789347648620605,566.18207,4649.806,799.69464,4873.879
101728497_K46190_F1B04-620_1_21.jpg,6,CBVPM,0.006859550252556801,776.7941,3686.403,934.59503,3898.491
101728497_K46190_F1B04-620_1_21.jpg,6,CBVPM,0.005112826824188232,3261.7783,2569.2808,3536.093,2756.6284
101728497_K46190_F1B04-620_1_21.jpg,5,CBHPM,0.002821933710947633,743.45605,3840.3677,1008.3115,3980.4265
101728497_K46190_F1B04-620_1_21.jpg,5,CBHPM,0.0023446588311344385,784.6996,3840.0,944.256,3903.3967
101728497_K46190_F1B04-620_1_21.jpg,5,CBHPM,0.0022671979386359453,3380.729,1994.8015,3779.728,2240.0
101728497_K46190_F1B04-620_1_21.jpg,6,CBVPM,0.002063854830339551,833.2401,3854.9854,961.9625,3967.1494
101728497_K46190_F1B04-620_1_21.jpg,6,CBVPM,0.001901365234516561,773.5653,3843.1816,994.8895,3979.8845
101728497_K46190_F1B04-620_1_21.jpg,5,CBHPM,0.0017008875729516149,851.26746,3850.6477,997.8589,4003.0835
101728497_K46190_F1B04-620_1_21.jpg,5,CBHPM,0.0013364505721256137,575.86755,4547.809,998.0502,4919.412
101728497_K46190_F1B04-620_1_21.jpg,5,CBHPM,0.0013191396137699485,428.64612,3585.9731,808.15356,3918.3765
101728497_K46190_F1B04-620_1_21.jpg,3,SVHBNL,0.0012176840100437403,1162.4216,2880.0623,1279.1646,3309.2664
101728497_K46190_F1B04-620_1_21.jpg,2,SVHBNM,0.0011117178946733475,1920.0,1.124054,1983.1158,290.02243
101728497_K46190_F1B04-620_1_21.jpg,5,CBHPM,0.0010100274812430143,965.3285,2897.3533,1234.0277,3200.0
101728497_K46190_F1B04-620_1_21.jpg,5,CBHPM,0.0010033738799393177,699.7538,3001.082,1052.4681,3200.0
101729537_K46149_F1B04-618_1_21.jpg,5,CBHPM,0.32588329911231995,905.4031,3650.9136,1088.7723,3832.2432
101729537_K46149_F1B04-618_1_21.jpg,5,CBHPM,0.20249433815479279,779.0746,3584.8374,1107.372,3876.2085
101729537_K46149_F1B04-618_1_21.jpg,6,CBVPM,0.19660602509975433,962.5993,3638.5254,1085.474,3829.9878
101729537_K46149_F1B04-618_1_21.jpg,6,CBVPM,0.11777372658252716,767.0956,3545.1812,1105.848,3907.3574
101729537_K46149_F1B04-618_1_21.jpg,6,CBVPM,0.11075251549482346,3842.791,2498.997,4104.6157,2676.5085
101729537_K46149_F1B04-618_1_21.jpg,13,BSBM,0.04735247418284416,960.0,3545.9543,1086.4124,3821.183
101729537_K46149_F1B04-618_1_21.jpg,6,CBVPM,0.032900530844926834,672.1586,4627.324,855.7043,4822.956
101729537_K46149_F1B04-618_1_21.jpg,5,CBHPM,0.01650908961892128,519.21045,4515.592,928.76465,4875.1504
101729537_K46149_F1B04-618_1_21.jpg,6,CBVPM,0.013895419426262379,569.2136,4554.3877,912.0193,4854.0605
101729537_K46149_F1B04-618_1_21.jpg,14,INSD,0.009094336070120335,1922.7197,964.1919,2058.5327,1270.8225
101729537_K46149_F1B04-618_1_21.jpg,5,CBHPM,0.008516084402799606,676.46234,4620.945,847.7453,4821.1514
101729537_K46149_F1B04-618_1_21.jpg,6,CBVPM,0.008017346262931824,960.0,3641.542,1013.50616,3834.5803
101729537_K46149_F1B04-618_1_21.jpg,3,SVHBNL,0.0064558666199445724,1923.8309,960.0,2080.1943,1434.4264
101729537_K46149_F1B04-618_1_21.jpg,5,CBHPM,0.005248086526989937,967.1415,3672.4412,1083.9803,3810.814
101729537_K46149_F1B04-618_1_21.jpg,5,CBHPM,0.004485130310058594,960.0,3481.81,1103.2736,3809.9424
101729537_K46149_F1B04-618_1_21.jpg,1,VHBNL,0.003097979351878166,960.0,3662.6719,1028.5536,3865.143
101729537_K46149_F1B04-618_1_21.jpg,5,CBHPM,0.0028023633640259504,960.0,3626.0454,1130.1154,3939.3032
101729537_K46149_F1B04-618_1_21.jpg,6,CBVPM,0.0025607245042920113,960.3931,3489.1304,1082.6304,3796.8184
101729537_K46149_F1B04-618_1_21.jpg,3,SVHBNL,0.0020371684804558754,1635.8588,59.2157,1826.944,437.4306
101729537_K46149_F1B04-618_1_21.jpg,5,CBHPM,0.0018117694417014718,1913.2332,1012.6019,2065.5034,1214.2521
101729537_K46149_F1B04-618_1_21.jpg,6,CBVPM,0.0013267960166558623,1643.3307,94.741486,1816.6517,298.7938
101729537_K46149_F1B04-618_1_21.jpg,5,CBHPM,0.0010860710171982646,960.0,3608.8506,1193.3235,3829.3809
101730583_K46109_F1B04-616_1_21.jpg,5,CBHPM,0.7257837653160095,601.9088,4458.7256,1009.8496,4828.7075
101730583_K46109_F1B04-616_1_21.jpg,5,CBHPM,0.4121395945549011,762.43604,4576.6143,983.27185,4801.4277
101730583_K46109_F1B04-616_1_21.jpg,6,CBVPM,0.26399463415145874,1000.579,3637.129,1170.4829,3816.2256
101730583_K46109_F1B04-616_1_21.jpg,6,CBVPM,0.09941606968641281,612.3553,4453.4233,995.7131,4872.55
101730583_K46109_F1B04-616_1_21.jpg,5,CBHPM,0.03956955671310425,1016.18494,3640.4407,1166.2034,3807.2612
101730583_K46109_F1B04-616_1_21.jpg,6,CBVPM,0.026061484590172768,941.6752,3575.9058,1194.192,3836.7607
101730583_K46109_F1B04-616_1_21.jpg,6,CBVPM,0.025834282860159874,3879.3638,2497.4526,4146.484,2678.2798
101730583_K46109_F1B04-616_1_21.jpg,6,CBVPM,0.015013747848570347,755.953,4574.214,956.8777,4790.067
101730583_K46109_F1B04-616_1_21.jpg,5,CBHPM,0.013548237271606922,742.1217,4570.8525,1101.353,4860.4004
101730583_K46109_F1B04-616_1_21.jpg,5,CBHPM,0.01288571022450924,600.51965,3503.6667,995.8041,3850.3633
101730583_K46109_F1B04-616_1_21.jpg,5,CBHPM,0.007552189752459526,690.13916,4406.957,1141.1008,4796.4316
101730583_K46109_F1B04-616_1_21.jpg,5,CBHPM,0.007234969176352024,882.3845,3520.2234,1208.7837,3886.4014
101730583_K46109_F1B04-616_1_21.jpg,6,CBVPM,0.006822235882282257,579.0032,3499.4526,998.63745,3856.8696
101730583_K46109_F1B04-616_1_21.jpg,15,DRPS,0.005803954321891069,2152.7053,1283.5197,2240.0,1745.4072
101730583_K46109_F1B04-616_1_21.jpg,6,CBVPM,0.002728143474087119,1118.888,2621.1396,1279.2922,2981.2993
101730583_K46109_F1B04-616_1_21.jpg,5,CBHPM,0.0015152443666011095,3611.7083,1070.8718,3935.1584,1280.0
101730583_K46109_F1B04-616_1_21.jpg,6,CBVPM,0.0014173919335007668,2592.5457,2883.1084,2934.3184,3134.5728
101731607_K46069_F1B04-614_1_21.jpg,6,CBVPM,0.1410900354385376,3905.8552,2449.7666,4152.533,2632.0017
101731607_K46069_F1B04-614_1_21.jpg,6,CBVPM,0.08472016453742981,1051.007,3597.7178,1236.956,3779.12
101731607_K46069_F1B04-614_1_21.jpg,6,CBVPM,0.04911502078175545,805.9138,4509.7114,1002.3584,4738.401
101731607_K46069_F1B04-614_1_21.jpg,6,CBVPM,0.04680560529232025,928.2573,3502.5962,1269.5237,3834.852
101731607_K46069_F1B04-614_1_21.jpg,6,CBVPM,0.026748407632112503,679.4332,4405.076,1028.8112,4800.64
101731607_K46069_F1B04-614_1_21.jpg,5,CBHPM,0.011310255154967308,665.29236,3459.7954,1046.8842,3797.733
101731607_K46069_F1B04-614_1_21.jpg,5,CBHPM,0.007759883068501949,809.2253,4510.754,1003.7453,4724.0674
101731607_K46069_F1B04-614_1_21.jpg,6,CBVPM,0.0075246053747832775,653.6339,3455.6812,1039.6619,3800.0618
101731607_K46069_F1B04-614_1_21.jpg,5,CBHPM,0.005992496851831675,664.00793,4411.293,1067.0953,4784.139
101731607_K46069_F1B04-614_1_21.jpg,5,CBHPM,0.005978385917842388,917.1187,3497.055,1280.0,3825.0745
101731607_K46069_F1B04-614_1_21.jpg,5,CBHPM,0.004656254779547453,1076.8285,3603.1338,1245.8142,3771.1138
101732642_K46030_F1B04-612_1_21.jpg,6,CBVPM,0.28660428524017334,1143.9995,3406.1833,1280.0,3741.584
101732642_K46030_F1B04-612_1_21.jpg,6,CBVPM,0.1037360355257988,1249.3073,3500.081,1424.53,3684.017
101732642_K46030_F1B04-612_1_21.jpg,6,CBVPM,0.09089817851781845,987.44006,4426.355,1217.813,4674.061
101732642_K46030_F1B04-612_1_21.jpg,6,CBVPM,0.08503928780555725,1137.6609,3418.1306,1443.5587,3740.3354
101732642_K46030_F1B04-612_1_21.jpg,5,CBHPM,0.04743087291717529,960.0,4354.832,1247.8289,4685.0615
101732642_K46030_F1B04-612_1_21.jpg,6,CBVPM,0.03273935988545418,3862.3633,2442.927,4160.0,2649.799
101732642_K46030_F1B04-612_1_21.jpg,5,CBHPM,0.027038486674427986,851.0776,3358.3806,1275.206,3709.6438
101732642_K46030_F1B04-612_1_21.jpg,6,CBVPM,0.0267585888504982,886.1333,4331.933,1259.3186,4723.9297
101732642_K46030_F1B04-612_1_21.jpg,5,CBHPM,0.014664371497929096,1258.4941,3509.3691,1421.8427,3671.3242
101732642_K46030_F1B04-612_1_21.jpg,5,CBHPM,0.01435221266001463,1014.3462,4439.373,1200.8281,4647.041
101732642_K46030_F1B04-612_1_21.jpg,5,CBHPM,0.013812839984893799,1148.1117,3409.5562,1454.5282,3718.2222
101732642_K46030_F1B04-612_1_21.jpg,5,CBHPM,0.010627654381096363,1148.3889,3378.073,1278.8118,3739.1626
101732642_K46030_F1B04-612_1_21.jpg,13,BSBM,0.00992200430482626,1158.2949,3390.382,1278.9912,3751.276
101732642_K46030_F1B04-612_1_21.jpg,2,SVHBNM,0.0017233684193342924,1920.0,2008.4314,2272.08,2238.618
101732642_K46030_F1B04-612_1_21.jpg,5,CBHPM,0.001713745528832078,730.2875,3350.806,1135.8828,3731.6462
101732642_K46030_F1B04-612_1_21.jpg,6,CBVPM,0.001106402138248086,1188.1754,3476.1726,1280.0,3685.7412
101732642_K46030_F1B04-612_1_21.jpg,5,CBHPM,0.001045148354023695,1164.8179,3434.0679,1280.0,3633.3616
101732642_K46030_F1B04-612_1_21.jpg,5,CBHPM,0.001030878396704793,4838.9795,1126.0525,5115.098,1433.1609
101733684_K45990_F1B04-610_1_21.jpg,6,CBVPM,0.1431923806667328,1113.6285,4369.283,1278.3507,4657.4844
101733684_K45990_F1B04-610_1_21.jpg,6,CBVPM,0.08325224369764328,3880.4888,2511.5542,4157.978,2705.6133
101733684_K45990_F1B04-610_1_21.jpg,6,CBVPM,0.07644025981426239,1031.7534,4365.878,1376.4924,4659.9873
101733684_K45990_F1B04-610_1_21.jpg,6,CBVPM,0.049345262348651886,1368.708,3501.9197,1529.5906,3680.4014
101733684_K45990_F1B04-610_1_21.jpg,6,CBVPM,0.043314315378665924,1246.1625,3428.7349,1567.0737,3708.6445
101733684_K45990_F1B04-610_1_21.jpg,5,CBHPM,0.03221258893609047,1027.0889,4319.7314,1275.4888,4685.669
101733684_K45990_F1B04-610_1_21.jpg,5,CBHPM,0.020788835361599922,1140.0334,4430.122,1280.0,4632.0146
101733684_K45990_F1B04-610_1_21.jpg,5,CBHPM,0.014955738559365273,1380.7654,3504.1228,1524.5521,3663.1445
101733684_K45990_F1B04-610_1_21.jpg,5,CBHPM,0.01264320407062769,1016.5492,3323.3423,1271.2489,3719.975
101733684_K45990_F1B04-610_1_21.jpg,6,CBVPM,0.009840313345193863,1053.0256,3406.9038,1278.1091,3732.4707
101733684_K45990_F1B04-610_1_21.jpg,5,CBHPM,0.0041593872010707855,1270.2302,3394.5847,1580.158,3733.6152
101733684_K45990_F1B04-610_1_21.jpg,3,SVHBNL,0.004037454258650541,2071.619,960.0,2240.0,1292.1915
101733684_K45990_F1B04-610_1_21.jpg,3,SVHBNL,0.002598945749923587,2290.695,663.0259,2465.9575,956.3197
101733684_K45990_F1B04-610_1_21.jpg,6,CBVPM,0.002132265828549862,1167.75,3390.544,1280.0,3750.7612
101733684_K45990_F1B04-610_1_21.jpg,6,CBVPM,0.0011528274044394493,972.43024,4325.503,1286.3943,4726.09
101733684_K45990_F1B04-610_1_21.jpg,6,CBVPM,0.0011449040612205863,1024.4513,3355.295,1399.6267,3673.5554
101734719_K45950_F1B04-608_1_21.jpg,6,CBVPM,0.14516563713550568,1323.9033,3420.0046,1623.4883,3693.9458
101734719_K45950_F1B04-608_1_21.jpg,6,CBVPM,0.07799363881349564,3864.3555,2474.8706,4156.724,2671.9255
101734719_K45950_F1B04-608_1_21.jpg,6,CBVPM,0.07033614069223404,1101.6775,4341.016,1277.3337,4668.6846
101734719_K45950_F1B04-608_1_21.jpg,6,CBVPM,0.0655483826994896,1131.7328,4364.058,1418.0963,4646.3325
101734719_K45950_F1B04-608_1_21.jpg,5,CBHPM,0.051122087985277176,1064.9476,4275.19,1479.325,4640.2373
101734719_K45950_F1B04-608_1_21.jpg,6,CBVPM,0.04689985513687134,1411.829,3484.4395,1602.5751,3678.0786
101734719_K45950_F1B04-608_1_21.jpg,5,CBHPM,0.019888274371623993,1438.2717,3492.2688,1593.1624,3653.1497
101734719_K45950_F1B04-608_1_21.jpg,5,CBHPM,0.01591784507036209,1194.413,4389.541,1419.6548,4638.534
101734719_K45950_F1B04-608_1_21.jpg,6,CBVPM,0.009724443778395653,1199.2976,4401.1377,1336.1382,4614.5884
101734719_K45950_F1B04-608_1_21.jpg,6,CBVPM,0.007862205617129803,1114.8989,3370.31,1278.8809,3729.4277
101734719_K45950_F1B04-608_1_21.jpg,5,CBHPM,0.004496197681874037,1101.1208,3353.6343,1278.8367,3731.603
101734719_K45950_F1B04-608_1_21.jpg,5,CBHPM,0.004319968167692423,1351.3357,3366.0967,1619.2822,3667.217
101734719_K45950_F1B04-608_1_21.jpg,5,CBHPM,0.004308205097913742,1034.4742,3314.332,1449.272,3682.3784
101734719_K45950_F1B04-608_1_21.jpg,5,CBHPM,0.0026486183051019907,1371.9988,3422.3103,1525.0061,3573.0376
101734719_K45950_F1B04-608_1_21.jpg,5,CBHPM,0.0018957541324198246,1202.1707,3309.229,1596.4812,3716.7654
101734719_K45950_F1B04-608_1_21.jpg,5,CBHPM,0.0016746241599321365,1098.1478,4295.9497,1280.0,4676.721
101734719_K45950_F1B04-608_1_21.jpg,13,BSBM,0.001603772514499724,1135.06,4287.659,1278.3367,4656.34
101734719_K45950_F1B04-608_1_21.jpg,6,CBVPM,0.0014194091781973839,993.56946,3299.166,1429.0175,3698.6138
101734719_K45950_F1B04-608_1_21.jpg,5,CBHPM,0.0013442360796034336,1141.161,4213.085,1279.525,4577.035
101734719_K45950_F1B04-608_1_21.jpg,5,CBHPM,0.0012679718201979995,1176.3186,4400.543,1541.7483,4690.9824
101734719_K45950_F1B04-608_1_21.jpg,5,CBHPM,0.0010488524567335844,1184.3164,3384.6724,1279.4038,3767.7954
101734719_K45950_F1B04-608_1_21.jpg,6,CBVPM,0.0010080122156068683,1164.4673,4389.67,1542.6643,4712.194
101735750_K45910_F1B04-606_1_21.jpg,6,CBVPM,0.24116705358028412,1063.0261,4289.4385,1278.3474,4639.5776
101735750_K45910_F1B04-606_1_21.jpg,6,CBVPM,0.19115082919597626,1288.8513,3369.783,1598.538,3677.0498
101735750_K45910_F1B04-606_1_21.jpg,6,CBVPM,0.10824251919984818,1149.5226,4337.5605,1276.505,4604.3755
101735750_K45910_F1B04-606_1_21.jpg,6,CBVPM,0.09678538143634796,1392.3145,3449.0547,1571.0261,3650.5444
101735750_K45910_F1B04-606_1_21.jpg,6,CBVPM,0.04664456844329834,3851.6396,2505.95,4142.289,2699.091
101735750_K45910_F1B04-606_1_21.jpg,5,CBHPM,0.0346575528383255,1298.2244,3367.0078,1594.0695,3660.422
101735750_K45910_F1B04-606_1_21.jpg,5,CBHPM,0.02934635803103447,1024.2439,4282.728,1407.752,4627.7603
101735750_K45910_F1B04-606_1_21.jpg,5,CBHPM,0.025190316140651703,1409.7883,3459.0393,1566.8629,3628.3342
101735750_K45910_F1B04-606_1_21.jpg,5,CBHPM,0.007993819192051888,994.454,3281.7686,1279.1415,3711.481
101735750_K45910_F1B04-606_1_21.jpg,6,CBVPM,0.005293592810630798,911.3383,3233.4194,1280.0,3618.2666
101735750_K45910_F1B04-606_1_21.jpg,5,CBHPM,0.004147496074438095,1158.804,4384.4634,1342.4648,4574.7446
101735750_K45910_F1B04-606_1_21.jpg,5,CBHPM,0.0033589783124625683,1130.5217,3300.6904,1557.8639,3688.0535
101735750_K45910_F1B04-606_1_21.jpg,5,CBHPM,0.0030797531362622976,1220.6675,4391.416,1280.0,4576.103
101735750_K45910_F1B04-606_1_21.jpg,6,CBVPM,0.002360701560974121,1184.6091,4385.1665,1280.0,4572.051
101735750_K45910_F1B04-606_1_21.jpg,2,SVHBNM,0.0023272873368114233,960.515,4413.7734,1043.1431,4824.4326
101735750_K45910_F1B04-606_1_21.jpg,5,CBHPM,0.001574600231833756,1135.794,3360.7756,1276.894,3719.582
101735750_K45910_F1B04-606_1_21.jpg,6,CBVPM,0.0014661093009635806,1123.4703,3280.684,1280.0,3675.7424
101735750_K45910_F1B04-606_1_21.jpg,5,CBHPM,0.0013177333166822791,859.95135,4222.746,1280.0,4662.49
101735750_K45910_F1B04-606_1_21.jpg,1,VHBNL,0.0012434349628165364,1184.8608,4378.6816,1280.0,4573.2603
101735750_K45910_F1B04-606_1_21.jpg,5,CBHPM,0.0012366770533844829,1085.6821,4277.0225,1273.7964,4534.1953
101735750_K45910_F1B04-606_1_21.jpg,14,INSD,0.0011160684516653419,1066.4719,1795.7092,1671.1895,2240.0
101735750_K45910_F1B04-606_1_21.jpg,6,CBVPM,0.0010710239876061678,834.3713,4207.4805,1280.0,4650.9756
101735750_K45910_F1B04-606_1_21.jpg,13,BSBM,0.0010317345149815083,1088.7991,4269.534,1276.5305,4612.5464
101735750_K45910_F1B04-606_1_21.jpg,6,CBVPM,0.00102363177575171,4005.061,2462.773,4157.0957,2711.761
101736780_K45871_F1B04-604_1_21.jpg,5,CBHPM,0.30871933698654175,1256.1804,3366.2974,1583.6818,3680.4697
101736780_K45871_F1B04-604_1_21.jpg,6,CBVPM,0.22978322207927704,1101.186,4374.291,1279.7881,4625.757
101736780_K45871_F1B04-604_1_21.jpg,6,CBVPM,0.22133950889110565,1279.533,3358.0085,1595.8127,3697.3364
101736780_K45871_F1B04-604_1_21.jpg,5,CBHPM,0.1608453392982483,1385.3027,3461.276,1541.1011,3627.7986
101736780_K45871_F1B04-604_1_21.jpg,6,CBVPM,0.05006730929017067,1025.314,4301.4126,1277.6704,4657.2803
101736780_K45871_F1B04-604_1_21.jpg,6,CBVPM,0.03364189341664314,3888.1626,2390.9092,4157.8633,2571.124
101736780_K45871_F1B04-604_1_21.jpg,11,GWCNM,0.03038318268954754,1286.3152,3346.6855,1591.2285,3686.622
101736780_K45871_F1B04-604_1_21.jpg,5,CBHPM,0.024040794000029564,1135.6951,4400.142,1280.0,4600.568
101736780_K45871_F1B04-604_1_21.jpg,5,CBHPM,0.01390460878610611,1019.3615,4298.1265,1280.0,4658.8755
101736780_K45871_F1B04-604_1_21.jpg,13,BSBM,0.006510056089609861,1051.0126,4291.075,1278.4071,4635.837
101736780_K45871_F1B04-604_1_21.jpg,6,CBVPM,0.0022164033725857735,1370.8967,3449.9338,1529.3553,3630.2278
101736780_K45871_F1B04-604_1_21.jpg,12,GWCNL,0.0018085953779518604,960.0,3285.298,1607.2686,3889.3887
101736780_K45871_F1B04-604_1_21.jpg,5,CBHPM,0.0011189427459612489,4904.6396,0.0,5063.981,162.8538
101737815_K45831_F1B04-602_1_21.jpg,5,CBHPM,0.41357892751693726,1095.9622,4293.365,1463.1182,4632.419
101737815_K45831_F1B04-602_1_21.jpg,6,CBVPM,0.15716035664081573,3926.6055,2454.6716,4159.2944,2645.2183
101737815_K45831_F1B04-602_1_21.jpg,5,CBHPM,0.10276086628437042,1228.8848,4385.503,1424.7207,4595.428
101737815_K45831_F1B04-602_1_21.jpg,6,CBVPM,0.07574540376663208,1350.0289,3413.7527,1657.5833,3700.8396
101737815_K45831_F1B04-602_1_21.jpg,5,CBHPM,0.05413135141134262,1466.9579,3495.2822,1617.2228,3652.4888
101737815_K45831_F1B04-602_1_21.jpg,6,CBVPM,0.053173214197158813,1452.2999,3488.3462,1632.0741,3670.8652
101737815_K45831_F1B04-602_1_21.jpg,6,CBVPM,0.05253838002681732,1128.1907,4320.8735,1435.1914,4635.0103
101737815_K45831_F1B04-602_1_21.jpg,6,CBVPM,0.027256658300757408,1123.5095,4277.475,1280.0,4693.559
101737815_K45831_F1B04-602_1_21.jpg,5,CBHPM,0.006659678649157286,1204.9686,4328.1934,1542.0759,4602.8594
101737815_K45831_F1B04-602_1_21.jpg,5,CBHPM,0.0038934224285185337,1338.1633,3399.0586,1684.3755,3697.7427
101737815_K45831_F1B04-602_1_21.jpg,4,SVHTNL,0.0035277085844427347,1248.6191,3406.7732,1278.5522,3623.8394
101737815_K45831_F1B04-602_1_21.jpg,5,CBHPM,0.002493886509910226,1120.7625,4244.582,1280.0,4684.4585
101737815_K45831_F1B04-602_1_21.jpg,6,CBVPM,0.0017897093202918768,1022.91504,4774.13,1199.5168,4891.2344
101737815_K45831_F1B04-602_1_21.jpg,6,CBVPM,0.001651436323300004,1210.9902,4382.124,1402.4126,4586.716
101737815_K45831_F1B04-602_1_21.jpg,5,CBHPM,0.0014423864195123315,1443.9746,3442.346,1653.9983,3672.9543
101737815_K45831_F1B04-602_1_21.jpg,11,GWCNM,0.001418803702108562,1101.354,4275.2583,1444.4128,4608.0796
101737815_K45831_F1B04-602_1_21.jpg,5,CBHPM,0.0013093749294057488,1113.6626,3324.8284,1280.0,3751.5012
101737815_K45831_F1B04-602_1_21.jpg,1,VHBNL,0.0012676307233050466,4067.1157,2421.4712,4158.472,2676.9478
101737815_K45831_F1B04-602_1_21.jpg,6,CBVPM,0.0012116116704419255,4043.8662,2442.0383,4156.0615,2660.9746
101737815_K45831_F1B04-602_1_21.jpg,5,CBHPM,0.0011520803673192859,4311.024,141.51877,4491.719,361.0878
101737815_K45831_F1B04-602_1_21.jpg,5,CBHPM,0.0011123715667054057,3883.439,1936.958,4314.603,2240.0
101737815_K45831_F1B04-602_1_21.jpg,5,CBHPM,0.0010083814850077033,1071.1438,3352.996,1423.1733,3693.0166
190541484_K47307_F1B04-680_1_21.jpg,6,CBVPM,0.12550809979438782,570.7914,3575.647,908.3109,3945.5547
190541484_K47307_F1B04-680_1_21.jpg,6,CBVPM,0.1150357574224472,701.84436,3693.5288,880.3878,3876.091
190541484_K47307_F1B04-680_1_21.jpg,5,CBHPM,0.057632602751255035,324.85736,4643.325,742.4649,4970.333
190541484_K47307_F1B04-680_1_21.jpg,6,CBVPM,0.03172450140118599,417.4702,4713.406,650.968,4925.4604
190541484_K47307_F1B04-680_1_21.jpg,5,CBHPM,0.027777276933193207,615.4136,3840.3206,918.16455,3921.809
190541484_K47307_F1B04-680_1_21.jpg,5,CBHPM,0.026777544990181923,725.7512,3694.7197,866.9203,3861.7227
190541484_K47307_F1B04-680_1_21.jpg,6,CBVPM,0.016515115275979042,636.1131,3840.7917,938.32697,3950.1296
190541484_K47307_F1B04-680_1_21.jpg,5,CBHPM,0.014035673812031746,709.53674,3840.0,861.7323,3963.4602
190541484_K47307_F1B04-680_1_21.jpg,5,CBHPM,0.010782807134091854,633.329,3840.0,853.6356,3893.0232
190541484_K47307_F1B04-680_1_21.jpg,5,CBHPM,0.00560498982667923,430.10565,4720.385,612.2763,4927.047
190541484_K47307_F1B04-680_1_21.jpg,5,CBHPM,0.0042056310921907425,300.83826,3559.7915,687.98535,3918.0552
190541484_K47307_F1B04-680_1_21.jpg,5,CBHPM,0.0031987486872822046,2261.782,3081.6724,2553.5127,3199.7964
190541484_K47307_F1B04-680_1_21.jpg,5,CBHPM,0.0027485694736242294,560.1112,3545.0837,936.6139,3935.4253
190541484_K47307_F1B04-680_1_21.jpg,6,CBVPM,0.0023411368019878864,3302.9966,2470.3438,3572.1787,2638.2332
190541484_K47307_F1B04-680_1_21.jpg,5,CBHPM,0.001263376441784203,1129.9645,3845.222,1278.0446,4060.8745
190541484_K47307_F1B04-680_1_21.jpg,5,CBHPM,0.001182776060886681,492.19342,4730.619,653.4993,4918.6416
190541484_K47307_F1B04-680_1_21.jpg,5,CBHPM,0.0010602064430713654,470.6892,3841.547,850.7228,3912.8398
190542729_K47267_F1B04-678_1_21.jpg,6,CBVPM,0.18235598504543304,626.77673,3636.87,959.95935,3969.748
190542729_K47267_F1B04-678_1_21.jpg,6,CBVPM,0.10895171016454697,750.1315,3740.144,940.224,3924.729
190542729_K47267_F1B04-678_1_21.jpg,6,CBVPM,0.0946979746222496,3862.8772,2441.0762,4135.6597,2619.1572
190542729_K47267_F1B04-678_1_21.jpg,6,CBVPM,0.09010456502437592,409.35254,4654.242,767.8191,4976.1836
190542729_K47267_F1B04-678_1_21.jpg,5,CBHPM,0.08583962172269821,644.2956,3840.0,957.2365,3943.6003
190542729_K47267_F1B04-678_1_21.jpg,6,CBVPM,0.06921589374542236,494.96674,4726.5176,706.0722,4937.6523
190542729_K47267_F1B04-678_1_21.jpg,5,CBHPM,0.04601269215345383,334.5518,4613.7173,771.9426,4996.832
190542729_K47267_F1B04-678_1_21.jpg,6,CBVPM,0.04082203283905983,637.146,3840.0,958.8557,3954.08
190542729_K47267_F1B04-678_1_21.jpg,6,CBVPM,0.03268320485949516,555.69104,3840.496,850.5399,3945.1052
190542729_K47267_F1B04-678_1_21.jpg,6,CBVPM,0.022230997681617737,763.0512,3840.2825,897.9642,3913.6997
190542729_K47267_F1B04-678_1_21.jpg,5,CBHPM,0.021381275728344917,763.5802,3841.917,912.50525,3915.9614
190542729_K47267_F1B04-678_1_21.jpg,5,CBHPM,0.019968440756201744,503.33026,4727.4175,684.7288,4935.6245
190542729_K47267_F1B04-678_1_21.jpg,5,CBHPM,0.017246924340724945,360.82715,3619.0864,755.4376,3930.1306
190542729_K47267_F1B04-678_1_21.jpg,5,CBHPM,0.010137835517525673,775.63684,3744.8325,934.71216,3906.2632
190542729_K47267_F1B04-678_1_21.jpg,5,CBHPM,0.008922205306589603,727.71466,3840.7708,864.78864,3960.3765
190542729_K47267_F1B04-678_1_21.jpg,5,CBHPM,0.00344895594753325,632.45184,3632.5452,982.3183,3977.1506
190542729_K47267_F1B04-678_1_21.jpg,5,CBHPM,0.0032779935281723738,651.5544,3840.1985,842.0424,3907.494
190542729_K47267_F1B04-678_1_21.jpg,5,CBHPM,0.0031929747201502323,645.7721,3842.1567,810.64734,3983.9546
190542729_K47267_F1B04-678_1_21.jpg,1,VHBNL,0.0026027210988104343,634.1035,3840.0,841.9144,3887.5112
190542729_K47267_F1B04-678_1_21.jpg,6,CBVPM,0.0023044925183057785,396.64142,2976.4158,745.29706,3200.0
190542729_K47267_F1B04-678_1_21.jpg,6,CBVPM,0.0020463159307837486,449.78632,3840.2542,811.87054,3902.4355
190542729_K47267_F1B04-678_1_21.jpg,6,CBVPM,0.001842391793616116,340.94943,3614.71,745.22217,3935.7998
190542729_K47267_F1B04-678_1_21.jpg,1,VHBNL,0.0012344062561169267,600.5509,3840.0,775.2201,3902.0806
190542729_K47267_F1B04-678_1_21.jpg,5,CBHPM,0.0011689127422869205,586.25275,3840.0,769.559,3900.8228
190543923_K47227_F1B04-676_1_21.jpg,5,CBHPM,0.09989061206579208,362.8263,4660.69,800.4365,4994.877
190543923_K47227_F1B04-676_1_21.jpg,6,CBVPM,0.09646779298782349,627.19055,3840.0,910.296,3946.3354
190543923_K47227_F1B04-676_1_21.jpg,5,CBHPM,0.070292629301548,634.57214,3840.0,906.28796,3940.024
190543923_K47227_F1B04-676_1_21.jpg,6,CBVPM,0.0659051463007927,585.5045,3648.2056,921.8463,3977.3843
190543923_K47227_F1B04-676_1_21.jpg,5,CBHPM,0.049143221229314804,714.8755,3841.8042,863.511,3914.1038
190543923_K47227_F1B04-676_1_21.jpg,6,CBVPM,0.048989128321409225,704.38135,3737.3315,888.4408,3924.2659
190543923_K47227_F1B04-676_1_21.jpg,6,CBVPM,0.028570236638188362,3249.3337,2490.9,3511.8013,2675.5168
190543923_K47227_F1B04-676_1_21.jpg,5,CBHPM,0.017040731385350227,729.30853,3739.9346,878.8162,3910.5552
190543923_K47227_F1B04-676_1_21.jpg,6,CBVPM,0.012461848556995392,424.0782,4713.63,725.07184,4958.1777
190543923_K47227_F1B04-676_1_21.jpg,6,CBVPM,0.012423224747180939,715.00183,3840.3645,860.0508,3911.285
190543923_K47227_F1B04-676_1_21.jpg,6,CBVPM,0.011901870369911194,497.51526,3840.0,871.176,3916.9507
190543923_K47227_F1B04-676_1_21.jpg,6,CBVPM,0.008518742397427559,369.07825,3840.0,695.3219,3903.744
190543923_K47227_F1B04-676_1_21.jpg,5,CBHPM,0.006351500283926725,634.01624,3840.0369,823.81433,3903.162
190543923_K47227_F1B04-676_1_21.jpg,5,CBHPM,0.003926411736756563,426.97333,4730.3193,695.6287,4945.0386
190543923_K47227_F1B04-676_1_21.jpg,5,CBHPM,0.0037485123611986637,620.2534,2852.0845,960.0796,3200.0
190543923_K47227_F1B04-676_1_21.jpg,5,CBHPM,0.0031823657918721437,405.53772,3840.0,613.4435,3890.644
190543923_K47227_F1B04-676_1_21.jpg,3,SVHBNL,0.00303410436026752,3482.171,1194.0669,3784.9624,1280.0
190543923_K47227_F1B04-676_1_21.jpg,5,CBHPM,0.0021318295039236546,583.2279,3652.0793,930.1301,3973.3499
190543923_K47227_F1B04-676_1_21.jpg,6,CBVPM,0.002126415492966771,672.1866,3840.0,871.2874,3870.4016
190543923_K47227_F1B04-676_1_21.jpg,6,CBVPM,0.001573312096297741,619.3169,3840.1997,810.7344,3898.173
190545225_K47188_F1B04-674_1_21.jpg,6,CBVPM,0.16702315211296082,723.0134,3704.8135,1023.11646,4022.9297
190545225_K47188_F1B04-674_1_21.jpg,6,CBVPM,0.131399005651474,698.7395,3840.0,1064.2344,4015.5488
190545225_K47188_F1B04-674_1_21.jpg,6,CBVPM,0.1123637929558754,834.73254,3793.5242,1013.9979,3970.532
190545225_K47188_F1B04-674_1_21.jpg,5,CBHPM,0.06330088526010513,852.6979,3841.0107,1021.63574,3956.1155
190545225_K47188_F1B04-674_1_21.jpg,6,CBVPM,0.05503077432513237,601.00525,4749.0,811.45935,4947.76
190545225_K47188_F1B04-674_1_21.jpg,6,CBVPM,0.044656697660684586,527.8386,4684.051,867.8817,4989.1064
190545225_K47188_F1B04-674_1_21.jpg,5,CBHPM,0.04054288938641548,491.85175,4657.3843,914.8837,4995.349
190545225_K47188_F1B04-674_1_21.jpg,5,CBHPM,0.016289306804537773,684.55725,3840.0,1041.2168,4045.7834
190545225_K47188_F1B04-674_1_21.jpg,5,CBHPM,0.014568421058356762,448.27017,3840.9673,829.067,3918.697
190545225_K47188_F1B04-674_1_21.jpg,5,CBHPM,0.008071751333773136,725.7284,3684.624,1021.6415,4029.8765
190545225_K47188_F1B04-674_1_21.jpg,5,CBHPM,0.00519271707162261,615.63544,4751.2505,796.90985,4944.8213
190545225_K47188_F1B04-674_1_21.jpg,6,CBVPM,0.004899203777313232,3840.0,2530.3281,4073.3794,2717.3735
190545225_K47188_F1B04-674_1_21.jpg,6,CBVPM,0.0037694904021918774,729.7367,3842.2114,865.3147,3970.268
190545225_K47188_F1B04-674_1_21.jpg,5,CBHPM,0.0031201376114040613,960.0,3713.641,1057.8905,3969.056
190545225_K47188_F1B04-674_1_21.jpg,5,CBHPM,0.0030970650259405375,729.5481,3843.8188,854.35596,3969.2483
190545225_K47188_F1B04-674_1_21.jpg,4,SVHTNL,0.0029652609955519438,822.7539,3841.0706,988.6714,3969.4058
190545225_K47188_F1B04-674_1_21.jpg,6,CBVPM,0.002602593507617712,961.3026,3659.3794,1016.19714,3993.7158
190545225_K47188_F1B04-674_1_21.jpg,5,CBHPM,0.0017625195905566216,448.6221,3841.2532,833.14307,4005.0889
190545225_K47188_F1B04-674_1_21.jpg,5,CBHPM,0.0017013346077874303,795.2152,3840.5447,1096.7352,3983.721
190545225_K47188_F1B04-674_1_21.jpg,2,SVHBNM,0.0015916441334411502,1920.8013,2056.39,2005.4927,2510.161
190545225_K47188_F1B04-674_1_21.jpg,6,CBVPM,0.0015595158329233527,960.0087,3687.1973,1065.8948,3985.836
190545225_K47188_F1B04-674_1_21.jpg,5,CBHPM,0.0015229551354423165,4067.359,2060.477,4474.6714,2240.0
190545225_K47188_F1B04-674_1_21.jpg,5,CBHPM,0.0014683469198644161,960.55566,3781.7625,1003.1508,3969.1658
190545225_K47188_F1B04-674_1_21.jpg,6,CBVPM,0.0013760580914095044,1797.9282,2880.875,2085.5303,2947.9758
190545225_K47188_F1B04-674_1_21.jpg,5,CBHPM,0.0013499259948730469,465.23328,3676.8535,846.5437,3990.7476
190545225_K47188_F1B04-674_1_21.jpg,3,SVHBNL,0.0012423914158716798,1166.4636,1047.2224,1278.8772,1501.8037
190545225_K47188_F1B04-674_1_21.jpg,5,CBHPM,0.0012184109073132277,1160.1047,2699.3984,1280.0,3111.132
190545225_K47188_F1B04-674_1_21.jpg,2,SVHBNM,0.0011792087461799383,1920.0,2132.4412,2194.4695,2240.0
190545225_K47188_F1B04-674_1_21.jpg,5,CBHPM,0.001123799942433834,492.12714,3840.0,705.9184,3895.2354
190545225_K47188_F1B04-674_1_21.jpg,5,CBHPM,0.0011225384660065174,960.0,3658.6882,1120.9536,4001.779
190546438_K47146_F1B04-672_1_21.jpg,5,CBHPM,0.09144158661365509,591.16394,3591.7034,913.0558,3954.7798
190546438_K47146_F1B04-672_1_21.jpg,6,CBVPM,0.06445124000310898,591.73566,3614.5825,896.4582,3976.2656
190546438_K47146_F1B04-672_1_21.jpg,6,CBVPM,0.0218580923974514,723.01514,3714.4277,905.2278,3906.7285
190546438_K47146_F1B04-672_1_21.jpg,13,BSBM,0.021204931661486626,555.4512,3840.0,884.584,4013.065
190546438_K47146_F1B04-672_1_21.jpg,5,CBHPM,0.01932716555893421,737.94336,3722.1353,888.28125,3889.0483
190546438_K47146_F1B04-672_1_21.jpg,6,CBVPM,0.019195115193724632,3288.206,2512.0571,3548.5703,2691.286
190546438_K47146_F1B04-672_1_21.jpg,5,CBHPM,0.016521885991096497,288.9458,4608.832,730.31775,5009.6064
190546438_K47146_F1B04-672_1_21.jpg,5,CBHPM,0.014918019063770771,643.78186,3840.0,858.5597,3891.3628
190546438_K47146_F1B04-672_1_21.jpg,5,CBHPM,0.011553552001714706,322.06152,3593.4841,712.31946,3943.1748
190546438_K47146_F1B04-672_1_21.jpg,5,CBHPM,0.011431807652115822,563.7349,3840.2336,923.5528,3928.6748
190546438_K47146_F1B04-672_1_21.jpg,6,CBVPM,0.006957368925213814,452.9675,4719.448,669.5947,4935.201
190546438_K47146_F1B04-672_1_21.jpg,6,CBVPM,0.006079480983316898,301.9596,4616.986,742.6111,5028.42
190546438_K47146_F1B04-672_1_21.jpg,5,CBHPM,0.005743851885199547,406.19165,3840.4202,783.2759,3916.03
190546438_K47146_F1B04-672_1_21.jpg,5,CBHPM,0.005738712847232819,423.7514,4693.753,707.01263,4965.1045
190546438_K47146_F1B04-672_1_21.jpg,2,SVHBNM,0.004024025984108448,1205.8826,2583.2856,1280.0,2991.647
190546438_K47146_F1B04-672_1_21.jpg,6,CBVPM,0.00300574884749949,323.9554,3840.0,714.3915,3902.566
190546438_K47146_F1B04-672_1_21.jpg,6,CBVPM,0.0014843365643173456,642.5442,3841.2764,1023.0603,4016.9468
190546438_K47146_F1B04-672_1_21.jpg,5,CBHPM,0.001427561859600246,694.37634,3844.6467,853.8307,3973.24
190546438_K47146_F1B04-672_1_21.jpg,3,SVHBNL,0.0013040383346378803,567.5907,3840.0,888.6708,4106.164
190546438_K47146_F1B04-672_1_21.jpg,5,CBHPM,0.0012390569318085909,445.36716,4732.912,618.2722,4952.0977
190546438_K47146_F1B04-672_1_21.jpg,6,CBVPM,0.001176179270260036,658.8076,3840.0,875.2456,3878.3804
190546438_K47146_F1B04-672_1_21.jpg,6,CBVPM,0.0011580642312765121,443.7951,3840.1694,822.6479,3938.5469
190547660_K47106_F1B04-670_1_21.jpg,5,CBHPM,0.18691982328891754,633.6188,3840.0852,931.7379,3955.9993
190547660_K47106_F1B04-670_1_21.jpg,5,CBHPM,0.14483200013637543,771.3809,3840.0,955.0351,3899.0425
190547660_K47106_F1B04-670_1_21.jpg,6,CBVPM,0.1406547874212265,645.2965,3646.173,959.20447,3998.358
190547660_K47106_F1B04-670_1_21.jpg,6,CBVPM,0.09879559278488159,758.6107,3745.0063,945.5333,3945.2197
190547660_K47106_F1B04-670_1_21.jpg,6,CBVPM,0.08023626357316971,737.7147,3840.0,970.22424,3920.102
190547660_K47106_F1B04-670_1_21.jpg,6,CBVPM,0.07843725383281708,3842.3423,2530.3242,4088.4941,2718.038
190547660_K47106_F1B04-670_1_21.jpg,5,CBHPM,0.053097207099199295,783.1704,3755.712,940.69385,3928.0276
190547660_K47106_F1B04-670_1_21.jpg,6,CBVPM,0.03348144516348839,649.79956,3840.0,935.5405,3952.6592
190547660_K47106_F1B04-670_1_21.jpg,6,CBVPM,0.031238701194524765,507.64038,3840.2593,847.1832,3914.5552
190547660_K47106_F1B04-670_1_21.jpg,5,CBHPM,0.03121766820549965,659.823,3644.204,981.5447,3980.6445
190547660_K47106_F1B04-670_1_21.jpg,5,CBHPM,0.027536386623978615,520.1486,3840.3364,870.3649,3915.7063
190547660_K47106_F1B04-670_1_21.jpg,5,CBHPM,0.018400445580482483,392.82086,4643.46,834.89496,4999.403
190547660_K47106_F1B04-670_1_21.jpg,5,CBHPM,0.01116595696657896,696.72534,3840.0,972.10034,4012.5088
190547660_K47106_F1B04-670_1_21.jpg,6,CBVPM,0.009195913560688496,412.12717,4663.742,805.5281,5001.4746
190547660_K47106_F1B04-670_1_21.jpg,6,CBVPM,0.006569294724613428,1102.0582,3840.0723,1399.4866,3949.4763
190547660_K47106_F1B04-670_1_21.jpg,6,CBVPM,0.0058861360885202885,706.0199,3840.4724,980.04065,4012.9578
190547660_K47106_F1B04-670_1_21.jpg,5,CBHPM,0.005778188351541758,1099.9893,3840.4028,1393.4263,3927.7744
190547660_K47106_F1B04-670_1_21.jpg,6,CBVPM,0.005611627362668514,402.06653,3840.0,754.75195,3902.7234
190547660_K47106_F1B04-670_1_21.jpg,2,SVHBNM,0.005467995535582304,960.0,2294.592,1019.191,2681.311
190547660_K47106_F1B04-670_1_21.jpg,5,CBHPM,0.00422632647678256,634.5736,3840.0,809.4094,3910.5579
190547660_K47106_F1B04-670_1_21.jpg,6,CBVPM,0.004191472660750151,714.79645,3840.0,915.27814,3890.627
190547660_K47106_F1B04-670_1_21.jpg,6,CBVPM,0.0041039325296878815,487.47122,4714.258,752.4165,4962.2075
190547660_K47106_F1B04-670_1_21.jpg,5,CBHPM,0.0037856195122003555,723.95874,3840.0,1086.6354,3908.7837
190547660_K47106_F1B04-670_1_21.jpg,5,CBHPM,0.0036613629199564457,651.1704,3840.9368,817.2771,3984.7102
190547660_K47106_F1B04-670_1_21.jpg,6,CBVPM,0.0034312012139707804,1146.3003,3840.0,1339.4819,3899.534
190547660_K47106_F1B04-670_1_21.jpg,6,CBVPM,0.0032297156285494566,608.6627,3840.0,794.09265,3895.7666
190547660_K47106_F1B04-670_1_21.jpg,5,CBHPM,0.0029247705824673176,736.3541,3859.8765,892.6207,3999.5369
190547660_K47106_F1B04-670_1_21.jpg,5,CBHPM,0.0027715610340237617,3387.2036,1732.5149,3836.0415,2156.5667
190547660_K47106_F1B04-670_1_21.jpg,5,CBHPM,0.0026782189961522818,158.48956,4849.308,573.8862,5120.0
190547660_K47106_F1B04-670_1_21.jpg,5,CBHPM,0.0021385338623076677,812.7306,3845.1787,945.2523,3984.0579
190547660_K47106_F1B04-670_1_21.jpg,5,CBHPM,0.002055597258731723,377.09982,3591.0986,788.6494,3980.855
190547660_K47106_F1B04-670_1_21.jpg,1,VHBNL,0.0020043612457811832,765.9116,3840.0,915.3967,3929.2754
190547660_K47106_F1B04-670_1_21.jpg,5,CBHPM,0.0018381690606474876,586.0609,3840.0,803.641,3878.3335
190547660_K47106_F1B04-670_1_21.jpg,5,CBHPM,0.0017046770080924034,1105.2195,3842.5706,1262.6289,4009.5334
190547660_K47106_F1B04-670_1_21.jpg,6,CBVPM,0.0016280930722132325,738.85706,3851.7747,901.51697,3995.5127
190547660_K47106_F1B04-670_1_21.jpg,5,CBHPM,0.0015993212582543492,960.0,3840.0,1322.5991,3919.468
190547660_K47106_F1B04-670_1_21.jpg,5,CBHPM,0.0014859401853755116,470.15598,3840.0,680.26904,3887.6274
190547660_K47106_F1B04-670_1_21.jpg,5,CBHPM,0.0014485346619039774,514.69727,4743.6494,691.697,4952.592
190547660_K47106_F1B04-670_1_21.jpg,6,CBVPM,0.0011646653292700648,798.6847,3844.4216,936.9972,3983.2598
190547660_K47106_F1B04-670_1_21.jpg,5,CBHPM,0.0011515608057379723,488.33206,3621.2725,912.81055,4031.9766
190550154_K47027_F1B04-666_1_21.jpg,5,CBHPM,0.1714330017566681,565.46155,3840.0,836.81287,3918.7104
190550154_K47027_F1B04-666_1_21.jpg,6,CBVPM,0.10291607677936554,610.79004,3714.481,845.0243,3926.357
190550154_K47027_F1B04-666_1_21.jpg,5,CBHPM,0.0627947673201561,649.7915,3840.0,817.0143,3902.326
190550154_K47027_F1B04-666_1_21.jpg,6,CBVPM,0.04639001563191414,3842.5557,2422.5083,4078.6125,2605.7444
190550154_K47027_F1B04-666_1_21.jpg,6,CBVPM,0.0457182414829731,550.76404,3644.3748,871.0951,3961.9019
190550154_K47027_F1B04-666_1_21.jpg,5,CBHPM,0.023311002179980278,416.9673,3840.1323,775.4386,3912.731
190550154_K47027_F1B04-666_1_21.jpg,5,CBHPM,0.012912921607494354,678.8003,3731.9426,834.02576,3899.5996
190550154_K47027_F1B04-666_1_21.jpg,6,CBVPM,0.009624647907912731,502.0029,3840.0,837.7461,3991.245
190550154_K47027_F1B04-666_1_21.jpg,6,CBVPM,0.008967586793005466,314.2801,3840.199,671.71124,3914.875
190550154_K47027_F1B04-666_1_21.jpg,5,CBHPM,0.00864407978951931,555.051,3840.0,876.6787,3973.7573
190550154_K47027_F1B04-666_1_21.jpg,6,CBVPM,0.007494872901588678,649.83826,3840.0,828.08777,3901.0754
190550154_K47027_F1B04-666_1_21.jpg,6,CBVPM,0.006439597345888615,587.4614,3840.0,945.30493,3908.0862
190550154_K47027_F1B04-666_1_21.jpg,5,CBHPM,0.003887998405843973,363.98535,3840.0,554.2433,3897.322
190550154_K47027_F1B04-666_1_21.jpg,6,CBVPM,0.003862370504066348,429.9116,3840.0,774.62085,3942.3484
190550154_K47027_F1B04-666_1_21.jpg,5,CBHPM,0.002867450239136815,560.49,3621.7795,875.80383,3944.1907
190550154_K47027_F1B04-666_1_21.jpg,5,CBHPM,0.002392471767961979,596.25903,3841.5112,752.29395,3996.2607
190550154_K47027_F1B04-666_1_21.jpg,6,CBVPM,0.001346229575574398,572.3795,3840.0,790.24695,3878.9001
190550154_K47027_F1B04-666_1_21.jpg,5,CBHPM,0.0013340470613911748,546.01355,3840.0,706.6378,3925.4993
190550154_K47027_F1B04-666_1_21.jpg,5,CBHPM,0.0012650875141844153,25.515503,4861.774,440.83652,5120.0
190550154_K47027_F1B04-666_1_21.jpg,6,CBVPM,0.0011973058572039008,3066.8486,1574.383,3200.0,2019.6704
190551382_K46987_F1B04-664_1_21.jpg,6,CBVPM,0.0458330437541008,641.7051,3840.2305,927.5405,3910.7139
190551382_K46987_F1B04-664_1_21.jpg,5,CBHPM,0.044042572379112244,691.10693,3840.1272,870.6636,3892.796
190551382_K46987_F1B04-664_1_21.jpg,6,CBVPM,0.01660127379000187,606.7047,3629.8496,922.21936,3935.6768
190551382_K46987_F1B04-664_1_21.jpg,6,CBVPM,0.014971074648201466,731.4293,3701.6472,911.4818,3887.0796
190551382_K46987_F1B04-664_1_21.jpg,5,CBHPM,0.005923326127231121,749.44794,3714.0076,891.9992,3868.8145
190551382_K46987_F1B04-664_1_21.jpg,6,CBVPM,0.00498816417530179,3288.2842,2495.5737,3535.2654,2657.6274
190551382_K46987_F1B04-664_1_21.jpg,5,CBHPM,0.004793913569301367,605.3425,3628.2446,930.26807,3939.9314
190551382_K46987_F1B04-664_1_21.jpg,5,CBHPM,0.002928757108747959,373.18253,4637.1494,755.62854,4960.64
190551382_K46987_F1B04-664_1_21.jpg,5,CBHPM,0.002720096381381154,711.85876,3840.0,863.53064,3972.253
190551382_K46987_F1B04-664_1_21.jpg,6,CBVPM,0.002627315931022167,625.87756,3840.0,926.3341,3975.3743
190551382_K46987_F1B04-664_1_21.jpg,3,SVHBNL,0.0021943077445030212,960.1701,2880.0,1124.3386,3304.6858
190551382_K46987_F1B04-664_1_21.jpg,5,CBHPM,0.0020041875541210175,439.59784,4687.467,691.4953,4921.9736
190551382_K46987_F1B04-664_1_21.jpg,5,CBHPM,0.0017180705908685923,2289.4946,3086.1807,2622.6514,3200.0
190551382_K46987_F1B04-664_1_21.jpg,5,CBHPM,0.001536541967652738,313.85052,3578.873,722.9755,3920.92
190551382_K46987_F1B04-664_1_21.jpg,5,CBHPM,0.0014596885303035378,357.57666,3040.0972,630.3843,3199.3154
190551382_K46987_F1B04-664_1_21.jpg,6,CBVPM,0.0011016888311132789,687.9438,3840.0,892.77313,3879.2283
190551382_K46987_F1B04-664_1_21.jpg,4,SVHTNL,0.001079833135008812,753.0991,3840.0,832.47363,3887.746
190551382_K46987_F1B04-664_1_21.jpg,6,CBVPM,0.001073510735295713,335.4745,3029.2295,671.56335,3198.773
190610264_K46389_F1B04-630_1_21.jpg,6,CBVPM,0.09739106893539429,282.73138,3685.8735,597.851,3969.6086
190610264_K46389_F1B04-630_1_21.jpg,5,CBHPM,0.07434488832950592,414.67194,3756.196,568.13934,3924.881
190610264_K46389_F1B04-630_1_21.jpg,6,CBVPM,0.06441128998994827,3911.6855,2350.6587,4159.2617,2534.2417
190610264_K46389_F1B04-630_1_21.jpg,6,CBVPM,0.05717664584517479,386.21613,3746.1772,576.81354,3940.9226
190610264_K46389_F1B04-630_1_21.jpg,6,CBVPM,0.041609808802604675,318.21503,3841.4282,581.94104,3963.3735
190610264_K46389_F1B04-630_1_21.jpg,5,CBHPM,0.03806310519576073,0.5500488,3619.6748,379.41992,3976.3108
190610264_K46389_F1B04-630_1_21.jpg,5,CBHPM,0.034226421266794205,398.03107,3847.9075,530.92615,3941.0789
190610264_K46389_F1B04-630_1_21.jpg,5,CBHPM,0.023084606975317,0.0,4731.0312,439.73386,5103.8506
190610264_K46389_F1B04-630_1_21.jpg,5,CBHPM,0.016154365614056587,240.62238,3664.5405,633.59625,3985.6025
190610264_K46389_F1B04-630_1_21.jpg,5,CBHPM,0.01576007530093193,129.5615,3842.3274,285.91348,3958.9807
190610264_K46389_F1B04-630_1_21.jpg,5,CBHPM,0.013409114442765713,334.86743,3840.3545,641.79565,3945.643
190610264_K46389_F1B04-630_1_21.jpg,5,CBHPM,0.013095524162054062,207.73688,3840.0,499.78156,3928.3645
190610264_K46389_F1B04-630_1_21.jpg,6,CBVPM,0.010501392185688019,368.95416,3840.1787,526.2575,3920.3887
190610264_K46389_F1B04-630_1_21.jpg,6,CBVPM,0.010263335891067982,5.564514,3637.7808,375.85986,3984.565
190610264_K46389_F1B04-630_1_21.jpg,6,CBVPM,0.010100274346768856,210.05396,3840.0,510.23425,3944.6262
190610264_K46389_F1B04-630_1_21.jpg,6,CBVPM,0.009196925908327103,58.1568,3841.0842,362.4993,3919.7913
190610264_K46389_F1B04-630_1_21.jpg,5,CBHPM,0.006766536273062229,90.02185,4842.407,240.89081,5047.4546
190610264_K46389_F1B04-630_1_21.jpg,5,CBHPM,0.0063383206725120544,409.99542,3852.4553,550.34467,3999.817
190610264_K46389_F1B04-630_1_21.jpg,6,CBVPM,0.005742326844483614,3999.8022,1797.9753,4302.546,2198.6404
190610264_K46389_F1B04-630_1_21.jpg,5,CBHPM,0.005629659164696932,413.02313,3840.0,587.948,3902.4749
190610264_K46389_F1B04-630_1_21.jpg,6,CBVPM,0.0054948898032307625,67.22244,4803.181,290.46777,5058.0244
190610264_K46389_F1B04-630_1_21.jpg,5,CBHPM,0.004382640589028597,282.6554,3840.0,438.7749,3916.4072
190610264_K46389_F1B04-630_1_21.jpg,6,CBVPM,0.004262824542820454,253.05487,3840.1455,427.7652,3905.2522
190610264_K46389_F1B04-630_1_21.jpg,5,CBHPM,0.0037365576718002558,358.733,3843.2175,489.71042,3948.0828
190610264_K46389_F1B04-630_1_21.jpg,6,CBVPM,0.0028652057517319918,3877.2288,1718.5886,4335.6675,2132.7427
190610264_K46389_F1B04-630_1_21.jpg,5,CBHPM,0.0028651647735387087,17.726349,3840.3057,346.25772,3913.7327
190610264_K46389_F1B04-630_1_21.jpg,6,CBVPM,0.002414235845208168,333.77283,3840.0,705.73914,3918.744
190610264_K46389_F1B04-630_1_21.jpg,5,CBHPM,0.002256493316963315,1023.81744,2047.4292,1274.2339,2239.7969
190610264_K46389_F1B04-630_1_21.jpg,5,CBHPM,0.0018882646691054106,3889.4402,1713.3317,4348.6763,2131.5635
190610264_K46389_F1B04-630_1_21.jpg,5,CBHPM,0.0016473800642415881,154.6594,3718.884,304.07294,3921.967
190610264_K46389_F1B04-630_1_21.jpg,5,CBHPM,0.001481196261011064,118.4187,3632.6733,520.9332,3961.9927
190610264_K46389_F1B04-630_1_21.jpg,6,CBVPM,0.0012122339103370905,431.81116,3840.2603,581.57477,3914.4634
190610264_K46389_F1B04-630_1_21.jpg,5,CBHPM,0.0012000449933111668,65.47992,4815.379,358.8402,5072.045
190610264_K46389_F1B04-630_1_21.jpg,6,CBVPM,0.0010154518531635404,392.54224,3840.0,599.7887,3875.7825
190623960_K45950_F1B04-608_1_21.jpg,6,CBVPM,0.26183822751045227,1139.4626,4352.602,1277.6895,4614.694
190623960_K45950_F1B04-608_1_21.jpg,6,CBVPM,0.1362818479537964,1062.6882,4272.3257,1279.5061,4636.26
190623960_K45950_F1B04-608_1_21.jpg,6,CBVPM,0.12353064119815826,3926.8164,2394.0198,4158.5464,2568.3286
190623960_K45950_F1B04-608_1_21.jpg,6,CBVPM,0.06535698473453522,1292.3186,3327.099,1601.0532,3651.7256
190623960_K45950_F1B04-608_1_21.jpg,6,CBVPM,0.018558945506811142,1381.19,3412.166,1571.1492,3608.0767
190623960_K45950_F1B04-608_1_21.jpg,6,CBVPM,0.011844226159155369,1128.3335,3319.9097,1280.0,3670.06
190623960_K45950_F1B04-608_1_21.jpg,5,CBHPM,0.011476308107376099,1419.9138,3424.653,1566.3894,3584.6714
190623960_K45950_F1B04-608_1_21.jpg,5,CBHPM,0.009242561645805836,1310.0354,3313.88,1583.7054,3581.2292
190623960_K45950_F1B04-608_1_21.jpg,5,CBHPM,0.008050520904362202,1010.98315,4238.8843,1415.552,4614.332
190623960_K45950_F1B04-608_1_21.jpg,5,CBHPM,0.007432821672409773,3916.212,2394.0254,4160.0,2573.7998
190623960_K45950_F1B04-608_1_21.jpg,6,CBVPM,0.006295591592788696,1336.2166,3350.948,1493.6982,3503.3035
190623960_K45950_F1B04-608_1_21.jpg,5,CBHPM,0.00622339453548193,351.49823,2145.9092,623.4793,2239.3657
190623960_K45950_F1B04-608_1_21.jpg,5,CBHPM,0.003929514437913895,1137.552,4340.25,1435.8004,4625.909
190623960_K45950_F1B04-608_1_21.jpg,6,CBVPM,0.0030899830162525177,1403.4102,3418.596,1508.7659,3586.742
190623960_K45950_F1B04-608_1_21.jpg,6,CBVPM,0.002892599441111088,351.56042,2118.3274,618.749,2239.4104
190623960_K45950_F1B04-608_1_21.jpg,5,CBHPM,0.0028593726456165314,1145.3953,4365.6753,1337.456,4578.6875
190623960_K45950_F1B04-608_1_21.jpg,5,CBHPM,0.002674075309187174,1156.8889,3294.9685,1490.2017,3678.7505
190623960_K45950_F1B04-608_1_21.jpg,5,CBHPM,0.00224010506644845,3924.1758,397.75055,4318.9526,764.73126
190623960_K45950_F1B04-608_1_21.jpg,5,CBHPM,0.0020683647599071264,283.0965,2114.5747,556.3398,2239.364
190623960_K45950_F1B04-608_1_21.jpg,5,CBHPM,0.0020324818324297667,1024.8188,3288.3813,1280.0,3674.0024
190623960_K45950_F1B04-608_1_21.jpg,5,CBHPM,0.0017328134272247553,1331.0503,3350.8352,1489.9604,3506.9846
190623960_K45950_F1B04-608_1_21.jpg,5,CBHPM,0.0014616861008107662,430.64062,2151.3105,551.7888,2238.232
190623960_K45950_F1B04-608_1_21.jpg,6,CBVPM,0.0012339508393779397,431.9007,2144.666,544.123,2236.8462
190623960_K45950_F1B04-608_1_21.jpg,5,CBHPM,0.0012045915937051177,1215.4911,4368.032,1280.0,4583.5986
190623960_K45950_F1B04-608_1_21.jpg,6,CBVPM,0.0011957979295402765,1213.1979,3298.896,1489.0266,3677.7725
190623960_K45950_F1B04-608_1_21.jpg,5,CBHPM,0.0011285991640761495,992.14246,3233.5288,1422.3113,3621.5122
190623960_K45950_F1B04-608_1_21.jpg,11,GWCNM,0.0010983407264575362,1049.8167,4233.972,1404.4983,4592.7144
190623960_K45950_F1B04-608_1_21.jpg,5,CBHPM,0.001095582963898778,1287.7856,3466.967,1623.0616,3726.704
190623960_K45950_F1B04-608_1_21.jpg,6,CBVPM,0.0010439836187288165,1055.129,4440.2646,1340.4768,4648.4375
190625283_K45910_F1B04-606_1_21.jpg,6,CBVPM,0.30356767773628235,1106.7732,4278.303,1280.0,4584.765
190625283_K45910_F1B04-606_1_21.jpg,6,CBVPM,0.12901601195335388,1270.6084,3334.6199,1584.5862,3629.502
190625283_K45910_F1B04-606_1_21.jpg,5,CBHPM,0.07822711765766144,1121.5824,4355.1553,1334.8019,4571.6177
190625283_K45910_F1B04-606_1_21.jpg,6,CBVPM,0.0705849900841713,3926.1716,2450.301,4160.0,2622.2466
190625283_K45910_F1B04-606_1_21.jpg,6,CBVPM,0.055723998695611954,1348.6211,3403.8154,1558.8921,3606.9604
190625283_K45910_F1B04-606_1_21.jpg,6,CBVPM,0.04320545494556427,1011.6393,4241.899,1280.0,4639.778
190625283_K45910_F1B04-606_1_21.jpg,5,CBHPM,0.029376527294516563,1394.8909,3416.9604,1556.4104,3586.1382
190625283_K45910_F1B04-606_1_21.jpg,5,CBHPM,0.01614224538207054,1018.5989,4270.3433,1366.2571,4588.739
190625283_K45910_F1B04-606_1_21.jpg,5,CBHPM,0.014293767511844635,960.27875,3225.0325,1280.0,3610.7327
190625283_K45910_F1B04-606_1_21.jpg,13,BSBM,0.006084132939577103,1094.6804,4248.4883,1280.0,4597.5366
190625283_K45910_F1B04-606_1_21.jpg,4,SVHTNL,0.004898920655250549,2212.788,3246.0886,2238.3901,3456.1594
190625283_K45910_F1B04-606_1_21.jpg,14,INSD,0.003675619373098016,1038.03,1699.2694,1729.7573,2240.0
190625283_K45910_F1B04-606_1_21.jpg,5,CBHPM,0.0029409790877252817,1292.9558,3309.941,1601.3799,3611.3362
190625283_K45910_F1B04-606_1_21.jpg,5,CBHPM,0.0027161319740116596,1095.074,3261.9915,1276.3977,3649.833
190625283_K45910_F1B04-606_1_21.jpg,5,CBHPM,0.0019873930141329765,841.397,4160.8325,1280.0,4596.047
190625283_K45910_F1B04-606_1_21.jpg,1,VHBNL,0.001653968938626349,1151.0671,4346.3096,1280.0,4556.24
190625283_K45910_F1B04-606_1_21.jpg,3,SVHBNL,0.0015452567022293806,961.2035,4004.1965,1233.6978,4589.5566
190626626_K45871_F1B04-604_1_21.jpg,6,CBVPM,0.35645386576652527,1341.2825,3403.5369,1646.6582,3707.8152
190626626_K45871_F1B04-604_1_21.jpg,5,CBHPM,0.12363722920417786,1341.3762,3408.5273,1648.1206,3704.6309
190626626_K45871_F1B04-604_1_21.jpg,6,CBVPM,0.10392416268587112,1104.1099,4335.0654,1280.0,4694.253
190626626_K45871_F1B04-604_1_21.jpg,6,CBVPM,0.05845281854271889,1416.9521,3484.4224,1618.4294,3679.08
190626626_K45871_F1B04-604_1_21.jpg,3,SVHBNL,0.053538285195827484,1921.7686,1920.8274,2137.8777,2372.418
190626626_K45871_F1B04-604_1_21.jpg,6,CBVPM,0.051160361617803574,3930.165,2452.7583,4160.0,2616.6833
190626626_K45871_F1B04-604_1_21.jpg,5,CBHPM,0.043189533054828644,1451.8102,3495.6997,1604.4681,3655.4277
190626626_K45871_F1B04-604_1_21.jpg,6,CBVPM,0.034940071403980255,1129.2582,4350.764,1431.1763,4630.8784
190626626_K45871_F1B04-604_1_21.jpg,5,CBHPM,0.030897634103894234,1092.7927,4330.127,1457.7544,4647.8027
190626626_K45871_F1B04-604_1_21.jpg,5,CBHPM,0.01257994957268238,1112.4802,4292.616,1280.0,4672.617
190626626_K45871_F1B04-604_1_21.jpg,5,CBHPM,0.011446917429566383,1193.3065,4387.8623,1412.2013,4613.886
190626626_K45871_F1B04-604_1_21.jpg,11,GWCNM,0.008311139419674873,1357.6853,3406.4233,1646.9933,3714.8828
190626626_K45871_F1B04-604_1_21.jpg,5,CBHPM,0.005126317963004112,939.2817,4279.864,1280.0,4706.6074
190626626_K45871_F1B04-604_1_21.jpg,6,CBVPM,0.0027729282155632973,1207.7162,4405.2593,1368.188,4604.928
190626626_K45871_F1B04-604_1_21.jpg,3,SVHBNL,0.0026010393630713224,914.48706,4280.993,1280.0,4825.5107
190626626_K45871_F1B04-604_1_21.jpg,6,CBVPM,0.002175601664930582,870.1554,4266.3687,1280.0,4686.91
190626626_K45871_F1B04-604_1_21.jpg,14,INSD,0.0014001637464389205,935.9535,1704.0983,1280.0,2240.0
190626626_K45871_F1B04-604_1_21.jpg,14,INSD,0.0010033136932179332,1920.0,1724.9451,2107.9863,2240.0
190627978_K45831_F1B04-602_1_21.jpg,6,CBVPM,0.08791933208703995,1108.7673,4244.3457,1471.8586,4642.2227
190627978_K45831_F1B04-602_1_21.jpg,6,CBVPM,0.08479170501232147,1354.9834,3369.6636,1680.0151,3679.0981
190627978_K45831_F1B04-602_1_21.jpg,6,CBVPM,0.053809840232133865,3923.9995,2408.7715,4155.4834,2607.758
190627978_K45831_F1B04-602_1_21.jpg,6,CBVPM,0.04545558989048004,1157.6625,4336.4917,1425.7958,4589.0063
190627978_K45831_F1B04-602_1_21.jpg,6,CBVPM,0.04528449848294258,1443.5544,3448.4165,1636.3027,3639.525
190627978_K45831_F1B04-602_1_21.jpg,5,CBHPM,0.015503043308854103,1101.7927,4258.2944,1467.1791,4623.2017
190627978_K45831_F1B04-602_1_21.jpg,6,CBVPM,0.0152148911729455,1129.2976,4240.69,1279.845,4677.837
190627978_K45831_F1B04-602_1_21.jpg,5,CBHPM,0.014520000666379929,1477.9489,3465.3838,1625.5216,3621.728
190627978_K45831_F1B04-602_1_21.jpg,6,CBVPM,0.008189474232494831,1563.4365,2439.8286,1766.4102,2635.371
190627978_K45831_F1B04-602_1_21.jpg,5,CBHPM,0.00785838719457388,1218.5615,4354.9336,1425.8674,4570.5615
190627978_K45831_F1B04-602_1_21.jpg,6,CBVPM,0.007830805145204067,3878.484,2296.558,4160.0,2648.3145
190627978_K45831_F1B04-602_1_21.jpg,5,CBHPM,0.006166595499962568,1365.7395,3366.2268,1676.1243,3678.975
190627978_K45831_F1B04-602_1_21.jpg,6,CBVPM,0.003735428908839822,1228.8378,4365.186,1374.2375,4565.1963
190627978_K45831_F1B04-602_1_21.jpg,3,SVHBNL,0.003436943981796503,1206.3694,4033.9985,1279.8735,4452.873
190627978_K45831_F1B04-602_1_21.jpg,5,CBHPM,0.0021259693894535303,1125.0529,4211.4937,1280.0,4660.9956
190627978_K45831_F1B04-602_1_21.jpg,6,CBVPM,0.0019477087771520019,931.66113,4205.923,1280.0,4670.6304
190627978_K45831_F1B04-602_1_21.jpg,5,CBHPM,0.0013853076379746199,3909.7334,1812.7148,4159.7866,2222.9502
