image,class_id,class_name,confidence,x1,y1,x2,y2
100723252_K58825_F1B05-246_1_21.jpg,6,CBVPM,0.04786930978298187,595.2436,3572.5354,943.44867,3919.519
100723252_K58825_F1B05-246_1_21.jpg,6,CBVPM,0.011037997901439667,3246.1665,2731.085,3533.0378,2890.418
100723252_K58825_F1B05-246_1_21.jpg,6,CBVPM,0.008470119908452034,315.68152,4613.6313,692.89026,4962.923
100723252_K58825_F1B05-246_1_21.jpg,6,CBVPM,0.003430149983614683,792.02014,4049.882,919.46716,4160.0
100723252_K58825_F1B05-246_1_21.jpg,5,CBHPM,0.0033946726471185684,359.02783,4657.5117,658.14905,4927.783
100723252_K58825_F1B05-246_1_21.jpg,6,CBVPM,0.00239297142252326,682.8971,4039.6777,977.9271,4160.0
100723252_K58825_F1B05-246_1_21.jpg,6,CBVPM,0.0016333346720784903,4055.6707,2881.0808,4363.3506,3013.7432
100723252_K58825_F1B05-246_1_21.jpg,5,CBHPM,0.0011457867221906781,707.0928,4045.1504,959.9994,4159.521
100723252_K58825_F1B05-246_1_21.jpg,5,CBHPM,0.0010931376600638032,462.60294,4688.4146,638.71326,4903.716
100725103_K58794_F1B05-244_1_21.jpg,6,CBVPM,0.02870122902095318,3815.796,2593.011,4095.6216,2768.0168
100725103_K58794_F1B05-244_1_21.jpg,4,SVHTNL,0.01619049347937107,3173.0767,3111.5544,3200.0,3322.4546
100725103_K58794_F1B05-244_1_21.jpg,6,CBVPM,0.007769478484988213,405.1084,4672.3013,810.17505,5007.9707
100725103_K58794_F1B05-244_1_21.jpg,6,CBVPM,0.0016907565295696259,650.6332,1098.9397,781.49255,1237.8684
100725103_K58794_F1B05-244_1_21.jpg,6,CBVPM,0.001442663953639567,0.0,4017.5952,227.63261,4160.0
100725103_K58794_F1B05-244_1_21.jpg,5,CBHPM,0.001415978535078466,517.8548,4732.1133,728.97345,4942.7354
100725103_K58794_F1B05-244_1_21.jpg,5,CBHPM,0.0013088874984532595,0.5088501,4019.7385,150.27203,4157.1865
100725103_K58794_F1B05-244_1_21.jpg,6,CBVPM,0.0012691064039245248,3841.7427,2595.497,3952.5872,2771.6946
100726856_K58759_F1B05-242_1_21.jpg,6,CBVPM,0.018396742641925812,668.56445,3283.686,1007.8972,3599.647
100726856_K58759_F1B05-242_1_21.jpg,5,CBHPM,0.009475646540522575,453.84158,4735.6704,626.395,4946.857
100726856_K58759_F1B05-242_1_21.jpg,6,CBVPM,0.009367046877741814,3330.0908,2516.1807,3637.7139,2677.0713
100726856_K58759_F1B05-242_1_21.jpg,6,CBVPM,0.004414220806211233,317.0298,4681.887,727.9214,4983.3335
100726856_K58759_F1B05-242_1_21.jpg,6,CBVPM,0.004062934312969446,385.3548,4724.494,626.60815,4962.0625
100726856_K58759_F1B05-242_1_21.jpg,5,CBHPM,0.002227219520136714,973.62366,4476.843,1280.0,4880.956
100726856_K58759_F1B05-242_1_21.jpg,6,CBVPM,0.0021715136244893074,3031.6338,2880.0,3199.2876,2989.793
100726856_K58759_F1B05-242_1_21.jpg,5,CBHPM,0.0018931159283965826,359.87445,4691.2144,679.98285,4986.4697
100726856_K58759_F1B05-242_1_21.jpg,6,CBVPM,0.0016778964782133698,770.66406,4049.0806,899.1051,4160.0
100726856_K58759_F1B05-242_1_21.jpg,6,CBVPM,0.0015498733846470714,2096.8276,2880.0,2240.0,3006.486
100726856_K58759_F1B05-242_1_21.jpg,6,CBVPM,0.001542455400340259,2053.8975,2880.261,2413.5874,2972.5122
100726856_K58759_F1B05-242_1_21.jpg,5,CBHPM,0.0013941986253485084,943.8164,5036.3477,1237.832,5119.0996
100726856_K58759_F1B05-242_1_21.jpg,5,CBHPM,0.0012231807922944427,2112.8628,2880.0,2240.0,3005.1143
100730000_K58690_F1B05-238_1_21.jpg,6,CBVPM,0.024177756160497665,665.2145,3487.7598,1021.5316,3792.4817
100730000_K58690_F1B05-238_1_21.jpg,6,CBVPM,0.015363135375082493,3317.9128,2678.064,3628.525,2856.6243
100730000_K58690_F1B05-238_1_21.jpg,6,CBVPM,0.0053858570754528046,451.2697,4741.354,729.1568,4947.0396
100730000_K58690_F1B05-238_1_21.jpg,1,VHBNL,0.003897268557921052,677.7639,3428.6326,1018.89233,3770.9292
100730000_K58690_F1B05-238_1_21.jpg,6,CBVPM,0.0022610605228692293,811.1614,3542.843,981.04297,3727.5603
100730000_K58690_F1B05-238_1_21.jpg,4,SVHTNL,0.002031006384640932,819.40076,3696.87,965.69934,3929.5156
100730000_K58690_F1B05-238_1_21.jpg,5,CBHPM,0.0012020046124234796,809.47815,3543.8723,981.599,3722.562
100730000_K58690_F1B05-238_1_21.jpg,5,CBHPM,0.0011753791477531195,484.84625,4766.057,716.6335,4973.4126
100730000_K58690_F1B05-238_1_21.jpg,6,CBVPM,0.0010547833517193794,750.60364,3587.1372,1119.7567,4024.7224
100731529_K58655_F1B05-236_1_22.jpg,6,CBVPM,0.014996889047324657,4184.049,3295.9548,4483.86,3575.8733
100731529_K58655_F1B05-236_1_22.jpg,5,CBHPM,0.012614812701940536,4225.8516,3367.103,4374.493,3530.5984
100731529_K58655_F1B05-236_1_22.jpg,6,CBVPM,0.00814345944672823,1112.919,2812.3618,1278.5513,3200.0
100731529_K58655_F1B05-236_1_22.jpg,6,CBVPM,0.007834384217858315,4239.7046,3369.9924,4373.64,3526.9922
100731529_K58655_F1B05-236_1_22.jpg,5,CBHPM,0.007825915701687336,1117.3325,2843.5532,1279.5779,3186.5703
100731529_K58655_F1B05-236_1_22.jpg,1,VHBNL,0.0022535063326358795,1047.641,2754.7336,1280.0,3191.5999
100731529_K58655_F1B05-236_1_22.jpg,4,SVHTNL,0.002091765170916915,3149.1582,3110.683,3200.0,3273.0273
100731529_K58655_F1B05-236_1_22.jpg,6,CBVPM,0.001789269968867302,4345.531,4080.753,4719.3535,4386.9224
100731529_K58655_F1B05-236_1_22.jpg,6,CBVPM,0.0017169325146824121,882.48376,3000.3035,1230.6185,3370.7524
100735953_K58553_F1B05-228_1_21.jpg,5,CBHPM,0.1646861582994461,574.63403,3840.171,857.91833,3961.3906
100735953_K58553_F1B05-228_1_21.jpg,6,CBVPM,0.10310094803571701,555.4939,3662.1772,876.7284,3981.4155
100735953_K58553_F1B05-228_1_21.jpg,6,CBVPM,0.0923072099685669,687.0838,3751.1533,834.0214,3919.1611
100735953_K58553_F1B05-228_1_21.jpg,6,CBVPM,0.06126730889081955,3264.8694,2566.833,3560.0024,2752.6226
100735953_K58553_F1B05-228_1_21.jpg,6,CBVPM,0.04705604165792465,578.53296,3840.0,879.6633,3966.3213
100735953_K58553_F1B05-228_1_21.jpg,5,CBHPM,0.03724869340658188,659.67346,3844.055,830.79553,3920.6958
100735953_K58553_F1B05-228_1_21.jpg,5,CBHPM,0.030603941529989243,617.9807,3840.7205,766.73755,3934.692
100735953_K58553_F1B05-228_1_21.jpg,6,CBVPM,0.025644492357969284,655.9026,3840.0923,819.79944,3918.1162
100735953_K58553_F1B05-228_1_21.jpg,6,CBVPM,0.023631947115063667,381.0727,3840.0,775.91473,3919.4824
100735953_K58553_F1B05-228_1_21.jpg,6,CBVPM,0.018140044063329697,256.49597,4679.976,658.50006,5024.1377
100735953_K58553_F1B05-228_1_21.jpg,6,CBVPM,0.014445258304476738,299.0799,3840.0,648.1423,3947.62
100735953_K58553_F1B05-228_1_21.jpg,6,CBVPM,0.014231662265956402,267.58148,3678.8176,664.65515,3950.8044
100735953_K58553_F1B05-228_1_21.jpg,6,CBVPM,0.010560051538050175,397.65918,4764.316,616.92883,4979.4795
100735953_K58553_F1B05-228_1_21.jpg,5,CBHPM,0.006227841135114431,2116.046,3984.2393,2238.2246,4160.0
100735953_K58553_F1B05-228_1_21.jpg,5,CBHPM,0.0057907928712666035,297.35052,3840.0,618.1251,3918.371
100735953_K58553_F1B05-228_1_21.jpg,5,CBHPM,0.004264156799763441,436.927,4765.399,618.7849,4972.565
100735953_K58553_F1B05-228_1_21.jpg,6,CBVPM,0.0038668664637953043,2116.8782,3936.3586,2238.5347,4160.0
100735953_K58553_F1B05-228_1_21.jpg,5,CBHPM,0.003561845514923334,695.1448,3748.1694,854.0139,3924.017
100735953_K58553_F1B05-228_1_21.jpg,1,VHBNL,0.0034179515205323696,2113.9927,3840.0,2239.5747,4156.4155
100735953_K58553_F1B05-228_1_21.jpg,6,CBVPM,0.0027379340026527643,229.68945,3840.0,611.9537,3902.894
100735953_K58553_F1B05-228_1_21.jpg,4,SVHTNL,0.002210064325481653,3175.913,2247.646,3200.0,2471.5168
100735953_K58553_F1B05-228_1_21.jpg,5,CBHPM,0.0018121929606422782,265.57593,4680.5474,682.2317,5004.378
100735953_K58553_F1B05-228_1_21.jpg,6,CBVPM,0.001133382087573409,661.1621,3840.3972,855.64233,3881.5647
100735953_K58553_F1B05-228_1_21.jpg,6,CBVPM,0.0011310034897178411,652.40515,3742.546,768.00977,3919.088
100735953_K58553_F1B05-228_1_21.jpg,5,CBHPM,0.001119034830480814,2114.3352,3807.6245,2239.5276,4160.0
100737555_K58513_F1B05-226_1_21.jpg,6,CBVPM,0.06660676747560501,618.57556,3508.2188,929.8219,3814.9429
100737555_K58513_F1B05-226_1_21.jpg,6,CBVPM,0.06151217222213745,339.20074,4487.4165,741.2341,4832.2666
100737555_K58513_F1B05-226_1_21.jpg,6,CBVPM,0.03503460809588432,732.19104,3589.3315,883.906,3751.335
100737555_K58513_F1B05-226_1_21.jpg,5,CBHPM,0.020388849079608917,495.36066,4573.617,674.2653,4777.656
100737555_K58513_F1B05-226_1_21.jpg,6,CBVPM,0.018405303359031677,3922.9902,2426.8577,4160.0,2593.5483
100737555_K58513_F1B05-226_1_21.jpg,5,CBHPM,0.014506906270980835,746.5283,3587.8662,897.39746,3750.997
100737555_K58513_F1B05-226_1_21.jpg,6,CBVPM,0.010511107742786407,463.83334,4570.33,644.49207,4776.262
100737555_K58513_F1B05-226_1_21.jpg,5,CBHPM,0.007975305430591106,3914.302,2427.7646,4159.965,2590.6028
100737555_K58513_F1B05-226_1_21.jpg,5,CBHPM,0.0017474706983193755,2137.9875,3976.0513,2239.2605,4160.0
100737555_K58513_F1B05-226_1_21.jpg,4,SVHTNL,0.001610486302524805,3174.149,2253.6982,3199.7896,2481.529
100737555_K58513_F1B05-226_1_21.jpg,5,CBHPM,0.0013139911461621523,2113.8445,3845.5586,2239.553,4189.5547
100737555_K58513_F1B05-226_1_21.jpg,6,CBVPM,0.0010674460791051388,4044.7524,2403.4333,4160.0,2585.3604
100739171_K58473_F1B05-224_1_21.jpg,6,CBVPM,0.06958507746458054,616.8406,3558.121,937.61743,3908.354
100739171_K58473_F1B05-224_1_21.jpg,6,CBVPM,0.0586986243724823,744.45483,3673.018,889.12317,3833.3013
100739171_K58473_F1B05-224_1_21.jpg,5,CBHPM,0.045348986983299255,674.9612,3840.0,914.21814,3944.4521
100739171_K58473_F1B05-224_1_21.jpg,6,CBVPM,0.0422578826546669,681.43317,3840.0,901.7597,3920.9702
100739171_K58473_F1B05-224_1_21.jpg,6,CBVPM,0.020833497866988182,486.284,4679.133,687.7415,4885.767
100739171_K58473_F1B05-224_1_21.jpg,6,CBVPM,0.01611936092376709,3326.084,2563.2974,3608.843,2727.1338
100739171_K58473_F1B05-224_1_21.jpg,5,CBHPM,0.01309103611856699,750.802,3670.1956,897.5464,3831.7737
100739171_K58473_F1B05-224_1_21.jpg,6,CBVPM,0.0072032068856060505,357.52216,4604.547,754.54584,4930.2334
100739171_K58473_F1B05-224_1_21.jpg,6,CBVPM,0.006060902029275894,630.64734,3840.0,921.8168,3962.6497
100739171_K58473_F1B05-224_1_21.jpg,6,CBVPM,0.00431575533002615,2643.051,3840.0,2916.7559,3937.4158
100739171_K58473_F1B05-224_1_21.jpg,5,CBHPM,0.004003513138741255,491.43634,4682.887,662.85614,4873.029
100739171_K58473_F1B05-224_1_21.jpg,6,CBVPM,0.003435045015066862,499.91254,3840.0,863.55707,3927.5576
100739171_K58473_F1B05-224_1_21.jpg,5,CBHPM,0.00277573149651289,1538.5638,751.7584,1998.3423,1198.8652
100739171_K58473_F1B05-224_1_21.jpg,5,CBHPM,0.0027121668681502342,2650.5635,3840.2214,2906.6025,3910.4272
100739171_K58473_F1B05-224_1_21.jpg,6,CBVPM,0.002152574947103858,803.2672,3684.7612,916.1544,3819.5625
100739171_K58473_F1B05-224_1_21.jpg,5,CBHPM,0.0019297318067401648,617.22546,3638.0469,907.51086,3904.1675
100739171_K58473_F1B05-224_1_21.jpg,12,GWCNL,0.0016616613138467073,963.0583,2880.0,1127.768,3097.593
100739171_K58473_F1B05-224_1_21.jpg,6,CBVPM,0.0016427452210336924,688.38904,3840.0,914.1002,3879.0295
100739171_K58473_F1B05-224_1_21.jpg,5,CBHPM,0.0015678596682846546,678.31824,3840.2727,889.2682,3891.6318
100740703_K58433_F1B05-222_1_21.jpg,6,CBVPM,0.09758757799863815,581.8085,3840.0,941.4164,4013.925
100740703_K58433_F1B05-222_1_21.jpg,6,CBVPM,0.043733078986406326,717.0305,3800.6655,860.0515,3968.5825
100740703_K58433_F1B05-222_1_21.jpg,6,CBVPM,0.01605038531124592,348.2536,4683.1816,708.0124,5008.3477
100740703_K58433_F1B05-222_1_21.jpg,5,CBHPM,0.01580086722970009,727.8252,3840.0,893.45483,3974.8171
100740703_K58433_F1B05-222_1_21.jpg,6,CBVPM,0.01404434721916914,3887.7417,2491.4077,4185.1914,2653.421
100740703_K58433_F1B05-222_1_21.jpg,6,CBVPM,0.012305091135203838,452.11728,4768.3237,656.80945,4973.07
100740703_K58433_F1B05-222_1_21.jpg,5,CBHPM,0.012066641822457314,475.502,4769.698,647.2928,4957.542
100740703_K58433_F1B05-222_1_21.jpg,5,CBHPM,0.004904855974018574,960.53217,4313.7246,1059.8535,4605.354
100740703_K58433_F1B05-222_1_21.jpg,6,CBVPM,0.004684804938733578,575.62256,3840.5676,943.9365,3927.1846
100740703_K58433_F1B05-222_1_21.jpg,6,CBVPM,0.0026187754701822996,4823.908,2068.1606,5078.8457,2235.7822
100740703_K58433_F1B05-222_1_21.jpg,6,CBVPM,0.002146370941773057,414.18436,3840.456,853.0735,4030.2197
100740703_K58433_F1B05-222_1_21.jpg,13,BSBM,0.0017685653874650598,961.3817,2880.2905,1157.3091,3080.2344
100740703_K58433_F1B05-222_1_21.jpg,5,CBHPM,0.0016002358170226216,585.73737,3840.6465,942.3549,3949.2822
100740703_K58433_F1B05-222_1_21.jpg,6,CBVPM,0.00132616120390594,962.89404,4304.257,1031.1805,4588.4507
100740703_K58433_F1B05-222_1_21.jpg,6,CBVPM,0.001184251275844872,425.62445,3646.448,836.7305,4040.6445
100740703_K58433_F1B05-222_1_21.jpg,5,CBHPM,0.001176356920041144,447.86737,3840.062,838.63995,3984.0225
100742308_K58393_F1B05-220_1_21.jpg,6,CBVPM,0.07364290207624435,527.1373,3569.913,839.77905,3899.3364
100742308_K58393_F1B05-220_1_21.jpg,6,CBVPM,0.03695514798164368,3287.1785,2531.2246,3581.0513,2703.5698
100742308_K58393_F1B05-220_1_21.jpg,6,CBVPM,0.015612474642693996,600.60394,3840.0,861.4987,3949.5447
100742308_K58393_F1B05-220_1_21.jpg,6,CBVPM,0.009092952124774456,351.1667,4692.989,574.23395,4899.4683
100742308_K58393_F1B05-220_1_21.jpg,6,CBVPM,0.009003909304738045,661.3373,3659.1516,814.4894,3828.1423
100742308_K58393_F1B05-220_1_21.jpg,5,CBHPM,0.006472354289144278,597.9971,3840.0,856.86755,3923.4756
100742308_K58393_F1B05-220_1_21.jpg,6,CBVPM,0.005750750191509724,218.00157,4602.941,614.7919,4944.226
100742308_K58393_F1B05-220_1_21.jpg,5,CBHPM,0.004498977214097977,665.78503,3660.4832,817.06323,3827.6099
100742308_K58393_F1B05-220_1_21.jpg,5,CBHPM,0.00408383971080184,448.74146,3840.0,804.73376,3903.2954
100742308_K58393_F1B05-220_1_21.jpg,5,CBHPM,0.001492765499278903,5031.294,2063.9885,5118.816,2239.527
100742308_K58393_F1B05-220_1_21.jpg,6,CBVPM,0.0012320533860474825,2321.1555,3122.392,2453.0312,3199.9438
100742308_K58393_F1B05-220_1_21.jpg,5,CBHPM,0.0011675551068037748,2310.432,3118.873,2465.1748,3200.0
100742308_K58393_F1B05-220_1_21.jpg,5,CBHPM,0.0011116696987301111,2279.5776,3091.6548,2531.9053,3200.0
100742308_K58393_F1B05-220_1_21.jpg,4,SVHTNL,0.0010439099278301,2227.3723,1782.5758,2239.5405,1871.6837
100743823_K58351_F1B05-218_1_21.jpg,6,CBVPM,0.07096105068922043,540.49365,3688.3928,859.3685,4004.3237
100743823_K58351_F1B05-218_1_21.jpg,6,CBVPM,0.027846358716487885,652.9103,3774.5024,802.9508,3941.1284
100743823_K58351_F1B05-218_1_21.jpg,6,CBVPM,0.02467702329158783,547.5665,3840.6753,830.50256,3975.4
100743823_K58351_F1B05-218_1_21.jpg,6,CBVPM,0.018654560670256615,3911.0146,2511.484,4160.0,2670.3975
100743823_K58351_F1B05-218_1_21.jpg,6,CBVPM,0.015224024653434753,338.00992,3840.229,733.76965,4009.4849
100743823_K58351_F1B05-218_1_21.jpg,5,CBHPM,0.013387847691774368,663.1199,3840.5154,824.69946,3928.6875
100743823_K58351_F1B05-218_1_21.jpg,6,CBVPM,0.006181683856993914,217.44963,4682.703,634.4233,5041.4795
100743823_K58351_F1B05-218_1_21.jpg,5,CBHPM,0.004628478549420834,520.4833,3840.8635,825.04614,3995.4053
100743823_K58351_F1B05-218_1_21.jpg,6,CBVPM,0.0028611517045646906,2932.081,698.1439,3295.2546,1075.0492
100743823_K58351_F1B05-218_1_21.jpg,6,CBVPM,0.002783463802188635,470.4754,3841.6118,844.9069,4043.257
100743823_K58351_F1B05-218_1_21.jpg,5,CBHPM,0.002069744048640132,2922.036,680.1802,3293.8157,1100.6124
100743823_K58351_F1B05-218_1_21.jpg,6,CBVPM,0.002017880557104945,283.50348,3840.0,611.49207,3967.72
100743823_K58351_F1B05-218_1_21.jpg,6,CBVPM,0.0018686773255467415,961.6898,4254.2725,1006.4495,4570.849
100743823_K58351_F1B05-218_1_21.jpg,5,CBHPM,0.001653691055253148,1813.9132,4007.4907,2184.7163,4160.0
100743823_K58351_F1B05-218_1_21.jpg,5,CBHPM,0.0012504268670454621,336.05615,4777.075,560.60767,4999.326
100743823_K58351_F1B05-218_1_21.jpg,5,CBHPM,0.0011090972693637013,961.4111,4284.6694,1007.02234,4573.9956
100743823_K58351_F1B05-218_1_21.jpg,6,CBVPM,0.001105544506572187,2.0296478,1077.1763,71.93889,1248.9993
100745117_K58311_F1B05-216_1_21.jpg,6,CBVPM,0.10719627887010574,576.2717,3530.1016,919.42053,3882.6702
100745117_K58311_F1B05-216_1_21.jpg,6,CBVPM,0.026288527995347977,696.5469,3639.5654,831.4989,3803.6548
100745117_K58311_F1B05-216_1_21.jpg,5,CBHPM,0.023052379488945007,715.9934,3637.4612,868.61694,3803.7085
100745117_K58311_F1B05-216_1_21.jpg,6,CBVPM,0.022202864289283752,3308.2896,2571.8965,3580.9133,2731.1475
100745117_K58311_F1B05-216_1_21.jpg,6,CBVPM,0.019458549097180367,329.4541,4583.117,704.85864,4900.6084
100745117_K58311_F1B05-216_1_21.jpg,6,CBVPM,0.014226056635379791,413.159,4649.0337,639.02484,4870.496
100745117_K58311_F1B05-216_1_21.jpg,6,CBVPM,0.00853931438177824,670.1719,3623.52,890.4153,3832.3623
100745117_K58311_F1B05-216_1_21.jpg,6,CBVPM,0.006111084017902613,2004.7458,1607.1735,2240.0,2007.3094
100745117_K58311_F1B05-216_1_21.jpg,4,SVHTNL,0.005050658714026213,2214.8804,1635.2007,2239.4424,1848.112
100745117_K58311_F1B05-216_1_21.jpg,5,CBHPM,0.004033575300127268,435.4867,4653.1045,620.7551,4864.2705
100745117_K58311_F1B05-216_1_21.jpg,6,CBVPM,0.0021115830168128014,1976.4852,1807.0277,2115.7192,1960.3444
100819469_K57340_F1B05-166_1_21.jpg,6,CBVPM,0.06137644127011299,652.2357,3582.3027,987.1041,3915.9731
100819469_K57340_F1B05-166_1_21.jpg,6,CBVPM,0.04844893887639046,3757.267,2554.6956,4033.4207,2710.6035
100819469_K57340_F1B05-166_1_21.jpg,5,CBHPM,0.048233214765787125,633.41907,2817.6614,1082.041,3200.0
100819469_K57340_F1B05-166_1_21.jpg,5,CBHPM,0.040360137820243835,784.1835,3683.486,933.475,3843.5444
100819469_K57340_F1B05-166_1_21.jpg,6,CBVPM,0.03939245268702507,774.3678,3680.6865,951.90125,3860.1973
100819469_K57340_F1B05-166_1_21.jpg,6,CBVPM,0.03520173951983452,398.93878,4566.8237,775.75226,4918.203
100819469_K57340_F1B05-166_1_21.jpg,11,GWCNM,0.021572617813944817,687.3341,2880.0,1102.7692,3227.384
100819469_K57340_F1B05-166_1_21.jpg,5,CBHPM,0.010023597627878189,525.49176,4680.633,694.2646,4860.9087
100819469_K57340_F1B05-166_1_21.jpg,6,CBVPM,0.009509325958788395,498.42383,4672.196,713.63293,4880.3335
100819469_K57340_F1B05-166_1_21.jpg,5,CBHPM,0.006946136709302664,687.49207,3840.0,1005.5665,3950.4363
100819469_K57340_F1B05-166_1_21.jpg,6,CBVPM,0.00409733084961772,701.41943,3840.0,1026.4088,3956.377
100819469_K57340_F1B05-166_1_21.jpg,5,CBHPM,0.0031093349680304527,3070.9333,17.916687,3200.0,334.83978
100819469_K57340_F1B05-166_1_21.jpg,6,CBVPM,0.0030794497579336166,535.708,2916.563,970.8545,3325.7798
100819469_K57340_F1B05-166_1_21.jpg,6,CBVPM,0.0029522478580474854,3014.385,0.0,3404.5996,350.06934
100819469_K57340_F1B05-166_1_21.jpg,6,CBVPM,0.0025939657352864742,3073.5798,28.351532,3200.0,324.40616
100819469_K57340_F1B05-166_1_21.jpg,6,CBVPM,0.0017094372306019068,3128.908,71.14804,3271.3374,280.2827
100819469_K57340_F1B05-166_1_21.jpg,6,CBVPM,0.001414440106600523,558.39703,3840.0,905.12823,3936.52
100819469_K57340_F1B05-166_1_21.jpg,5,CBHPM,0.0013077080948278308,562.31494,3840.0574,907.2727,3909.3079
100820846_K57300_F1B05-164_1_21.jpg,5,CBHPM,0.29730573296546936,649.6132,3840.7395,926.0312,3961.9365
100820846_K57300_F1B05-164_1_21.jpg,6,CBVPM,0.11751990020275116,653.28,3647.9634,943.35474,3969.5898
100820846_K57300_F1B05-164_1_21.jpg,5,CBHPM,0.08030681312084198,702.2324,3840.0,861.5658,3902.3623
100820846_K57300_F1B05-164_1_21.jpg,6,CBVPM,0.05000888183712959,759.91736,3737.2817,906.3788,3908.8042
100820846_K57300_F1B05-164_1_21.jpg,5,CBHPM,0.042803242802619934,766.7805,3736.751,912.40283,3908.4736
100820846_K57300_F1B05-164_1_21.jpg,6,CBVPM,0.04106198996305466,660.0459,3840.0,989.4989,3982.6775
100820846_K57300_F1B05-164_1_21.jpg,6,CBVPM,0.03384219482541084,741.7982,3840.3098,903.1969,3903.9807
100820846_K57300_F1B05-164_1_21.jpg,6,CBVPM,0.02581540308892727,3290.4907,2462.201,3577.646,2623.6736
100820846_K57300_F1B05-164_1_21.jpg,6,CBVPM,0.012336221523582935,567.50354,3840.0,879.72485,3968.927
100820846_K57300_F1B05-164_1_21.jpg,6,CBVPM,0.01083996333181858,391.62845,4622.336,774.0928,4967.9937
100820846_K57300_F1B05-164_1_21.jpg,6,CBVPM,0.010130325332283974,496.96594,3840.178,836.44165,3910.4016
100820846_K57300_F1B05-164_1_21.jpg,5,CBHPM,0.00985458679497242,1535.0259,2880.0474,1765.2534,2901.2534
100820846_K57300_F1B05-164_1_21.jpg,5,CBHPM,0.00935304444283247,543.68677,3840.0,868.9617,3934.4553
100820846_K57300_F1B05-164_1_21.jpg,5,CBHPM,0.009225272573530674,669.109,3840.1704,828.74915,3997.8098
100820846_K57300_F1B05-164_1_21.jpg,5,CBHPM,0.006123886443674564,746.13635,3841.661,908.1083,3911.1616
100820846_K57300_F1B05-164_1_21.jpg,5,CBHPM,0.005902356002479792,524.0414,4711.8667,693.78796,4910.2354
100820846_K57300_F1B05-164_1_21.jpg,6,CBVPM,0.004933004267513752,509.24112,4710.827,679.6935,4910.7397
100820846_K57300_F1B05-164_1_21.jpg,5,CBHPM,0.0048081777058541775,569.56335,3840.3794,785.7301,3872.002
100820846_K57300_F1B05-164_1_21.jpg,6,CBVPM,0.0038065477274358273,365.00015,3840.0,762.3998,3940.066
100820846_K57300_F1B05-164_1_21.jpg,5,CBHPM,0.0035912436433136463,616.2311,3840.0,785.91003,3904.6135
100820846_K57300_F1B05-164_1_21.jpg,5,CBHPM,0.002681200858205557,2137.245,3983.6191,2238.9844,4157.5176
100820846_K57300_F1B05-164_1_21.jpg,6,CBVPM,0.0019146521808579564,2150.261,4085.6262,2291.489,4159.762
100820846_K57300_F1B05-164_1_21.jpg,5,CBHPM,0.0016055423766374588,677.57263,3840.2805,883.2667,3876.3035
100820846_K57300_F1B05-164_1_21.jpg,6,CBVPM,0.0014548813924193382,554.3777,3840.9536,769.3812,3872.9973
100820846_K57300_F1B05-164_1_21.jpg,6,CBVPM,0.0014402481028810143,1468.6119,2880.0,1838.2429,2934.6924
100820846_K57300_F1B05-164_1_21.jpg,6,CBVPM,0.0013376876013353467,591.1925,3840.0,758.1389,3901.563
100820846_K57300_F1B05-164_1_21.jpg,5,CBHPM,0.0012915487168356776,649.6195,3652.688,935.80554,3971.5356
100820846_K57300_F1B05-164_1_21.jpg,6,CBVPM,0.0012848996557295322,2182.8313,4041.0242,2240.0,4160.0
100820846_K57300_F1B05-164_1_21.jpg,5,CBHPM,0.0012331347679719329,1548.7286,2880.0,1747.297,2919.7334
100820846_K57300_F1B05-164_1_21.jpg,5,CBHPM,0.0011572549119591713,350.17273,3840.2446,713.7916,3907.213
100820846_K57300_F1B05-164_1_21.jpg,6,CBVPM,0.0010818239534273744,647.6212,3840.0,875.7257,3876.645
100822222_K57260_F1B05-162_1_21.jpg,6,CBVPM,0.0737580731511116,713.3447,3665.751,1012.0449,3969.3047
100822222_K57260_F1B05-162_1_21.jpg,5,CBHPM,0.05353362113237381,711.3668,3840.0,998.9911,3962.6733
100822222_K57260_F1B05-162_1_21.jpg,6,CBVPM,0.030903929844498634,717.5781,3840.0,1073.8274,3987.1987
100822222_K57260_F1B05-162_1_21.jpg,3,SVHBNL,0.030772576108574867,1895.9989,1135.7019,2041.8036,1278.6472
100822222_K57260_F1B05-162_1_21.jpg,5,CBHPM,0.029626665636897087,732.7703,3840.3816,923.21796,3888.4634
100822222_K57260_F1B05-162_1_21.jpg,15,DRPS,0.020286016166210175,1889.2383,1139.4155,2060.7188,1277.2212
100822222_K57260_F1B05-162_1_21.jpg,6,CBVPM,0.020233865827322006,824.6322,3746.5225,967.6986,3906.2788
100822222_K57260_F1B05-162_1_21.jpg,6,CBVPM,0.019318770617246628,609.4409,3840.0,938.645,3988.525
100822222_K57260_F1B05-162_1_21.jpg,6,CBVPM,0.017049169167876244,437.6661,4626.923,810.183,4981.8887
100822222_K57260_F1B05-162_1_21.jpg,5,CBHPM,0.012522246688604355,778.80975,3840.6694,942.9677,3914.9917
100822222_K57260_F1B05-162_1_21.jpg,6,CBVPM,0.012418555095791817,3952.242,2531.9966,4237.7964,2693.456
100822222_K57260_F1B05-162_1_21.jpg,14,INSD,0.011149385944008827,1884.4902,1134.0432,2042.9178,1278.2961
100822222_K57260_F1B05-162_1_21.jpg,6,CBVPM,0.008542508818209171,575.1143,4716.82,765.8217,4919.53
100822222_K57260_F1B05-162_1_21.jpg,6,CBVPM,0.006953518372029066,790.2115,3840.0,955.0726,3907.4092
100822222_K57260_F1B05-162_1_21.jpg,6,CBVPM,0.005901214201003313,549.2927,3840.0442,889.46875,3919.4607
100822222_K57260_F1B05-162_1_21.jpg,5,CBHPM,0.005128602497279644,584.0486,4716.372,761.93726,4915.865
100822222_K57260_F1B05-162_1_21.jpg,5,CBHPM,0.004007839132100344,642.83984,3840.0,924.31335,3932.1802
100822222_K57260_F1B05-162_1_21.jpg,6,CBVPM,0.0038732101675122976,489.58313,3840.0,840.8484,3973.6562
100822222_K57260_F1B05-162_1_21.jpg,6,CBVPM,0.0034652422182261944,705.1061,3840.307,929.1083,3874.7844
100822222_K57260_F1B05-162_1_21.jpg,5,CBHPM,0.0028732861392199993,721.946,3842.1267,875.3901,3985.3174
100822222_K57260_F1B05-162_1_21.jpg,5,CBHPM,0.0015696454793214798,637.2612,3840.1702,826.0127,3884.3455
100822222_K57260_F1B05-162_1_21.jpg,6,CBVPM,0.0013675164664164186,711.7561,3841.0405,868.16907,3983.0671
100822222_K57260_F1B05-162_1_21.jpg,5,CBHPM,0.001348762889392674,3519.6738,2167.2993,3835.2056,2240.0
100822222_K57260_F1B05-162_1_21.jpg,6,CBVPM,0.0010733135277405381,395.13266,3578.4297,842.2152,3976.5566
100823633_K57220_F1B05-160_1_21.jpg,5,CBHPM,0.07958157360553741,684.1725,3840.0,955.67957,3919.235
100823633_K57220_F1B05-160_1_21.jpg,6,CBVPM,0.050202831625938416,681.8257,3840.2148,981.64404,3928.2527
100823633_K57220_F1B05-160_1_21.jpg,6,CBVPM,0.04989171028137207,646.70746,3596.1582,967.1265,3957.0522
100823633_K57220_F1B05-160_1_21.jpg,5,CBHPM,0.03321420028805733,706.2422,3840.0,909.99585,3883.823
100823633_K57220_F1B05-160_1_21.jpg,6,CBVPM,0.0267729964107275,375.26035,4611.2397,762.54456,4952.005
100823633_K57220_F1B05-160_1_21.jpg,5,CBHPM,0.01574239879846573,673.26306,3840.0784,1014.2245,3974.885
100823633_K57220_F1B05-160_1_21.jpg,6,CBVPM,0.010722166858613491,681.2094,3840.2388,884.6735,3878.1287
100823633_K57220_F1B05-160_1_21.jpg,6,CBVPM,0.010110849514603615,545.1964,3840.0,935.43835,3949.2866
100823633_K57220_F1B05-160_1_21.jpg,6,CBVPM,0.010027378797531128,750.64966,3710.3264,926.897,3899.8074
100823633_K57220_F1B05-160_1_21.jpg,5,CBHPM,0.008269427344202995,772.66003,3711.3472,922.11755,3878.3926
100823633_K57220_F1B05-160_1_21.jpg,6,CBVPM,0.007696025539189577,3320.7078,2495.0098,3618.998,2681.2578
100823633_K57220_F1B05-160_1_21.jpg,6,CBVPM,0.006502735428512096,489.59482,4699.336,698.23914,4914.7656
100823633_K57220_F1B05-160_1_21.jpg,6,CBVPM,0.006238379515707493,671.3357,3840.0,1007.2595,3997.6814
100823633_K57220_F1B05-160_1_21.jpg,5,CBHPM,0.005745292641222477,519.8977,4699.9624,695.2427,4903.7856
100823633_K57220_F1B05-160_1_21.jpg,5,CBHPM,0.002799563342705369,531.37915,3840.0952,913.98584,3906.7393
100823633_K57220_F1B05-160_1_21.jpg,5,CBHPM,0.00225862511433661,712.03625,3840.0,939.83875,3863.1094
100823633_K57220_F1B05-160_1_21.jpg,6,CBVPM,0.0010156033094972372,330.74683,3572.1545,782.0657,3969.4885
100823633_K57220_F1B05-160_1_21.jpg,6,CBVPM,0.001008255174383521,2381.9019,3138.1924,2481.2698,3275.9683
100825030_K57180_F1B05-158_1_21.jpg,6,CBVPM,0.11101172119379044,833.60754,3840.6301,1128.6847,3976.601
100825030_K57180_F1B05-158_1_21.jpg,5,CBHPM,0.07275203615427017,833.2223,3841.0654,1127.0293,3986.8032
100825030_K57180_F1B05-158_1_21.jpg,6,CBVPM,0.0500677227973938,960.0,3757.6343,1103.9578,3955.2227
100825030_K57180_F1B05-158_1_21.jpg,6,CBVPM,0.04626841098070145,3867.4424,2561.2783,4128.506,2720.658
100825030_K57180_F1B05-158_1_21.jpg,6,CBVPM,0.021129490807652473,729.01465,4722.926,919.812,4921.359
100825030_K57180_F1B05-158_1_21.jpg,5,CBHPM,0.01733258366584778,960.0,3777.9873,1091.0394,3935.397
100825030_K57180_F1B05-158_1_21.jpg,6,CBVPM,0.016773493960499763,834.4275,3697.8037,1117.3865,4004.15
100825030_K57180_F1B05-158_1_21.jpg,5,CBHPM,0.016711033880710602,730.99146,4718.1367,905.4503,4913.4795
100825030_K57180_F1B05-158_1_21.jpg,6,CBVPM,0.016182977706193924,596.50305,4612.046,971.17883,4975.2964
100825030_K57180_F1B05-158_1_21.jpg,13,BSBM,0.013924353756010532,961.81726,3842.852,1150.6462,4038.6152
100825030_K57180_F1B05-158_1_21.jpg,6,CBVPM,0.011920097284018993,919.0238,3840.4492,1082.997,3927.9219
100825030_K57180_F1B05-158_1_21.jpg,6,CBVPM,0.00876755639910698,641.1832,3840.412,1075.454,3978.536
100825030_K57180_F1B05-158_1_21.jpg,5,CBHPM,0.00569221330806613,960.0,3840.0,1113.1099,3922.8013
100825030_K57180_F1B05-158_1_21.jpg,5,CBHPM,0.003401207271963358,4106.7964,2880.6438,4302.256,2929.3872
100825030_K57180_F1B05-158_1_21.jpg,5,CBHPM,0.003309714375063777,668.67737,3840.9312,1064.0138,3963.7905
100825030_K57180_F1B05-158_1_21.jpg,5,CBHPM,0.0031819422729313374,960.0,3840.0,1138.3833,4052.5032
100825030_K57180_F1B05-158_1_21.jpg,6,CBVPM,0.0016728265909478068,572.79407,3840.0,926.5204,3952.3708
100825030_K57180_F1B05-158_1_21.jpg,6,CBVPM,0.0016143341781571507,1020.5253,3057.2725,1181.7134,3190.329
100825030_K57180_F1B05-158_1_21.jpg,5,CBHPM,0.0015817477833479643,4099.6543,2880.2002,4387.8613,2951.5847
100825030_K57180_F1B05-158_1_21.jpg,5,CBHPM,0.0015599166508764029,600.6605,4636.4443,960.3959,4974.943
100825030_K57180_F1B05-158_1_21.jpg,6,CBVPM,0.001501233666203916,960.0,3771.9268,1041.6228,3939.3262
100825030_K57180_F1B05-158_1_21.jpg,6,CBVPM,0.0014275454450398684,552.5355,3694.0261,956.3556,4009.0469
100825030_K57180_F1B05-158_1_21.jpg,1,VHBNL,0.0012564528733491898,960.0,3840.0,1118.8483,3895.422
100825030_K57180_F1B05-158_1_21.jpg,6,CBVPM,0.0012339724926277995,4100.262,2880.4653,4314.6,2916.7996
100825030_K57180_F1B05-158_1_21.jpg,6,CBVPM,0.0010631850454956293,960.0,3840.0,1148.743,4045.6316
100826410_K57140_F1B05-156_1_21.jpg,6,CBVPM,0.13429100811481476,661.38293,3840.1128,987.8373,4012.087
100826410_K57140_F1B05-156_1_21.jpg,6,CBVPM,0.12114940583705902,446.82507,4692.5464,779.74036,5009.2217
100826410_K57140_F1B05-156_1_21.jpg,6,CBVPM,0.044298525899648666,669.43634,3687.1313,1004.253,4035.719
100826410_K57140_F1B05-156_1_21.jpg,5,CBHPM,0.03314127400517464,562.7189,4770.704,735.2445,4964.6436
100826410_K57140_F1B05-156_1_21.jpg,6,CBVPM,0.026049867272377014,771.43884,3797.2778,926.62463,3965.5264
100826410_K57140_F1B05-156_1_21.jpg,6,CBVPM,0.01907256618142128,3322.855,2575.2217,3587.9407,2733.7878
100826410_K57140_F1B05-156_1_21.jpg,5,CBHPM,0.018579524010419846,788.06396,3841.871,954.34546,3968.5857
100826410_K57140_F1B05-156_1_21.jpg,6,CBVPM,0.014171740040183067,542.44055,4771.1514,713.18616,4961.01
100826410_K57140_F1B05-156_1_21.jpg,6,CBVPM,0.004349653143435717,392.783,3655.1748,810.57935,4043.891
100826410_K57140_F1B05-156_1_21.jpg,6,CBVPM,0.0035627426113933325,494.6028,3840.0,933.6277,4061.4893
100826410_K57140_F1B05-156_1_21.jpg,6,CBVPM,0.002147330204024911,4183.935,1.726654,4414.8755,202.01361
100826410_K57140_F1B05-156_1_21.jpg,5,CBHPM,0.002055438933894038,4626.5063,2168.3484,4910.752,2237.4128
100826410_K57140_F1B05-156_1_21.jpg,5,CBHPM,0.0017757160821929574,502.52368,3840.1206,945.32275,4055.3582
100827836_K57100_F1B05-154_1_21.jpg,6,CBVPM,0.069607675075531,3907.474,2470.42,4160.0,2639.1775
100827836_K57100_F1B05-154_1_21.jpg,6,CBVPM,0.0400397889316082,527.34656,4720.813,880.1046,5021.458
100827836_K57100_F1B05-154_1_21.jpg,6,CBVPM,0.03471394255757332,746.36414,3770.7168,1024.3099,4073.2827
100827836_K57100_F1B05-154_1_21.jpg,6,CBVPM,0.0332089364528656,846.69666,3844.8816,1012.72815,4033.441
100827836_K57100_F1B05-154_1_21.jpg,6,CBVPM,0.03318723291158676,960.0,3840.0,1016.4238,4028.802
100827836_K57100_F1B05-154_1_21.jpg,5,CBHPM,0.026226762682199478,3914.6006,2473.439,4160.0,2634.542
100827836_K57100_F1B05-154_1_21.jpg,5,CBHPM,0.015514073893427849,960.0,3840.477,1051.0675,4053.7083
100827836_K57100_F1B05-154_1_21.jpg,6,CBVPM,0.01333119161427021,960.0719,3841.225,1083.1174,4034.954
100827836_K57100_F1B05-154_1_21.jpg,5,CBHPM,0.011829769238829613,864.2908,3846.9473,1002.27515,4007.6758
100827836_K57100_F1B05-154_1_21.jpg,5,CBHPM,0.009402750991284847,960.0,3840.0,1012.0804,4023.1973
100827836_K57100_F1B05-154_1_21.jpg,4,SVHTNL,0.007348375394940376,5091.8496,1413.484,5119.175,1631.997
100827836_K57100_F1B05-154_1_21.jpg,11,GWCNM,0.004813394509255886,960.0,3806.1199,990.55585,4031.8987
100827836_K57100_F1B05-154_1_21.jpg,5,CBHPM,0.003495767479762435,960.7108,3842.296,1128.9905,4028.3254
100827836_K57100_F1B05-154_1_21.jpg,5,CBHPM,0.0030135076958686113,581.3097,3198.8687,1030.207,3638.3906
100827836_K57100_F1B05-154_1_21.jpg,12,GWCNL,0.0023955705109983683,960.0,3840.0,1007.4727,4051.8105
100827836_K57100_F1B05-154_1_21.jpg,5,CBHPM,0.002389668021351099,654.85095,4793.841,812.05383,4963.2363
100827836_K57100_F1B05-154_1_21.jpg,6,CBVPM,0.002003295114263892,620.6322,4785.117,821.42175,4981.374
100827836_K57100_F1B05-154_1_21.jpg,5,CBHPM,0.0018760381499305367,534.8644,4742.9556,835.9159,5035.5195
100827836_K57100_F1B05-154_1_21.jpg,5,CBHPM,0.0017297386657446623,4534.0264,0.2558899,4691.8706,66.32289
100827836_K57100_F1B05-154_1_21.jpg,5,CBHPM,0.0012355042854323983,960.40625,3874.277,995.49915,4070.6006
100827836_K57100_F1B05-154_1_21.jpg,5,CBHPM,0.0011062114499509335,2526.3354,2081.1147,2816.5203,2240.0
100831858_K56981_F1B05-148_1_21.jpg,5,CBHPM,0.13491231203079224,713.8153,3738.052,868.9059,3909.6975
100831858_K56981_F1B05-148_1_21.jpg,5,CBHPM,0.09514343738555908,617.6216,3840.0,884.96045,3960.8098
100831858_K56981_F1B05-148_1_21.jpg,6,CBVPM,0.06327030062675476,618.7391,3840.0,953.37286,3994.9055
100831858_K56981_F1B05-148_1_21.jpg,6,CBVPM,0.04628756642341614,706.5145,3736.688,861.6627,3909.2427
100831858_K56981_F1B05-148_1_21.jpg,6,CBVPM,0.043296653777360916,494.8233,3840.0,831.075,3980.1863
100831858_K56981_F1B05-148_1_21.jpg,6,CBVPM,0.036897964775562286,582.81433,3649.2776,901.5913,3974.8135
100831858_K56981_F1B05-148_1_21.jpg,5,CBHPM,0.03389015421271324,665.0664,3840.6472,844.8938,3897.5444
100831858_K56981_F1B05-148_1_21.jpg,6,CBVPM,0.032653819769620895,3303.1636,2512.24,3583.403,2674.8247
100831858_K56981_F1B05-148_1_21.jpg,5,CBHPM,0.029610412195324898,589.76294,3840.0,776.0868,3895.2412
100831858_K56981_F1B05-148_1_21.jpg,6,CBVPM,0.011559984646737576,406.0015,3840.2693,752.4883,3903.5864
100831858_K56981_F1B05-148_1_21.jpg,6,CBVPM,0.01138257421553135,446.07404,4732.3667,647.5977,4935.326
100831858_K56981_F1B05-148_1_21.jpg,6,CBVPM,0.01024588942527771,340.27325,4655.3506,722.02313,4972.899
100831858_K56981_F1B05-148_1_21.jpg,5,CBHPM,0.006829599849879742,536.7759,3840.0,808.7759,3929.8142
100831858_K56981_F1B05-148_1_21.jpg,5,CBHPM,0.006145849358290434,455.53723,4729.4434,633.827,4929.6157
100831858_K56981_F1B05-148_1_21.jpg,5,CBHPM,0.00546264136210084,627.73175,3840.0,795.4161,4011.9724
100831858_K56981_F1B05-148_1_21.jpg,6,CBVPM,0.0053568435832858086,547.9929,3783.197,876.0221,4008.253
100831858_K56981_F1B05-148_1_21.jpg,6,CBVPM,0.004680063109844923,3435.837,2454.0513,3703.854,2673.623
100831858_K56981_F1B05-148_1_21.jpg,6,CBVPM,0.003553001908585429,481.35593,3840.4958,702.6443,3874.0913
100831858_K56981_F1B05-148_1_21.jpg,1,VHBNL,0.0032203788869082928,2643.62,2880.445,2947.8535,2988.1738
100831858_K56981_F1B05-148_1_21.jpg,5,CBHPM,0.0031427014619112015,2121.9126,3284.7864,2239.6992,3626.312
100831858_K56981_F1B05-148_1_21.jpg,6,CBVPM,0.002905012108385563,635.76465,3840.0164,929.31885,3923.4604
100831858_K56981_F1B05-148_1_21.jpg,5,CBHPM,0.0024732076562941074,2191.7173,3357.4795,2239.6958,3584.7163
100831858_K56981_F1B05-148_1_21.jpg,5,CBHPM,0.0023366340901702642,496.27115,3840.7498,721.73987,3872.6602
100831858_K56981_F1B05-148_1_21.jpg,6,CBVPM,0.0018770822789520025,576.4363,3840.0,802.5901,3879.998
100831858_K56981_F1B05-148_1_21.jpg,6,CBVPM,0.001452868920750916,2173.0847,3280.4033,2237.153,3607.6655
100831858_K56981_F1B05-148_1_21.jpg,14,INSD,0.0012237740447744727,2880.0,2880.0,2939.1914,3139.6987
100831858_K56981_F1B05-148_1_21.jpg,12,GWCNL,0.0011801437940448523,2880.2532,2880.0,2941.4182,3113.2856
100831858_K56981_F1B05-148_1_21.jpg,6,CBVPM,0.001126660848967731,395.16168,3589.1973,799.08954,3998.5425
100831858_K56981_F1B05-148_1_21.jpg,5,CBHPM,0.0010840528411790729,600.0381,3840.0,826.375,3872.904
100837754_K56813_F1B05-138_1_21.jpg,6,CBVPM,0.07943151891231537,974.147,3967.3696,1185.0007,4160.0
100837754_K56813_F1B05-138_1_21.jpg,6,CBVPM,0.050486113876104355,873.7149,3871.4536,1207.6328,4223.9824
100837754_K56813_F1B05-138_1_21.jpg,5,CBHPM,0.04551823437213898,872.9884,3877.1833,1215.2777,4160.0
100837754_K56813_F1B05-138_1_21.jpg,6,CBVPM,0.028032764792442322,1146.1945,3249.4148,1279.2198,3519.3352
100837754_K56813_F1B05-138_1_21.jpg,6,CBVPM,0.025248665362596512,3951.879,2421.3867,4241.1943,2602.267
100837754_K56813_F1B05-138_1_21.jpg,5,CBHPM,0.023165343329310417,1209.0334,3251.165,1375.1438,3432.3562
100837754_K56813_F1B05-138_1_21.jpg,6,CBVPM,0.015404938720166683,1188.8647,3171.0183,1280.0,3470.1162
100837754_K56813_F1B05-138_1_21.jpg,6,CBVPM,0.012553812935948372,1073.2914,3142.8171,1423.4827,3495.5886
100837754_K56813_F1B05-138_1_21.jpg,5,CBHPM,0.011389530263841152,1145.7117,3342.043,1279.8162,3508.6045
100837754_K56813_F1B05-138_1_21.jpg,5,CBHPM,0.010964012704789639,984.6362,3977.0515,1135.4277,4154.799
100837754_K56813_F1B05-138_1_21.jpg,6,CBVPM,0.009381580166518688,2880.957,2673.21,2928.6323,2844.5195
100837754_K56813_F1B05-138_1_21.jpg,5,CBHPM,0.00871213711798191,1079.023,3131.7742,1279.8877,3485.2886
100837754_K56813_F1B05-138_1_21.jpg,5,CBHPM,0.007354294415563345,1207.5352,3249.8674,1280.0,3437.8184
100837754_K56813_F1B05-138_1_21.jpg,6,CBVPM,0.006297179032117128,1200.1523,3250.7725,1397.9098,3456.483
100837754_K56813_F1B05-138_1_21.jpg,6,CBVPM,0.005839033052325249,985.40735,4103.0376,1094.9799,4160.0
100837754_K56813_F1B05-138_1_21.jpg,5,CBHPM,0.004097311291843653,616.2229,4095.7075,932.54565,4158.2363
100837754_K56813_F1B05-138_1_21.jpg,1,VHBNL,0.003566600615158677,1250.4882,3264.5415,1280.0,3458.17
100837754_K56813_F1B05-138_1_21.jpg,5,CBHPM,0.00329196872189641,422.4618,2880.0,678.02686,2962.1995
100837754_K56813_F1B05-138_1_21.jpg,1,VHBNL,0.003212693613022566,1212.5715,3259.4858,1280.0,3453.4375
100837754_K56813_F1B05-138_1_21.jpg,5,CBHPM,0.0028311724308878183,2404.8582,1502.1217,2828.79,1923.1215
100837754_K56813_F1B05-138_1_21.jpg,1,VHBNL,0.0023028552532196045,1226.4006,3350.2612,1280.0,3477.0684
100837754_K56813_F1B05-138_1_21.jpg,6,CBVPM,0.0022669867612421513,1090.3689,3302.505,1404.9661,3555.1812
100837754_K56813_F1B05-138_1_21.jpg,5,CBHPM,0.002165238605812192,2881.0637,2666.747,2943.8604,2871.683
100837754_K56813_F1B05-138_1_21.jpg,5,CBHPM,0.0018122430192306638,3207.4907,960.0,3481.7275,1038.2008
100837754_K56813_F1B05-138_1_21.jpg,6,CBVPM,0.0017872090684249997,3185.6467,960.0,3497.2075,1063.5415
100837754_K56813_F1B05-138_1_21.jpg,5,CBHPM,0.0017225171905010939,2271.232,3026.31,2450.5122,3196.301
100837754_K56813_F1B05-138_1_21.jpg,6,CBVPM,0.0016998733626678586,1652.6985,1002.9134,2106.6606,1411.4519
100837754_K56813_F1B05-138_1_21.jpg,5,CBHPM,0.0015013337833806872,961.8077,3249.1868,1055.0239,3522.3223
100837754_K56813_F1B05-138_1_21.jpg,5,CBHPM,0.0014907242730259895,984.96814,4106.167,1085.2943,4158.5635
100837754_K56813_F1B05-138_1_21.jpg,6,CBVPM,0.0012097544968128204,775.2357,3058.961,1205.1566,3485.302
100837754_K56813_F1B05-138_1_21.jpg,5,CBHPM,0.001209342502988875,1211.5652,3347.811,1279.4163,3500.7717
100837754_K56813_F1B05-138_1_21.jpg,1,VHBNL,0.001096160733141005,3040.0454,2881.8735,3200.0,2965.2402
100837754_K56813_F1B05-138_1_21.jpg,1,VHBNL,0.0010240273550152779,1138.4597,3225.8433,1278.4832,3509.0771
100838984_K56778_F1B05-136_1_21.jpg,5,CBHPM,0.3754079043865204,1018.05994,2992.61,1280.0,3381.329
100838984_K56778_F1B05-136_1_21.jpg,5,CBHPM,0.17844751477241516,1143.0911,3116.2454,1280.0,3301.0154
100838984_K56778_F1B05-136_1_21.jpg,6,CBVPM,0.13997513055801392,3972.664,2308.0059,4158.0537,2481.88
100838984_K56778_F1B05-136_1_21.jpg,6,CBVPM,0.06433936953544617,960.70605,4137.8633,997.80493,4344.8823
100838984_K56778_F1B05-136_1_21.jpg,5,CBHPM,0.03164105489850044,3969.169,2306.0435,4253.09,2478.9128
100838984_K56778_F1B05-136_1_21.jpg,6,CBVPM,0.030715951696038246,1016.4601,3001.8298,1374.1329,3375.4805
100838984_K56778_F1B05-136_1_21.jpg,4,SVHTNL,0.02904048003256321,4133.0327,1595.7771,4158.7383,1814.9287
100838984_K56778_F1B05-136_1_21.jpg,5,CBHPM,0.028425734490156174,960.0,4139.4766,1010.4762,4348.179
100838984_K56778_F1B05-136_1_21.jpg,6,CBVPM,0.025906288996338844,693.9049,4041.887,1056.091,4404.5967
100838984_K56778_F1B05-136_1_21.jpg,6,CBVPM,0.009461005218327045,1133.0526,3117.1638,1287.5502,3293.8706
100838984_K56778_F1B05-136_1_21.jpg,5,CBHPM,0.008242090232670307,960.0,4160.0586,987.56165,4369.287
100838984_K56778_F1B05-136_1_21.jpg,5,CBHPM,0.0058816904202103615,1104.188,3106.9038,1278.7178,3513.497
100838984_K56778_F1B05-136_1_21.jpg,5,CBHPM,0.004983522929251194,709.7803,3898.5212,1086.4198,4160.0
100838984_K56778_F1B05-136_1_21.jpg,5,CBHPM,0.0040857791900634766,836.274,2909.1401,1280.0,3348.894
100838984_K56778_F1B05-136_1_21.jpg,6,CBVPM,0.003722550580278039,2923.5042,3840.0833,3166.0457,3949.8901
100838984_K56778_F1B05-136_1_21.jpg,6,CBVPM,0.003721690969541669,756.53723,2961.4077,1154.4332,3340.4758
100838984_K56778_F1B05-136_1_21.jpg,6,CBVPM,0.003598598064854741,799.5543,4129.8394,1017.9033,4375.748
100838984_K56778_F1B05-136_1_21.jpg,5,CBHPM,0.0035207325126975775,593.2307,3875.8003,921.69116,4160.0
100838984_K56778_F1B05-136_1_21.jpg,1,VHBNL,0.0034939574543386698,706.8794,4042.7036,1048.3951,4378.5454
100838984_K56778_F1B05-136_1_21.jpg,6,CBVPM,0.00291058118455112,960.0,4066.6052,983.74475,4293.5474
100838984_K56778_F1B05-136_1_21.jpg,5,CBHPM,0.002633489668369293,960.5603,4104.7485,1052.7129,4374.5615
100838984_K56778_F1B05-136_1_21.jpg,6,CBVPM,0.0026293997652828693,758.5571,3002.5337,1149.853,3194.941
100838984_K56778_F1B05-136_1_21.jpg,6,CBVPM,0.0024281381629407406,1162.0396,3086.9097,1278.0237,3496.456
100838984_K56778_F1B05-136_1_21.jpg,5,CBHPM,0.0022219170350581408,2918.8247,3840.3396,3146.2607,3914.6526
100838984_K56778_F1B05-136_1_21.jpg,6,CBVPM,0.001942392555065453,558.4534,4033.7944,902.02924,4157.8857
100838984_K56778_F1B05-136_1_21.jpg,5,CBHPM,0.001814199611544609,1001.55743,3001.098,1386.545,3200.0
100838984_K56778_F1B05-136_1_21.jpg,5,CBHPM,0.0011047176085412502,1231.3964,3107.6943,1280.0,3315.7324
100838984_K56778_F1B05-136_1_21.jpg,6,CBVPM,0.0010800383752211928,540.50525,4698.3896,719.74207,4847.41
100838984_K56778_F1B05-136_1_21.jpg,6,CBVPM,0.0010545452823862433,552.6134,3928.6287,945.82947,4160.0
100840244_K56743_F1B05-134_1_21.jpg,6,CBVPM,0.21343129873275757,1068.029,3177.5332,1410.1646,3536.6265
100840244_K56743_F1B05-134_1_21.jpg,6,CBVPM,0.15190467238426208,1188.5176,3177.9438,1279.2703,3508.543
100840244_K56743_F1B05-134_1_21.jpg,5,CBHPM,0.05173882097005844,1080.1725,3175.6448,1278.3236,3521.685
100840244_K56743_F1B05-134_1_21.jpg,6,CBVPM,0.0365104004740715,765.37,4147.9053,1123.4388,4513.238
100840244_K56743_F1B05-134_1_21.jpg,5,CBHPM,0.02016560360789299,960.0,4172.805,1092.8467,4510.3774
100840244_K56743_F1B05-134_1_21.jpg,6,CBVPM,0.012843238189816475,4006.702,2356.8208,4271.896,2527.6296
100840244_K56743_F1B05-134_1_21.jpg,6,CBVPM,0.010875862091779709,1188.8247,3278.5544,1379.8898,3483.9006
100840244_K56743_F1B05-134_1_21.jpg,1,VHBNL,0.008646437898278236,1181.3947,3267.08,1277.2264,3514.4092
100840244_K56743_F1B05-134_1_21.jpg,6,CBVPM,0.0045324573293328285,3984.8672,2342.9343,4160.0,2538.2834
100840244_K56743_F1B05-134_1_21.jpg,6,CBVPM,0.0034221771638840437,790.1428,3101.848,1208.2251,3507.8887
100840244_K56743_F1B05-134_1_21.jpg,5,CBHPM,0.003152110381051898,1852.2305,2492.6682,2006.4021,2655.4585
100840244_K56743_F1B05-134_1_21.jpg,5,CBHPM,0.00240265647880733,1146.2285,3268.2124,1278.334,3529.7368
100840244_K56743_F1B05-134_1_21.jpg,5,CBHPM,0.0023923602420836687,1188.8711,3281.0571,1346.8887,3454.1763
100840244_K56743_F1B05-134_1_21.jpg,5,CBHPM,0.0023319111205637455,1201.4225,3280.3213,1278.6344,3473.3735
100840244_K56743_F1B05-134_1_21.jpg,1,VHBNL,0.0019358661957085133,1097.2825,3259.6982,1275.4617,3520.9253
100840244_K56743_F1B05-134_1_21.jpg,5,CBHPM,0.0017002674285322428,960.0,3191.935,1100.313,3486.6353
100840244_K56743_F1B05-134_1_21.jpg,12,GWCNL,0.0015262215165421367,669.70337,3841.1367,1073.4734,3884.0977
100840244_K56743_F1B05-134_1_21.jpg,6,CBVPM,0.0010589966550469398,864.395,4243.86,1069.4944,4479.8857
100840244_K56743_F1B05-134_1_21.jpg,5,CBHPM,0.0010334034450352192,1189.969,3347.2888,1278.4465,3538.502
100841493_K56708_F1B05-132_1_21.jpg,6,CBVPM,0.13776475191116333,1134.8105,3236.1982,1280.0,3562.9224
100841493_K56708_F1B05-132_1_21.jpg,6,CBVPM,0.09778478741645813,1124.9117,3237.5305,1460.6418,3582.8877
100841493_K56708_F1B05-132_1_21.jpg,6,CBVPM,0.040955815464258194,854.06104,4214.9653,1190.1641,4553.046
100841493_K56708_F1B05-132_1_21.jpg,6,CBVPM,0.0407569594681263,3951.425,2389.925,4154.493,2560.9773
100841493_K56708_F1B05-132_1_21.jpg,5,CBHPM,0.019587412476539612,3954.1523,2388.3684,4235.3564,2559.2654
100841493_K56708_F1B05-132_1_21.jpg,6,CBVPM,0.015719009563326836,1201.7441,3323.7666,1438.0598,3539.5457
100841493_K56708_F1B05-132_1_21.jpg,6,CBVPM,0.011672776192426682,843.7827,3154.8967,1267.7427,3573.6663
100841493_K56708_F1B05-132_1_21.jpg,6,CBVPM,0.008624536916613579,962.60156,4238.3477,1144.4465,4528.2246
100841493_K56708_F1B05-132_1_21.jpg,5,CBHPM,0.00858934223651886,964.0376,4294.518,1139.1661,4520.424
100841493_K56708_F1B05-132_1_21.jpg,1,VHBNL,0.0077803549356758595,861.4057,4219.919,1191.44,4535.508
100841493_K56708_F1B05-132_1_21.jpg,5,CBHPM,0.0071511054411530495,1255.7009,3341.4688,1410.8755,3507.9956
100841493_K56708_F1B05-132_1_21.jpg,11,GWCNM,0.0034023523330688477,960.0,3841.2854,991.1708,3991.0881
100841493_K56708_F1B05-132_1_21.jpg,6,CBVPM,0.0033811372704803944,1107.8918,3403.1846,1446.1346,3677.0896
100841493_K56708_F1B05-132_1_21.jpg,6,CBVPM,0.0030777067877352238,1234.8787,3334.0864,1374.2704,3514.9326
100841493_K56708_F1B05-132_1_21.jpg,1,VHBNL,0.002197347115725279,1229.2976,3421.3936,1277.928,3602.169
100841493_K56708_F1B05-132_1_21.jpg,6,CBVPM,0.002160865580663085,993.55164,3241.1135,1278.547,3549.5928
100841493_K56708_F1B05-132_1_21.jpg,5,CBHPM,0.0018262368394061923,1122.2949,3404.6975,1279.6597,3679.1836
100841493_K56708_F1B05-132_1_21.jpg,5,CBHPM,0.001820918871089816,960.09753,3840.0,991.4324,3985.4485
100841493_K56708_F1B05-132_1_21.jpg,6,CBVPM,0.0013871982228010893,973.01776,3840.3755,1347.1407,3940.731
100841493_K56708_F1B05-132_1_21.jpg,5,CBHPM,0.0010775524424389005,969.19116,3840.9553,1338.8438,3905.031
100841493_K56708_F1B05-132_1_21.jpg,6,CBVPM,0.0010371513199061155,1232.7598,3347.1396,1280.0,3537.3308
100842742_K56673_F1B05-130_1_21.jpg,6,CBVPM,0.21177637577056885,1135.7582,3261.8403,1449.4817,3572.4143
100842742_K56673_F1B05-130_1_21.jpg,6,CBVPM,0.09053081274032593,1140.6482,3261.2383,1280.0,3546.584
100842742_K56673_F1B05-130_1_21.jpg,6,CBVPM,0.05911501497030258,968.52106,4298.463,1168.1956,4514.6494
100842742_K56673_F1B05-130_1_21.jpg,6,CBVPM,0.0509437695145607,3967.3057,2411.8647,4249.784,2600.1973
100842742_K56673_F1B05-130_1_21.jpg,6,CBVPM,0.04373897984623909,880.34094,4212.082,1216.9039,4543.5835
100842742_K56673_F1B05-130_1_21.jpg,5,CBHPM,0.034955576062202454,1267.2523,3345.8208,1424.4231,3514.024
100842742_K56673_F1B05-130_1_21.jpg,5,CBHPM,0.02407774142920971,1139.8744,3258.2944,1445.4374,3559.3574
100842742_K56673_F1B05-130_1_21.jpg,6,CBVPM,0.022047145292162895,1257.6189,3342.752,1452.095,3533.6836
100842742_K56673_F1B05-130_1_21.jpg,6,CBVPM,0.01216063555330038,859.7507,3158.5793,1280.0,3565.2568
100842742_K56673_F1B05-130_1_21.jpg,5,CBHPM,0.008993499912321568,967.7858,4293.465,1145.7673,4495.135
100842742_K56673_F1B05-130_1_21.jpg,6,CBVPM,0.004275978542864323,962.3497,3595.4014,1017.6024,3730.3218
100842742_K56673_F1B05-130_1_21.jpg,6,CBVPM,0.0029942248947918415,960.0,3619.3645,994.34546,3733.9988
100842742_K56673_F1B05-130_1_21.jpg,6,CBVPM,0.0021354202181100845,886.41876,3840.1099,956.0308,3890.1052
100842742_K56673_F1B05-130_1_21.jpg,5,CBHPM,0.0019179151859134436,961.2408,3598.164,1015.8673,3729.9917
100842742_K56673_F1B05-130_1_21.jpg,5,CBHPM,0.00170411157887429,1566.2832,2012.9337,1944.4197,2240.0
100842742_K56673_F1B05-130_1_21.jpg,6,CBVPM,0.0010966005502268672,747.56824,4727.289,921.3041,4872.281
100842742_K56673_F1B05-130_1_21.jpg,6,CBVPM,0.0010922752553597093,1230.8425,3327.8743,1280.0,3504.1494
100843976_K56638_F1B05-128_1_21.jpg,6,CBVPM,0.11121801286935806,1179.9812,3283.6953,1278.6584,3487.9253
100843976_K56638_F1B05-128_1_21.jpg,6,CBVPM,0.0978083461523056,3971.9976,2285.1052,4157.826,2525.229
100843976_K56638_F1B05-128_1_21.jpg,6,CBVPM,0.04565611854195595,746.02356,4166.7983,1143.2863,4558.1
100843976_K56638_F1B05-128_1_21.jpg,6,CBVPM,0.03701098635792732,3983.9407,2328.679,4290.307,2523.7834
100843976_K56638_F1B05-128_1_21.jpg,6,CBVPM,0.034656085073947906,1145.103,3201.3677,1279.6338,3511.4524
100843976_K56638_F1B05-128_1_21.jpg,6,CBVPM,0.021975992247462273,1037.3579,3184.609,1400.0786,3552.7036
100843976_K56638_F1B05-128_1_21.jpg,6,CBVPM,0.019097594544291496,794.931,3101.2058,1185.7072,3503.681
100843976_K56638_F1B05-128_1_21.jpg,6,CBVPM,0.007414291147142649,864.07007,4278.3096,1075.5227,4513.7646
100843976_K56638_F1B05-128_1_21.jpg,6,CBVPM,0.005373036954551935,3993.7556,2880.0,4160.0,3000.251
100843976_K56638_F1B05-128_1_21.jpg,6,CBVPM,0.005363181233406067,2916.1113,3840.4893,3212.2117,3917.1772
100843976_K56638_F1B05-128_1_21.jpg,6,CBVPM,0.0027713042218238115,1112.6184,3313.3555,1279.3655,3549.7869
100843976_K56638_F1B05-128_1_21.jpg,5,CBHPM,0.0023660745937377214,873.2886,4277.8496,1049.3333,4480.3975
100843976_K56638_F1B05-128_1_21.jpg,12,GWCNL,0.001766039291396737,581.88635,4037.2358,1147.4867,4597.6553
100843976_K56638_F1B05-128_1_21.jpg,5,CBHPM,0.0016355857951566577,753.2977,4159.586,1136.1901,4512.401
100843976_K56638_F1B05-128_1_21.jpg,5,CBHPM,0.001627882244065404,2947.9333,3840.0,3148.055,3885.7441
100843976_K56638_F1B05-128_1_21.jpg,5,CBHPM,0.0014841597294434905,1920.0,2483.7522,2004.1573,2618.043
100843976_K56638_F1B05-128_1_21.jpg,5,CBHPM,0.0013856388395652175,1056.1604,3176.9998,1280.0,3536.8364
100843976_K56638_F1B05-128_1_21.jpg,6,CBVPM,0.0013567801797762513,796.86,3138.0215,860.0178,3200.0
100843976_K56638_F1B05-128_1_21.jpg,6,CBVPM,0.0011352673172950745,1209.8003,3390.7866,1280.0,3537.8843
100843976_K56638_F1B05-128_1_21.jpg,6,CBVPM,0.0011273629497736692,1571.2268,960.36444,1922.3516,1065.2899
100845239_K56603_F1B05-126_1_21.jpg,6,CBVPM,0.08186960965394974,3967.7356,2358.0957,4266.559,2552.625
100845239_K56603_F1B05-126_1_21.jpg,6,CBVPM,0.057627372443675995,886.25775,3227.3606,1266.9385,3619.6973
100845239_K56603_F1B05-126_1_21.jpg,6,CBVPM,0.04802912473678589,885.7615,4249.8027,1240.3689,4628.842
100845239_K56603_F1B05-126_1_21.jpg,6,CBVPM,0.03016779012978077,1289.4324,3409.7476,1433.4504,3570.1646
100845239_K56603_F1B05-126_1_21.jpg,6,CBVPM,0.011764192022383213,1149.719,3310.182,1474.1422,3645.3103
100845239_K56603_F1B05-126_1_21.jpg,6,CBVPM,0.010184832848608494,975.7238,4336.49,1180.393,4579.408
100845239_K56603_F1B05-126_1_21.jpg,6,CBVPM,0.005613692104816437,1160.0837,3311.447,1280.0,3597.4744
100845239_K56603_F1B05-126_1_21.jpg,5,CBHPM,0.0030743947718292475,1231.083,1359.4419,1280.0,1569.6321
100845239_K56603_F1B05-126_1_21.jpg,1,VHBNL,0.0025686388835310936,920.44324,4254.6167,1223.8129,4587.318
100845239_K56603_F1B05-126_1_21.jpg,6,CBVPM,0.002460892079398036,1220.3181,1305.063,1279.5544,1523.7767
100845239_K56603_F1B05-126_1_21.jpg,5,CBHPM,0.0015344357816502452,1078.8799,3289.021,1280.0,3604.7632
100845239_K56603_F1B05-126_1_21.jpg,5,CBHPM,0.00152262591291219,986.22107,4341.4395,1193.247,4581.6196
100845239_K56603_F1B05-126_1_21.jpg,6,CBVPM,0.0015086440835148096,546.4426,2880.3594,918.26135,3002.784
100845239_K56603_F1B05-126_1_21.jpg,6,CBVPM,0.0011809791903942823,1148.3152,1283.5139,1279.4978,1569.6724
100846465_K56568_F1B05-124_1_21.jpg,6,CBVPM,0.15608756244182587,1115.8429,3303.2632,1473.612,3687.8516
100846465_K56568_F1B05-124_1_21.jpg,6,CBVPM,0.09828788787126541,888.6594,4320.9185,1237.5576,4678.316
100846465_K56568_F1B05-124_1_21.jpg,6,CBVPM,0.06189259886741638,1140.7073,3315.1074,1279.7329,3651.793
100846465_K56568_F1B05-124_1_21.jpg,6,CBVPM,0.05707303807139397,3958.117,2422.955,4252.8013,2592.8452
100846465_K56568_F1B05-124_1_21.jpg,1,VHBNL,0.025845061987638474,911.13586,4330.422,1231.6566,4647.5703
100846465_K56568_F1B05-124_1_21.jpg,6,CBVPM,0.017565589398145676,856.57935,3241.4966,1280.0,3652.7935
100846465_K56568_F1B05-124_1_21.jpg,6,CBVPM,0.006358592305332422,1245.1511,3430.4133,1385.8574,3584.22
100846465_K56568_F1B05-124_1_21.jpg,5,CBHPM,0.006336390506476164,961.01794,4313.4526,1154.0017,4697.245
100846465_K56568_F1B05-124_1_21.jpg,5,CBHPM,0.005738361738622189,1263.3429,3431.27,1415.9475,3590.6953
100846465_K56568_F1B05-124_1_21.jpg,5,CBHPM,0.005681643728166819,3962.5159,2425.0244,4248.326,2587.796
100846465_K56568_F1B05-124_1_21.jpg,5,CBHPM,0.005125114228576422,982.0102,4413.508,1198.8413,4647.449
100846465_K56568_F1B05-124_1_21.jpg,5,CBHPM,0.005024710204452276,1115.9867,3304.7476,1280.0,3653.0942
100846465_K56568_F1B05-124_1_21.jpg,6,CBVPM,0.004167049657553434,983.513,4411.9795,1197.4827,4643.7627
100846465_K56568_F1B05-124_1_21.jpg,6,CBVPM,0.0037872488610446453,1178.8289,3413.9216,1438.284,3638.1294
100846465_K56568_F1B05-124_1_21.jpg,6,CBVPM,0.0025546993128955364,4069.41,2395.88,4456.1304,2649.302
100846465_K56568_F1B05-124_1_21.jpg,5,CBHPM,0.001688969787210226,1186.7755,3523.35,1279.9406,3625.5938
100846465_K56568_F1B05-124_1_21.jpg,5,CBHPM,0.001439879066310823,865.35034,3273.6726,1280.0,3665.8103
100846465_K56568_F1B05-124_1_21.jpg,6,CBVPM,0.0010846705408766866,1181.4595,3429.6406,1280.0,3646.4856
100847689_K56533_F1B05-122_1_21.jpg,6,CBVPM,0.057217735797166824,1100.6869,3316.584,1458.0844,3674.0742
100847689_K56533_F1B05-122_1_21.jpg,6,CBVPM,0.050613272935152054,3964.5122,2395.299,4255.236,2564.2354
100847689_K56533_F1B05-122_1_21.jpg,6,CBVPM,0.02516302280128002,809.5448,4325.4062,1197.3246,4714.9194
100847689_K56533_F1B05-122_1_21.jpg,6,CBVPM,0.01734616979956627,1221.1443,3430.456,1361.3547,3598.907
100847689_K56533_F1B05-122_1_21.jpg,6,CBVPM,0.014869453385472298,960.0,4356.794,1176.4474,4663.323
100847689_K56533_F1B05-122_1_21.jpg,5,CBHPM,0.012376135215163231,1228.855,3433.7566,1387.0774,3598.99
100847689_K56533_F1B05-122_1_21.jpg,6,CBVPM,0.011800618842244148,1148.7615,3329.502,1280.0,3640.5898
100847689_K56533_F1B05-122_1_21.jpg,6,CBVPM,0.010649269446730614,847.9311,3319.044,1232.209,3636.312
100847689_K56533_F1B05-122_1_21.jpg,5,CBHPM,0.007737613283097744,1232.8613,3415.4048,1280.0,3613.226
100847689_K56533_F1B05-122_1_21.jpg,6,CBVPM,0.006577489897608757,1232.139,3424.1858,1280.0,3615.0684
100847689_K56533_F1B05-122_1_21.jpg,5,CBHPM,0.005954880733042955,960.0,4313.646,1183.9905,4683.7773
100847689_K56533_F1B05-122_1_21.jpg,6,CBVPM,0.003880965057760477,960.0,4410.091,1089.9146,4654.3003
100847689_K56533_F1B05-122_1_21.jpg,6,CBVPM,0.00349617307074368,1377.8057,2089.7124,1717.9124,2240.0
100847689_K56533_F1B05-122_1_21.jpg,11,GWCNM,0.0023576142266392708,960.0,3890.6973,985.4698,4031.0142
100847689_K56533_F1B05-122_1_21.jpg,6,CBVPM,0.002010529860854149,4096.148,2390.5635,4410.2603,2563.9766
100847689_K56533_F1B05-122_1_21.jpg,6,CBVPM,0.0016244309954345226,1431.7552,1753.3817,1547.4281,1884.993
100847689_K56533_F1B05-122_1_21.jpg,6,CBVPM,0.0014172844821587205,1135.9739,2880.545,1277.1665,3034.102
100847689_K56533_F1B05-122_1_21.jpg,4,SVHTNL,0.0013804209884256124,1251.9475,3358.0925,1279.2947,3580.7588
100847689_K56533_F1B05-122_1_21.jpg,5,CBHPM,0.0013756479602307081,960.0,4432.86,1133.8328,4645.333
100847689_K56533_F1B05-122_1_21.jpg,6,CBVPM,0.0012975098798051476,1068.3896,2882.5952,1277.6118,3117.226
100847689_K56533_F1B05-122_1_21.jpg,6,CBVPM,0.0012954830890521407,3841.7163,2998.9126,3960.331,3196.2178
100847689_K56533_F1B05-122_1_21.jpg,5,CBHPM,0.0011462103575468063,929.6428,3254.917,1280.0,3669.8984
100847689_K56533_F1B05-122_1_21.jpg,5,CBHPM,0.0011318835895508528,3842.4675,3042.3787,3955.0186,3197.0876
100848950_K56498_F1B05-120_1_21.jpg,6,CBVPM,0.06493028253316879,937.3307,4279.628,1256.6307,4617.3257
100848950_K56498_F1B05-120_1_21.jpg,6,CBVPM,0.05368063226342201,1185.5476,3342.6301,1503.3279,3693.4177
100848950_K56498_F1B05-120_1_21.jpg,6,CBVPM,0.03500998392701149,1304.8228,3447.7688,1449.609,3611.1025
100848950_K56498_F1B05-120_1_21.jpg,6,CBVPM,0.022660985589027405,3961.213,2486.564,4154.9897,2660.2063
100848950_K56498_F1B05-120_1_21.jpg,6,CBVPM,0.01760195568203926,893.57764,3256.1365,1280.0,3674.348
100848950_K56498_F1B05-120_1_21.jpg,5,CBHPM,0.01608806662261486,3956.3318,2483.2642,4241.4595,2656.879
100848950_K56498_F1B05-120_1_21.jpg,6,CBVPM,0.009831894189119339,1015.0038,4379.7803,1216.8071,4578.691
100848950_K56498_F1B05-120_1_21.jpg,5,CBHPM,0.007957002148032188,1024.3759,4373.462,1191.5801,4559.468
100848950_K56498_F1B05-120_1_21.jpg,6,CBVPM,0.00436106463894248,4089.3286,2500.5586,4323.515,2646.5864
100848950_K56498_F1B05-120_1_21.jpg,5,CBHPM,0.00290288170799613,956.1898,4282.27,1268.0375,4583.8213
100848950_K56498_F1B05-120_1_21.jpg,5,CBHPM,0.002276152139529586,2157.4597,3840.3938,2526.2224,3899.1924
100848950_K56498_F1B05-120_1_21.jpg,5,CBHPM,0.002004936570301652,1012.7141,3246.5723,1438.3374,3708.5713
100848950_K56498_F1B05-120_1_21.jpg,6,CBVPM,0.0017189090140163898,2143.9397,3840.6055,2506.7615,3899.3513
100848950_K56498_F1B05-120_1_21.jpg,6,CBVPM,0.0014596767723560333,908.1873,4473.231,1215.0251,4626.9116
100850176_K56463_F1B05-118_1_21.jpg,6,CBVPM,0.06660279631614685,3932.4165,2400.3108,4221.346,2579.567
100850176_K56463_F1B05-118_1_21.jpg,6,CBVPM,0.042348217219114304,869.09436,3213.1929,1243.5399,3571.5522
100850176_K56463_F1B05-118_1_21.jpg,6,CBVPM,0.03375564515590668,1106.8567,3265.6335,1470.4419,3629.258
100850176_K56463_F1B05-118_1_21.jpg,6,CBVPM,0.031299713999032974,960.0,4325.088,1111.2449,4558.8525
100850176_K56463_F1B05-118_1_21.jpg,6,CBVPM,0.02914724126458168,827.52356,4226.077,1211.9237,4614.885
100850176_K56463_F1B05-118_1_21.jpg,6,CBVPM,0.023923534899950027,1140.9246,3258.735,1279.9934,3598.9878
100850176_K56463_F1B05-118_1_21.jpg,6,CBVPM,0.01782035641372204,1236.9463,3382.636,1382.6428,3547.879
100850176_K56463_F1B05-118_1_21.jpg,5,CBHPM,0.01435989048331976,1242.7296,3380.5552,1402.2233,3549.481
100850176_K56463_F1B05-118_1_21.jpg,5,CBHPM,0.003707143710926175,961.47876,3233.0078,1280.0,3598.7397
100850176_K56463_F1B05-118_1_21.jpg,5,CBHPM,0.002801323775202036,960.0,4338.693,1123.5353,4541.6636
100850176_K56463_F1B05-118_1_21.jpg,6,CBVPM,0.0021256832405924797,1115.9695,3353.8484,1555.9915,3736.574
100850176_K56463_F1B05-118_1_21.jpg,6,CBVPM,0.001954431412741542,1215.0123,3356.9316,1442.192,3582.2327
100850176_K56463_F1B05-118_1_21.jpg,5,CBHPM,0.001854456146247685,1237.0309,3401.2761,1279.7521,3594.2783
100850176_K56463_F1B05-118_1_21.jpg,5,CBHPM,0.001762595260515809,1115.3545,3261.5542,1280.0,3596.1147
100850176_K56463_F1B05-118_1_21.jpg,6,CBVPM,0.0017527244053781033,2939.4175,3840.155,3224.789,3905.7375
100850176_K56463_F1B05-118_1_21.jpg,5,CBHPM,0.0016641792608425021,1164.3352,3341.3635,1279.4465,3649.1968
100850176_K56463_F1B05-118_1_21.jpg,5,CBHPM,0.0016028526006266475,3923.5508,2402.7625,4160.0,2575.25
100850176_K56463_F1B05-118_1_21.jpg,1,VHBNL,0.0013446209486573935,1242.4991,3456.543,1279.8802,3634.5176
100850176_K56463_F1B05-118_1_21.jpg,5,CBHPM,0.0011799588100984693,2975.6125,3840.0,3157.9824,3900.4492
100851404_K56428_F1B05-116_1_21.jpg,6,CBVPM,0.05330809950828552,1176.1143,3337.2422,1507.7468,3713.746
100851404_K56428_F1B05-116_1_21.jpg,6,CBVPM,0.04976055026054382,1010.3512,4423.9844,1223.0947,4643.95
100851404_K56428_F1B05-116_1_21.jpg,6,CBVPM,0.03344964236021042,3956.077,2449.3115,4244.92,2625.1064
100851404_K56428_F1B05-116_1_21.jpg,6,CBVPM,0.03070266917347908,918.34827,4314.3296,1272.5548,4683.8994
100851404_K56428_F1B05-116_1_21.jpg,5,CBHPM,0.020763548091053963,1186.8986,3330.9536,1280.0,3692.5293
100851404_K56428_F1B05-116_1_21.jpg,6,CBVPM,0.01196251716464758,1186.6897,3348.9883,1280.0,3691.9019
100851404_K56428_F1B05-116_1_21.jpg,6,CBVPM,0.008617281913757324,897.8429,3278.643,1280.0,3660.9258
100851404_K56428_F1B05-116_1_21.jpg,5,CBHPM,0.006874450482428074,960.0,4306.0117,1275.899,4682.8823
100851404_K56428_F1B05-116_1_21.jpg,6,CBVPM,0.0057925935834646225,1287.6279,3453.3367,1452.491,3638.946
100851404_K56428_F1B05-116_1_21.jpg,5,CBHPM,0.005757057573646307,1037.7965,4425.075,1218.4335,4631.054
100851404_K56428_F1B05-116_1_21.jpg,5,CBHPM,0.003965785261243582,3956.3306,2457.005,4157.1104,2612.3545
100851404_K56428_F1B05-116_1_21.jpg,5,CBHPM,0.0038285204209387302,917.7749,3281.4736,1280.0,3651.8704
100851404_K56428_F1B05-116_1_21.jpg,5,CBHPM,0.002027068752795458,960.194,4165.5483,1020.1288,4348.7764
100851404_K56428_F1B05-116_1_21.jpg,5,CBHPM,0.0019666680600494146,1285.0775,3455.841,1454.5748,3636.5073
100851404_K56428_F1B05-116_1_21.jpg,12,GWCNL,0.001044870587065816,960.0,3098.85,1596.3181,3737.105
100851404_K56428_F1B05-116_1_21.jpg,5,CBHPM,0.0010000898037105799,2636.8108,1366.5938,3062.2798,1765.706
100852671_K56393_F1B05-114_1_21.jpg,5,CBHPM,0.07070477306842804,901.4769,4395.55,1243.8439,4711.0605
100852671_K56393_F1B05-114_1_21.jpg,6,CBVPM,0.060837503522634506,1152.9026,3439.6943,1479.7439,3783.5786
100852671_K56393_F1B05-114_1_21.jpg,6,CBVPM,0.043204858899116516,3915.638,2403.8005,4203.6816,2569.4363
100852671_K56393_F1B05-114_1_21.jpg,6,CBVPM,0.04229039326310158,1167.7324,3437.3872,1280.0,3716.0442
100852671_K56393_F1B05-114_1_21.jpg,6,CBVPM,0.03558597341179848,886.8237,4383.1826,1246.7456,4739.739
100852671_K56393_F1B05-114_1_21.jpg,5,CBHPM,0.019428865984082222,3918.2075,2405.1436,4160.0,2569.8027
100852671_K56393_F1B05-114_1_21.jpg,6,CBVPM,0.015379936434328556,879.6645,3371.5469,1276.1152,3735.5303
100852671_K56393_F1B05-114_1_21.jpg,5,CBHPM,0.012652256526052952,984.85,4479.717,1194.8658,4679.412
100852671_K56393_F1B05-114_1_21.jpg,6,CBVPM,0.010931526310741901,1258.9624,3521.543,1450.4841,3729.3196
100852671_K56393_F1B05-114_1_21.jpg,13,BSBM,0.007464938331395388,1173.3164,3399.6582,1280.0,3718.931
100852671_K56393_F1B05-114_1_21.jpg,6,CBVPM,0.007287166081368923,992.8308,4484.7017,1196.0466,4679.4136
100852671_K56393_F1B05-114_1_21.jpg,6,CBVPM,0.0068891909904778,2119.8992,3840.0,2239.5876,3908.575
100852671_K56393_F1B05-114_1_21.jpg,5,CBHPM,0.006312706973403692,4456.4116,2143.5703,4739.331,2239.5217
100852671_K56393_F1B05-114_1_21.jpg,5,CBHPM,0.003987245261669159,871.6941,3375.424,1280.0,3743.0159
100852671_K56393_F1B05-114_1_21.jpg,5,CBHPM,0.0036985576152801514,2557.7185,1042.34,2973.2458,1280.0
100852671_K56393_F1B05-114_1_21.jpg,6,CBVPM,0.003618857590481639,2024.1685,3840.2258,2349.205,3895.6711
100852671_K56393_F1B05-114_1_21.jpg,13,BSBM,0.0030888726469129324,2142.25,3840.0,2239.7832,3960.2092
100852671_K56393_F1B05-114_1_21.jpg,5,CBHPM,0.002962434431537986,1172.8512,3416.655,1279.361,3718.7961
100852671_K56393_F1B05-114_1_21.jpg,6,CBVPM,0.0021332947071641684,1427.8765,2161.892,1675.0692,2387.6143
100852671_K56393_F1B05-114_1_21.jpg,5,CBHPM,0.002122960053384304,1270.4667,3522.2212,1441.1533,3709.1958
100852671_K56393_F1B05-114_1_21.jpg,11,GWCNM,0.0019455438014119864,904.5449,4391.4116,1235.8547,4699.3994
100852671_K56393_F1B05-114_1_21.jpg,3,SVHBNL,0.0017001848900690675,2881.8916,2100.5254,2967.4758,2239.3013
100852671_K56393_F1B05-114_1_21.jpg,5,CBHPM,0.0015206104144454002,3088.215,2880.0,3200.0,2926.151
100852671_K56393_F1B05-114_1_21.jpg,5,CBHPM,0.0012829919578507543,2065.9617,3840.532,2287.385,3871.8364
100852671_K56393_F1B05-114_1_21.jpg,6,CBVPM,0.0010431981645524502,1166.4341,3615.7764,1454.2551,3763.333
100852671_K56393_F1B05-114_1_21.jpg,6,CBVPM,0.001029023784212768,2880.0,2126.936,2914.1274,2240.0
100853908_K56358_F1B05-112_1_21.jpg,6,CBVPM,0.055139631032943726,1191.3812,3335.1287,1508.0045,3662.1382
100853908_K56358_F1B05-112_1_21.jpg,6,CBVPM,0.052039943635463715,938.07104,4286.5205,1250.6868,4626.1816
100853908_K56358_F1B05-112_1_21.jpg,5,CBHPM,0.033532898873090744,1289.6978,3422.1035,1447.5295,3584.8433
100853908_K56358_F1B05-112_1_21.jpg,6,CBVPM,0.0332329198718071,3915.9111,2457.8037,4159.3516,2639.817
100853908_K56358_F1B05-112_1_21.jpg,6,CBVPM,0.02529943734407425,1284.5178,3421.981,1440.1222,3585.1758
100853908_K56358_F1B05-112_1_21.jpg,6,CBVPM,0.02424510195851326,942.0355,3278.5146,1280.0,3613.0376
100853908_K56358_F1B05-112_1_21.jpg,6,CBVPM,0.015909019857645035,1040.1741,4379.6396,1233.5408,4598.3843
100853908_K56358_F1B05-112_1_21.jpg,1,VHBNL,0.012631596066057682,960.0,4296.2256,1259.8926,4607.099
100853908_K56358_F1B05-112_1_21.jpg,6,CBVPM,0.006968799512833357,1165.0688,3452.9314,1503.9211,3765.188
100853908_K56358_F1B05-112_1_21.jpg,6,CBVPM,0.0036552695091813803,1253.5012,3402.3394,1479.3342,3628.3916
100853908_K56358_F1B05-112_1_21.jpg,5,CBHPM,0.0033849102910608053,1045.9194,4374.623,1214.6163,4575.5635
100853908_K56358_F1B05-112_1_21.jpg,6,CBVPM,0.002423552330583334,1172.6218,3317.783,1280.0,3673.125
100853908_K56358_F1B05-112_1_21.jpg,6,CBVPM,0.0017149884952232242,930.4148,4465.394,1218.4692,4629.471
100853908_K56358_F1B05-112_1_21.jpg,5,CBHPM,0.0016522668302059174,960.0,4337.866,1215.0742,4630.1753
100853908_K56358_F1B05-112_1_21.jpg,5,CBHPM,0.0015565450303256512,1184.7803,3292.62,1280.0,3661.9255
100853908_K56358_F1B05-112_1_21.jpg,5,CBHPM,0.0014085142174735665,3920.252,2420.9014,4207.2534,2629.8384
100853908_K56358_F1B05-112_1_21.jpg,5,CBHPM,0.001385870506055653,1183.6392,3315.1323,1510.3035,3667.8276
100853908_K56358_F1B05-112_1_21.jpg,6,CBVPM,0.001066510914824903,974.8125,3447.8188,1280.0,3742.957
100855169_K56323_F1B05-110_1_21.jpg,5,CBHPM,0.09998171031475067,1040.4513,4031.5955,1280.0,4336.9077
100855169_K56323_F1B05-110_1_21.jpg,6,CBVPM,0.06384061276912689,1226.3992,3251.3276,1549.8794,3584.7966
100855169_K56323_F1B05-110_1_21.jpg,6,CBVPM,0.06124855577945709,1033.6334,4036.9016,1357.1143,4332.176
100855169_K56323_F1B05-110_1_21.jpg,6,CBVPM,0.056829292327165604,3926.547,2390.7275,4217.1826,2565.0503
100855169_K56323_F1B05-110_1_21.jpg,6,CBVPM,0.0338396392762661,1332.0017,3334.938,1484.6799,3507.7021
100855169_K56323_F1B05-110_1_21.jpg,5,CBHPM,0.02087101712822914,1132.5614,4107.732,1280.0,4299.814
100855169_K56323_F1B05-110_1_21.jpg,4,SVHTNL,0.016266943886876106,989.02765,3841.3628,1052.6313,3875.526
100855169_K56323_F1B05-110_1_21.jpg,6,CBVPM,0.013678884133696556,940.2625,3154.5322,1280.0,3573.4673
100855169_K56323_F1B05-110_1_21.jpg,6,CBVPM,0.013306546956300735,1082.7368,4101.21,1279.5483,4324.2734
100855169_K56323_F1B05-110_1_21.jpg,5,CBHPM,0.006651224568486214,1070.6006,4070.0286,1383.2068,4160.0
100855169_K56323_F1B05-110_1_21.jpg,5,CBHPM,0.005267159081995487,1116.1376,4031.6858,1277.796,4160.0
100855169_K56323_F1B05-110_1_21.jpg,6,CBVPM,0.004855237435549498,1150.858,4089.0864,1314.958,4159.1665
100855169_K56323_F1B05-110_1_21.jpg,6,CBVPM,0.0030785074923187494,1029.4369,4023.6465,1267.1437,4160.0
100855169_K56323_F1B05-110_1_21.jpg,6,CBVPM,0.002616328187286854,1240.9617,3403.596,1524.3789,3582.5576
100855169_K56323_F1B05-110_1_21.jpg,5,CBHPM,0.002367244102060795,3939.694,2394.8506,4217.7305,2561.808
100855169_K56323_F1B05-110_1_21.jpg,5,CBHPM,0.0020936550572514534,1154.793,4120.9346,1280.0,4159.1187
100855169_K56323_F1B05-110_1_21.jpg,5,CBHPM,0.001574443536810577,954.8802,3165.8867,1280.0,3593.2512
100855169_K56323_F1B05-110_1_21.jpg,5,CBHPM,0.0011309776455163956,1100.0845,3229.9558,1280.0,3598.3694
100855169_K56323_F1B05-110_1_21.jpg,6,CBVPM,0.0010961873922497034,1212.0798,3255.981,1278.4099,3600.652
100855169_K56323_F1B05-110_1_21.jpg,6,CBVPM,0.0010842331685125828,3911.1458,3068.54,4172.7466,3190.6816
100934634_K55165_F1B05-048_1_21.jpg,6,CBVPM,0.05641254037618637,211.05249,3806.276,406.60236,4003.7217
100934634_K55165_F1B05-048_1_21.jpg,5,CBHPM,0.022918011993169785,244.65764,3807.4014,398.82587,3984.2085
100934634_K55165_F1B05-048_1_21.jpg,6,CBVPM,0.02171827107667923,122.57373,3840.0,438.71155,4036.5063
100934634_K55165_F1B05-048_1_21.jpg,6,CBVPM,0.01600007526576519,3205.0552,2419.727,3502.1682,2601.6758
100934634_K55165_F1B05-048_1_21.jpg,12,GWCNL,0.009326884523034096,964.537,2880.0728,1093.092,3078.2092
100934634_K55165_F1B05-048_1_21.jpg,13,BSBM,0.0047759246081113815,960.0,2711.2993,1103.2151,3153.6855
100934634_K55165_F1B05-048_1_21.jpg,2,SVHBNM,0.002573407953605056,2078.7302,1360.4219,2493.4192,1825.2715
100934634_K55165_F1B05-048_1_21.jpg,15,DRPS,0.0018456137040629983,960.0,2684.3545,1136.3767,3143.7314
100934634_K55165_F1B05-048_1_21.jpg,13,BSBM,0.001497240737080574,962.96875,2880.3293,1094.9026,3106.4624
100934634_K55165_F1B05-048_1_21.jpg,1,VHBNL,0.001022786251269281,24.158325,1942.9502,476.52634,2355.737
100935922_K55125_F1B05-046_1_21.jpg,6,CBVPM,0.07588090747594833,269.9131,3557.6138,591.2153,3906.7993
100935922_K55125_F1B05-046_1_21.jpg,5,CBHPM,0.025058085098862648,385.1709,3666.462,545.1543,3844.1335
100935922_K55125_F1B05-046_1_21.jpg,6,CBVPM,0.02425665594637394,374.6079,3667.6287,530.1185,3841.4294
100935922_K55125_F1B05-046_1_21.jpg,6,CBVPM,0.02119937166571617,3259.0864,2457.6797,3521.6074,2619.352
100935922_K55125_F1B05-046_1_21.jpg,6,CBVPM,0.011592738330364227,216.5357,3840.0,528.747,3946.48
100935922_K55125_F1B05-046_1_21.jpg,6,CBVPM,0.011527595110237598,0.0,4635.439,359.56207,4989.3706
100935922_K55125_F1B05-046_1_21.jpg,5,CBHPM,0.008420315571129322,218.83246,3840.0,523.53827,3920.2722
100935922_K55125_F1B05-046_1_21.jpg,5,CBHPM,0.0016189643647521734,0.0,4535.8687,24.004852,4755.9316
100935922_K55125_F1B05-046_1_21.jpg,4,SVHTNL,0.0015338391531258821,1255.4326,3854.0278,1278.6455,4043.5293
100935922_K55125_F1B05-046_1_21.jpg,5,CBHPM,0.0011478764936327934,320.3,3840.731,619.4145,3916.8008
100935922_K55125_F1B05-046_1_21.jpg,6,CBVPM,0.00109379761852324,0.30452347,4457.2876,48.93903,4774.5254
100937208_K55085_F1B05-044_1_21.jpg,6,CBVPM,0.1362670212984085,3845.6482,2489.9233,4118.4043,2658.7266
100937208_K55085_F1B05-044_1_21.jpg,6,CBVPM,0.12297476083040237,474.74408,3603.4905,785.637,3933.0596
100937208_K55085_F1B05-044_1_21.jpg,5,CBHPM,0.09984706342220306,487.5135,3840.9004,775.05084,3951.5388
100937208_K55085_F1B05-044_1_21.jpg,5,CBHPM,0.07476133108139038,3839.6182,2488.6553,4117.9155,2660.3525
100937208_K55085_F1B05-044_1_21.jpg,6,CBVPM,0.055212318897247314,500.71313,3840.1406,759.60876,3922.7961
100937208_K55085_F1B05-044_1_21.jpg,5,CBHPM,0.03803687170147896,544.5831,3840.0,729.9584,3887.7168
100937208_K55085_F1B05-044_1_21.jpg,5,CBHPM,0.02863624505698681,580.48486,3705.7344,736.0056,3879.455
100937208_K55085_F1B05-044_1_21.jpg,6,CBVPM,0.02600659243762493,576.59485,3708.1494,719.52527,3879.393
100937208_K55085_F1B05-044_1_21.jpg,6,CBVPM,0.020087558776140213,217.48431,4632.745,598.2749,4960.3867
100937208_K55085_F1B05-044_1_21.jpg,6,CBVPM,0.015001037158071995,452.23853,3840.0,782.7551,3973.1118
100937208_K55085_F1B05-044_1_21.jpg,6,CBVPM,0.012465744279325008,522.062,3840.0,741.2306,3875.2905
100937208_K55085_F1B05-044_1_21.jpg,6,CBVPM,0.011452865786850452,278.93018,4701.6846,528.6149,4930.0566
100937208_K55085_F1B05-044_1_21.jpg,5,CBHPM,0.010503285564482212,411.77808,3840.0898,760.5758,3907.6956
100937208_K55085_F1B05-044_1_21.jpg,6,CBVPM,0.007915861904621124,329.62964,3840.0,714.2416,3936.6865
100937208_K55085_F1B05-044_1_21.jpg,5,CBHPM,0.0074008251540362835,2106.598,3986.4614,2238.0754,4158.631
100937208_K55085_F1B05-044_1_21.jpg,5,CBHPM,0.0032910704612731934,496.90448,3840.1008,720.7979,3861.8115
100937208_K55085_F1B05-044_1_21.jpg,5,CBHPM,0.001706482726149261,328.30176,4708.951,502.9403,4904.5405
100937208_K55085_F1B05-044_1_21.jpg,6,CBVPM,0.001294455025345087,279.70258,3840.144,606.81335,3907.0452
100937208_K55085_F1B05-044_1_21.jpg,1,VHBNL,0.0012481926241889596,3483.3098,1190.7653,3648.5266,1280.0
100937208_K55085_F1B05-044_1_21.jpg,5,CBHPM,0.0012245849939063191,291.8858,4753.0684,443.55872,4920.772
100937208_K55085_F1B05-044_1_21.jpg,5,CBHPM,0.0012030676007270813,0.17147827,2250.811,132.5576,2610.3813
100937208_K55085_F1B05-044_1_21.jpg,5,CBHPM,0.0011414358159527183,2148.8035,4080.4385,2240.0,4160.0
100938520_K55045_F1B05-042_1_21.jpg,5,CBHPM,0.1989484429359436,610.28467,3840.0,802.19556,3890.7979
100938520_K55045_F1B05-042_1_21.jpg,5,CBHPM,0.09609688073396683,549.4708,3840.2185,830.83386,3918.7883
100938520_K55045_F1B05-042_1_21.jpg,6,CBVPM,0.0918109193444252,534.7887,3637.895,848.91956,3961.4543
100938520_K55045_F1B05-042_1_21.jpg,6,CBVPM,0.05813629552721977,488.65463,3840.0,861.2816,3986.9106
100938520_K55045_F1B05-042_1_21.jpg,6,CBVPM,0.040892183780670166,649.54553,3725.9707,832.0342,3911.0332
100938520_K55045_F1B05-042_1_21.jpg,5,CBHPM,0.04039274528622627,530.2279,3840.1104,858.4324,3979.1157
100938520_K55045_F1B05-042_1_21.jpg,5,CBHPM,0.02059250697493553,665.94135,3726.5195,821.2022,3896.38
100938520_K55045_F1B05-042_1_21.jpg,6,CBVPM,0.019584620371460915,570.3412,3840.249,847.48694,3920.2556
100938520_K55045_F1B05-042_1_21.jpg,6,CBVPM,0.007768860086798668,595.07495,3840.0,816.0951,3880.7068
100938520_K55045_F1B05-042_1_21.jpg,6,CBVPM,0.007506089750677347,380.4629,3840.0,770.5869,3956.462
100938520_K55045_F1B05-042_1_21.jpg,6,CBVPM,0.00343597074970603,3265.8992,2517.296,3541.8872,2673.31
100938520_K55045_F1B05-042_1_21.jpg,6,CBVPM,0.0032263973262161016,1743.2897,2030.7178,2121.4111,2240.0
100938520_K55045_F1B05-042_1_21.jpg,14,INSD,0.002846681047230959,840.6521,1089.6035,1280.0,1278.4712
100938520_K55045_F1B05-042_1_21.jpg,5,CBHPM,0.002368826884776354,371.86414,3840.3098,756.2025,3914.1733
100938520_K55045_F1B05-042_1_21.jpg,6,CBVPM,0.001724965637549758,258.88336,4678.909,679.50543,5041.8584
100938520_K55045_F1B05-042_1_21.jpg,6,CBVPM,0.0013666671002283692,2649.4824,2881.609,2873.8613,2914.9033
100938520_K55045_F1B05-042_1_21.jpg,5,CBHPM,0.0011644146870821714,577.48425,3840.0,800.7792,3861.94
100939824_K55005_F1B05-040_1_21.jpg,6,CBVPM,0.10525345802307129,611.1202,3685.1807,938.9119,4038.8247
100939824_K55005_F1B05-040_1_21.jpg,6,CBVPM,0.07923098653554916,602.2976,3841.493,945.99146,4019.044
100939824_K55005_F1B05-040_1_21.jpg,6,CBVPM,0.0682816207408905,3861.1282,2548.4888,4136.002,2713.747
100939824_K55005_F1B05-040_1_21.jpg,5,CBHPM,0.02248130924999714,732.53906,3794.4702,885.9807,3965.607
100939824_K55005_F1B05-040_1_21.jpg,6,CBVPM,0.01574579067528248,724.52924,3794.7336,877.7657,3964.262
100939824_K55005_F1B05-040_1_21.jpg,6,CBVPM,0.006986475549638271,643.5326,3776.8623,910.1781,3987.267
100939824_K55005_F1B05-040_1_21.jpg,6,CBVPM,0.0029937794897705317,409.09967,3840.6677,850.47174,4080.346
100939824_K55005_F1B05-040_1_21.jpg,5,CBHPM,0.0024472647346556187,426.1985,3840.75,853.40283,4062.6973
100939824_K55005_F1B05-040_1_21.jpg,5,CBHPM,0.001262557227164507,467.92563,4800.7607,664.00354,5006.7515
100941129_K54965_F1B05-038_1_21.jpg,5,CBHPM,0.29569485783576965,616.53064,3840.5083,861.8097,3921.3164
100941129_K54965_F1B05-038_1_21.jpg,5,CBHPM,0.14824239909648895,674.5748,3840.0,865.68054,3892.8213
100941129_K54965_F1B05-038_1_21.jpg,6,CBVPM,0.10920824855566025,620.64966,3627.687,918.89087,3949.0964
100941129_K54965_F1B05-038_1_21.jpg,6,CBVPM,0.04925595596432686,666.19385,3840.0,876.4302,3887.1406
100941129_K54965_F1B05-038_1_21.jpg,5,CBHPM,0.04589911550283432,723.27625,3728.62,871.0548,3897.6543
100941129_K54965_F1B05-038_1_21.jpg,6,CBVPM,0.044028524309396744,331.55292,4605.4473,700.3409,4953.9717
100941129_K54965_F1B05-038_1_21.jpg,5,CBHPM,0.043117549270391464,611.47943,3840.0,802.17145,3887.5613
100941129_K54965_F1B05-038_1_21.jpg,5,CBHPM,0.03988286480307579,478.7414,4700.831,658.3471,4903.559
100941129_K54965_F1B05-038_1_21.jpg,6,CBVPM,0.03779873624444008,704.91187,3727.3347,857.1677,3897.7844
100941129_K54965_F1B05-038_1_21.jpg,5,CBHPM,0.03155120834708214,643.069,3840.0,941.4535,3956.9285
100941129_K54965_F1B05-038_1_21.jpg,5,CBHPM,0.01817339099943638,344.29944,4628.003,706.4076,4954.0
100941129_K54965_F1B05-038_1_21.jpg,6,CBVPM,0.016666822135448456,659.55884,3840.0,926.2129,3914.8235
100941129_K54965_F1B05-038_1_21.jpg,6,CBVPM,0.015340873971581459,578.53296,3840.0,892.33057,3971.1294
100941129_K54965_F1B05-038_1_21.jpg,6,CBVPM,0.012983102351427078,459.17828,4703.9136,661.58344,4906.2383
100941129_K54965_F1B05-038_1_21.jpg,6,CBVPM,0.010711085051298141,768.1499,3726.537,903.5166,3882.8389
100941129_K54965_F1B05-038_1_21.jpg,6,CBVPM,0.0064005181193351746,3264.0642,2527.1475,3544.8765,2714.7837
100941129_K54965_F1B05-038_1_21.jpg,5,CBHPM,0.006399259436875582,602.7126,3840.0,824.4528,3862.1697
100941129_K54965_F1B05-038_1_21.jpg,6,CBVPM,0.005238828714936972,516.88574,3840.0,849.45605,3916.6921
100941129_K54965_F1B05-038_1_21.jpg,6,CBVPM,0.004268039483577013,2374.8457,3205.5244,2458.8718,3316.423
100941129_K54965_F1B05-038_1_21.jpg,6,CBVPM,0.0021903805900365114,619.8191,3840.0,798.9951,3901.2375
100941129_K54965_F1B05-038_1_21.jpg,5,CBHPM,0.002162448363378644,675.612,3840.0,893.45233,3864.1758
100941129_K54965_F1B05-038_1_21.jpg,5,CBHPM,0.001357866101898253,668.323,3840.0,837.1013,4004.1848
100941129_K54965_F1B05-038_1_21.jpg,6,CBVPM,0.0012527275830507278,2742.982,2881.735,2857.8997,2916.533
100941129_K54965_F1B05-038_1_21.jpg,5,CBHPM,0.0011999265989288688,2304.6836,3101.3994,2443.0815,3200.0
100941129_K54965_F1B05-038_1_21.jpg,5,CBHPM,0.0010511436266824603,598.1981,2944.5298,960.51697,3200.0
100942460_K54925_F1B05-036_1_21.jpg,5,CBHPM,0.15309841930866241,607.0143,3840.0,816.77356,3925.1162
100942460_K54925_F1B05-036_1_21.jpg,6,CBVPM,0.10539868474006653,3866.5332,2471.7034,4145.351,2649.6672
100942460_K54925_F1B05-036_1_21.jpg,5,CBHPM,0.07982416450977325,607.8279,3840.0,772.88916,3891.9429
100942460_K54925_F1B05-036_1_21.jpg,5,CBHPM,0.06683424115180969,585.60364,3840.337,879.1964,3964.484
100942460_K54925_F1B05-036_1_21.jpg,6,CBVPM,0.04721452295780182,536.0845,3601.6477,867.8557,3959.1807
100942460_K54925_F1B05-036_1_21.jpg,6,CBVPM,0.04091905057430267,613.7388,3840.0,815.3179,3887.7566
100942460_K54925_F1B05-036_1_21.jpg,6,CBVPM,0.024470876902341843,654.3656,3718.9434,792.27673,3896.529
100942460_K54925_F1B05-036_1_21.jpg,6,CBVPM,0.018144046887755394,589.34534,3840.0,919.29834,3992.8052
100942460_K54925_F1B05-036_1_21.jpg,5,CBHPM,0.01570366509258747,665.64197,3714.6106,822.156,3891.9187
100942460_K54925_F1B05-036_1_21.jpg,5,CBHPM,0.009759413078427315,4739.6885,1970.6111,5120.0,2240.0
100942460_K54925_F1B05-036_1_21.jpg,6,CBVPM,0.008618965744972229,386.97607,4749.305,596.87305,4960.2344
100942460_K54925_F1B05-036_1_21.jpg,6,CBVPM,0.007893724367022514,312.6491,3840.0,647.7628,3906.4912
100942460_K54925_F1B05-036_1_21.jpg,6,CBVPM,0.007053758949041367,272.7649,4657.46,688.107,5005.2856
100942460_K54925_F1B05-036_1_21.jpg,6,CBVPM,0.006888763979077339,602.77637,3700.9177,851.8629,3931.912
100942460_K54925_F1B05-036_1_21.jpg,6,CBVPM,0.006289360113441944,492.92804,3840.0,840.356,3938.0293
100942460_K54925_F1B05-036_1_21.jpg,5,CBHPM,0.005065169185400009,373.42883,4738.041,601.4468,4968.38
100942460_K54925_F1B05-036_1_21.jpg,5,CBHPM,0.0017303028143942356,548.1811,3840.0,761.8924,3872.965
100942460_K54925_F1B05-036_1_21.jpg,6,CBVPM,0.0016456546727567911,424.79193,3840.0,794.63983,3901.3262
100942460_K54925_F1B05-036_1_21.jpg,5,CBHPM,0.001372044556774199,404.44598,3840.0,602.0668,3883.9355
100942460_K54925_F1B05-036_1_21.jpg,6,CBVPM,0.0013211161131039262,4076.1929,2880.3196,4500.489,3103.7466
100942460_K54925_F1B05-036_1_21.jpg,5,CBHPM,0.0012643605004996061,4725.795,3840.0,5104.8145,3899.5588
100942460_K54925_F1B05-036_1_21.jpg,6,CBVPM,0.001107294694520533,642.9088,3840.0,1063.1553,3962.5793
100942460_K54925_F1B05-036_1_21.jpg,5,CBHPM,0.0010585628915578127,0.0,1300.2859,125.32827,1689.388
100942460_K54925_F1B05-036_1_21.jpg,5,CBHPM,0.001025554840452969,256.7724,4655.085,651.5538,5017.234
100943761_K54885_F1B05-034_1_21.jpg,5,CBHPM,0.24122153222560883,635.9407,3840.8257,912.0365,3963.4958
100943761_K54885_F1B05-034_1_21.jpg,6,CBVPM,0.09862463176250458,606.4109,3610.1123,928.43225,3938.531
100943761_K54885_F1B05-034_1_21.jpg,6,CBVPM,0.07217361032962799,327.755,4617.215,721.59753,4952.6025
100943761_K54885_F1B05-034_1_21.jpg,6,CBVPM,0.060698047280311584,644.4126,3840.2466,913.3467,3938.0483
100943761_K54885_F1B05-034_1_21.jpg,5,CBHPM,0.048479195684194565,669.82996,3840.0,861.1366,3882.681
100943761_K54885_F1B05-034_1_21.jpg,5,CBHPM,0.03446747735142708,722.7324,3703.2573,882.511,3882.2761
100943761_K54885_F1B05-034_1_21.jpg,5,CBHPM,0.032465286552906036,593.45776,3840.0708,884.397,3911.553
100943761_K54885_F1B05-034_1_21.jpg,5,CBHPM,0.027145246043801308,425.3368,4698.851,664.1195,4909.417
100943761_K54885_F1B05-034_1_21.jpg,6,CBVPM,0.025153901427984238,657.5929,3840.0,877.62,3874.3306
100943761_K54885_F1B05-034_1_21.jpg,6,CBVPM,0.021682575345039368,716.52344,3704.5002,874.1106,3881.914
100943761_K54885_F1B05-034_1_21.jpg,6,CBVPM,0.015292935073375702,3258.9512,2488.316,3534.6423,2648.975
100943761_K54885_F1B05-034_1_21.jpg,6,CBVPM,0.011361687444150448,417.64188,4685.486,684.0542,4918.3643
100943761_K54885_F1B05-034_1_21.jpg,5,CBHPM,0.003327320097014308,639.0021,3840.5808,867.9049,3862.7761
100943761_K54885_F1B05-034_1_21.jpg,6,CBVPM,0.002571525750681758,627.22656,3840.375,974.60474,3995.1323
100943761_K54885_F1B05-034_1_21.jpg,6,CBVPM,0.0015617344761267304,593.55133,3761.865,896.3543,3949.905
100943761_K54885_F1B05-034_1_21.jpg,6,CBVPM,0.0015270400326699018,482.00665,3840.0461,868.8555,3946.7427
100945061_K54845_F1B05-032_1_21.jpg,6,CBVPM,0.1725386083126068,592.25336,3614.5044,908.38873,3932.4243
100945061_K54845_F1B05-032_1_21.jpg,6,CBVPM,0.054895490407943726,327.73386,4618.5444,710.6692,4976.943
100945061_K54845_F1B05-032_1_21.jpg,5,CBHPM,0.04087457060813904,613.59814,3840.8345,910.47095,3951.492
100945061_K54845_F1B05-032_1_21.jpg,6,CBVPM,0.03711864724755287,702.77747,3697.8667,847.673,3869.414
100945061_K54845_F1B05-032_1_21.jpg,5,CBHPM,0.02678903006017208,721.94147,3699.3516,873.2172,3859.0923
100945061_K54845_F1B05-032_1_21.jpg,6,CBVPM,0.025910452008247375,639.7743,3840.8845,920.8385,3960.6575
100945061_K54845_F1B05-032_1_21.jpg,6,CBVPM,0.021844904869794846,600.3404,3840.5684,892.6108,3908.8833
100945061_K54845_F1B05-032_1_21.jpg,6,CBVPM,0.010161740705370903,642.2186,3840.0,862.6456,3876.1643
100945061_K54845_F1B05-032_1_21.jpg,6,CBVPM,0.00886379461735487,464.04346,4719.3237,659.7374,4924.3374
100945061_K54845_F1B05-032_1_21.jpg,5,CBHPM,0.0074433269910514355,652.40015,3840.0,853.99585,3889.6624
100945061_K54845_F1B05-032_1_21.jpg,6,CBVPM,0.0063394587486982346,3865.7236,2413.9373,4150.447,2585.9883
100945061_K54845_F1B05-032_1_21.jpg,5,CBHPM,0.005104227922856808,468.87732,4719.288,670.6776,4923.6772
100945061_K54845_F1B05-032_1_21.jpg,6,CBVPM,0.004384038969874382,581.0408,3750.3025,899.8098,3982.6895
100945061_K54845_F1B05-032_1_21.jpg,5,CBHPM,0.003645995631814003,365.75598,4691.1533,688.5565,4946.7056
100945061_K54845_F1B05-032_1_21.jpg,6,CBVPM,0.0027246379759162664,2100.6123,3840.3987,2239.8906,3997.6716
100945061_K54845_F1B05-032_1_21.jpg,5,CBHPM,0.002555947517976165,735.11774,3864.1348,893.3681,4037.8108
100945061_K54845_F1B05-032_1_21.jpg,6,CBVPM,0.0018306664424017072,625.7228,3840.449,960.41724,4051.4949
100945061_K54845_F1B05-032_1_21.jpg,5,CBHPM,0.0014537021052092314,641.5454,3840.0,863.77466,3861.7432
100945061_K54845_F1B05-032_1_21.jpg,5,CBHPM,0.0013990618754178286,2141.6555,3840.9688,2240.0,4039.3398
100945061_K54845_F1B05-032_1_21.jpg,6,CBVPM,0.0011165427276864648,1028.8063,4263.675,1134.826,4433.584
100946383_K54805_F1B05-030_1_21.jpg,6,CBVPM,0.061451200395822525,526.55743,3495.2432,857.3107,3837.7947
100946383_K54805_F1B05-030_1_21.jpg,5,CBHPM,0.03654463589191437,397.21954,4635.245,579.3255,4841.411
100946383_K54805_F1B05-030_1_21.jpg,6,CBVPM,0.02186432294547558,3310.32,2410.8987,3591.0713,2596.2708
100946383_K54805_F1B05-030_1_21.jpg,6,CBVPM,0.01845991425216198,309.72382,4568.0254,642.07007,4863.3228
100946383_K54805_F1B05-030_1_21.jpg,6,CBVPM,0.013285582885146141,638.44946,3590.1582,790.2694,3764.9473
100946383_K54805_F1B05-030_1_21.jpg,5,CBHPM,0.009275385178625584,3434.4163,4983.72,3762.7712,5119.4775
100946383_K54805_F1B05-030_1_21.jpg,6,CBVPM,0.008606372401118279,376.6562,4637.7803,586.4487,4842.814
100946383_K54805_F1B05-030_1_21.jpg,5,CBHPM,0.006484342738986015,664.1747,3592.0957,818.1981,3759.1575
100946383_K54805_F1B05-030_1_21.jpg,5,CBHPM,0.005162115208804607,3485.982,5036.3193,3758.8257,5117.1865
100946383_K54805_F1B05-030_1_21.jpg,5,CBHPM,0.004896489903330803,317.7666,4563.1953,700.8853,4866.08
100946383_K54805_F1B05-030_1_21.jpg,4,SVHTNL,0.004144478123635054,1922.2528,968.55914,2024.2368,1141.3562
100946383_K54805_F1B05-030_1_21.jpg,5,CBHPM,0.003954697400331497,2649.3237,1018.978,3035.4917,1280.0
100946383_K54805_F1B05-030_1_21.jpg,6,CBVPM,0.0028116286266595125,472.88455,4634.173,626.8071,4802.194
100946383_K54805_F1B05-030_1_21.jpg,5,CBHPM,0.0021224135998636484,3385.5625,5030.5635,3660.7773,5119.0957
100946383_K54805_F1B05-030_1_21.jpg,5,CBHPM,0.0014959387481212616,472.3636,4634.1104,622.1413,4796.712
100946383_K54805_F1B05-030_1_21.jpg,5,CBHPM,0.0010326062329113483,3188.3237,3840.6956,3574.871,3904.4746
100949065_K54725_F1B05-026_1_21.jpg,6,CBVPM,0.08096437901258469,603.5033,3622.5361,915.3777,3931.393
100949065_K54725_F1B05-026_1_21.jpg,6,CBVPM,0.03138472139835358,3288.88,2497.8147,3561.6797,2667.6733
100949065_K54725_F1B05-026_1_21.jpg,6,CBVPM,0.024348465725779533,711.4447,3694.0957,863.7219,3861.768
100949065_K54725_F1B05-026_1_21.jpg,5,CBHPM,0.017048785462975502,717.5258,3693.2605,869.1506,3864.0447
100949065_K54725_F1B05-026_1_21.jpg,6,CBVPM,0.013255064375698566,617.8386,3840.0,941.17725,3960.266
100949065_K54725_F1B05-026_1_21.jpg,6,CBVPM,0.00994327012449503,582.2614,3840.74,904.14594,3911.009
100949065_K54725_F1B05-026_1_21.jpg,5,CBHPM,0.009388797916471958,388.4848,4859.7407,611.65985,5078.19
100949065_K54725_F1B05-026_1_21.jpg,6,CBVPM,0.004625808447599411,387.3947,4858.865,624.0637,5079.698
100949065_K54725_F1B05-026_1_21.jpg,6,CBVPM,0.004267658572643995,319.9278,4802.0215,682.10706,5098.0605
100949065_K54725_F1B05-026_1_21.jpg,6,CBVPM,0.003419714281335473,481.28445,3840.0,851.5139,3946.9067
100949065_K54725_F1B05-026_1_21.jpg,5,CBHPM,0.002640642924234271,592.16174,3840.0,918.3932,3985.4875
100949065_K54725_F1B05-026_1_21.jpg,5,CBHPM,0.0025107874535024166,248.03644,4757.581,649.6864,5120.0
100949065_K54725_F1B05-026_1_21.jpg,6,CBVPM,0.0020076241344213486,961.9468,4335.451,999.88324,4533.4365
100949065_K54725_F1B05-026_1_21.jpg,13,BSBM,0.00192442093975842,963.0365,2839.537,1498.0293,3200.0
100949065_K54725_F1B05-026_1_21.jpg,5,CBHPM,0.001766736269928515,640.2953,3840.0,861.2279,3872.4993
100949065_K54725_F1B05-026_1_21.jpg,6,CBVPM,0.0014066549483686686,425.13016,3840.0098,823.5867,3900.665
100949065_K54725_F1B05-026_1_21.jpg,6,CBVPM,0.00118354638107121,2319.5469,3036.8696,2748.2441,3447.394
100949065_K54725_F1B05-026_1_21.jpg,15,DRPS,0.001091999001801014,4912.362,1347.7384,5120.0,1801.2836
100951729_K54646_F1B05-022_1_21.jpg,5,CBHPM,0.15298788249492645,687.83545,3840.5063,952.78955,3953.4998
100951729_K54646_F1B05-022_1_21.jpg,5,CBHPM,0.12527789175510406,727.07007,3840.0,887.7705,3899.756
100951729_K54646_F1B05-022_1_21.jpg,6,CBVPM,0.04130987077951431,682.3257,3840.1135,960.3883,3972.0854
100951729_K54646_F1B05-022_1_21.jpg,6,CBVPM,0.03658555820584297,412.56415,4601.1694,762.1169,4931.7803
100951729_K54646_F1B05-022_1_21.jpg,5,CBHPM,0.031520627439022064,778.1584,3840.0,945.0861,3899.0251
100951729_K54646_F1B05-022_1_21.jpg,5,CBHPM,0.029311824589967728,787.7798,3736.814,927.412,3896.0085
100951729_K54646_F1B05-022_1_21.jpg,6,CBVPM,0.028469117358326912,782.8617,3732.0557,962.32043,3914.4111
100951729_K54646_F1B05-022_1_21.jpg,6,CBVPM,0.020829197019338608,769.70264,3840.0,925.2446,3903.7888
100951729_K54646_F1B05-022_1_21.jpg,6,CBVPM,0.016646716743707657,3266.0889,2554.3416,3526.3008,2718.8464
100951729_K54646_F1B05-022_1_21.jpg,6,CBVPM,0.013538425788283348,675.4619,3646.671,984.6637,3960.994
100951729_K54646_F1B05-022_1_21.jpg,6,CBVPM,0.012702503241598606,516.9527,4689.881,678.4865,4874.051
100951729_K54646_F1B05-022_1_21.jpg,5,CBHPM,0.012215506285429,541.0383,4689.138,706.9844,4869.857
100951729_K54646_F1B05-022_1_21.jpg,6,CBVPM,0.009980959817767143,722.2827,3840.301,980.1792,3920.332
100951729_K54646_F1B05-022_1_21.jpg,6,CBVPM,0.00672758836299181,395.38135,3599.274,800.06885,3953.8914
100951729_K54646_F1B05-022_1_21.jpg,6,CBVPM,0.005260208621621132,550.91736,3840.0,903.5477,3949.5251
100951729_K54646_F1B05-022_1_21.jpg,6,CBVPM,0.005208218935877085,498.1456,3840.1868,892.9845,3899.2207
100951729_K54646_F1B05-022_1_21.jpg,5,CBHPM,0.002957137767225504,687.98975,3840.0,912.1389,3875.934
100951729_K54646_F1B05-022_1_21.jpg,5,CBHPM,0.002483622869476676,497.46375,3135.8174,956.70557,3577.7295
100951729_K54646_F1B05-022_1_21.jpg,5,CBHPM,0.002060211729258299,769.64185,3840.1482,989.12646,3874.2139
100951729_K54646_F1B05-022_1_21.jpg,6,CBVPM,0.0017035899218171835,2787.9558,2881.4062,2870.2783,2952.7288
100951729_K54646_F1B05-022_1_21.jpg,5,CBHPM,0.0016864672070369124,563.1998,3840.0,900.90955,3918.5718
100951729_K54646_F1B05-022_1_21.jpg,6,CBVPM,0.001285809208638966,577.74304,3841.271,797.5841,3871.6052
100953075_K54605_F1B05-020_1_21.jpg,6,CBVPM,0.17259825766086578,533.99536,3632.3853,856.5901,3956.7886
100953075_K54605_F1B05-020_1_21.jpg,5,CBHPM,0.14613839983940125,596.0535,3840.0,814.4986,3929.281
100953075_K54605_F1B05-020_1_21.jpg,5,CBHPM,0.1013915091753006,609.2386,3840.0,767.33026,3893.6719
100953075_K54605_F1B05-020_1_21.jpg,6,CBVPM,0.04481964185833931,3928.0513,2398.368,4159.469,2564.7708
100953075_K54605_F1B05-020_1_21.jpg,6,CBVPM,0.044596318155527115,588.86096,3840.1577,868.53625,3928.8926
100953075_K54605_F1B05-020_1_21.jpg,6,CBVPM,0.04096757993102074,505.1587,3840.2686,814.44836,3906.0557
100953075_K54605_F1B05-020_1_21.jpg,6,CBVPM,0.039293982088565826,601.7445,3840.0251,786.01074,3884.5166
100953075_K54605_F1B05-020_1_21.jpg,11,GWCNM,0.0321003794670105,4652.515,1922.4019,5034.125,2139.6072
100953075_K54605_F1B05-020_1_21.jpg,6,CBVPM,0.023186393082141876,508.68713,3840.0,834.08484,3976.5647
100953075_K54605_F1B05-020_1_21.jpg,5,CBHPM,0.019426632672548294,548.00574,3840.0,761.5885,3874.274
100953075_K54605_F1B05-020_1_21.jpg,5,CBHPM,0.018565930426120758,668.1605,3718.0322,820.869,3888.1465
100953075_K54605_F1B05-020_1_21.jpg,6,CBVPM,0.017768533900380135,650.31995,3718.103,808.7815,3888.535
100953075_K54605_F1B05-020_1_21.jpg,5,CBHPM,0.011893119663000107,571.6987,3840.0,882.4896,3986.9875
100953075_K54605_F1B05-020_1_21.jpg,5,CBHPM,0.004473870620131493,592.29785,3840.0,796.47974,3864.0403
100953075_K54605_F1B05-020_1_21.jpg,6,CBVPM,0.0030630063265562057,381.45282,4733.229,578.3699,4941.1406
100953075_K54605_F1B05-020_1_21.jpg,6,CBVPM,0.002340015722438693,279.53912,4655.794,661.7316,4977.2827
100953075_K54605_F1B05-020_1_21.jpg,5,CBHPM,0.002254561288282275,506.22287,3840.0,727.8467,3861.8433
100953075_K54605_F1B05-020_1_21.jpg,5,CBHPM,0.0022447893861681223,313.06573,3840.0,635.698,3906.0842
100953075_K54605_F1B05-020_1_21.jpg,6,CBVPM,0.0020534356590360403,366.73016,3840.0,787.4273,3944.2017
100953075_K54605_F1B05-020_1_21.jpg,6,CBVPM,0.0019653066992759705,4636.0034,1775.925,5027.837,2227.8596
100953075_K54605_F1B05-020_1_21.jpg,6,CBVPM,0.0019202098483219743,245.32599,3840.0,614.09546,3933.9863
100953075_K54605_F1B05-020_1_21.jpg,5,CBHPM,0.0014060368994250894,501.65646,3840.0,699.1179,3882.542
100953075_K54605_F1B05-020_1_21.jpg,5,CBHPM,0.00138718297239393,375.62256,4732.3774,570.8146,4941.0654
100953075_K54605_F1B05-020_1_21.jpg,5,CBHPM,0.0013297632103785872,376.89478,3840.4084,538.8159,3905.6116
100953075_K54605_F1B05-020_1_21.jpg,13,BSBM,0.001252189977094531,961.5571,2880.0,1232.3044,3081.8162
100953075_K54605_F1B05-020_1_21.jpg,5,CBHPM,0.001066073658876121,2111.0884,3927.6238,2239.3877,4271.6655
100954430_K54565_F1B05-018_1_21.jpg,6,CBVPM,0.14971399307250977,696.27795,3675.2058,842.0653,3840.7722
100954430_K54565_F1B05-018_1_21.jpg,6,CBVPM,0.08341587334871292,585.85095,3582.0762,896.6354,3900.1658
100954430_K54565_F1B05-018_1_21.jpg,6,CBVPM,0.03896442800760269,303.56616,4557.314,709.4901,4931.517
100954430_K54565_F1B05-018_1_21.jpg,6,CBVPM,0.028409985825419426,644.34607,3840.0,890.0065,3938.761
100954430_K54565_F1B05-018_1_21.jpg,6,CBVPM,0.012185192666947842,3252.2542,2490.193,3547.1782,2673.8184
100954430_K54565_F1B05-018_1_21.jpg,5,CBHPM,0.009376918897032738,701.33716,3678.7417,848.14355,3839.54
100954430_K54565_F1B05-018_1_21.jpg,12,GWCNL,0.006911656353622675,1920.0,964.8225,2003.8864,1236.5642
100954430_K54565_F1B05-018_1_21.jpg,5,CBHPM,0.004633538890630007,415.33606,4663.917,630.8384,4890.737
100954430_K54565_F1B05-018_1_21.jpg,5,CBHPM,0.002945151412859559,351.66742,4601.2715,666.4124,4921.115
100954430_K54565_F1B05-018_1_21.jpg,5,CBHPM,0.002280943561345339,460.03043,2939.9255,857.0946,3331.0615
100954430_K54565_F1B05-018_1_21.jpg,6,CBVPM,0.002117263386026025,519.9758,3840.0,874.44165,3910.0964
100954430_K54565_F1B05-018_1_21.jpg,6,CBVPM,0.002074004150927067,421.04022,4673.3335,626.27057,4884.825
100954430_K54565_F1B05-018_1_21.jpg,14,INSD,0.0016670696204528213,1920.7854,964.2014,1993.7516,1236.9316
100954430_K54565_F1B05-018_1_21.jpg,6,CBVPM,0.0015585181536152959,635.0282,3840.0994,855.0415,3875.3867
100954430_K54565_F1B05-018_1_21.jpg,6,CBVPM,0.0010953439632430673,587.1033,3724.1716,859.1384,3905.5952
100955788_K54525_F1B05-016_1_21.jpg,6,CBVPM,0.057546839118003845,650.39905,3623.2524,962.432,3922.7183
100955788_K54525_F1B05-016_1_21.jpg,6,CBVPM,0.04082871600985527,378.0944,4605.6294,741.2655,4951.7
100955788_K54525_F1B05-016_1_21.jpg,6,CBVPM,0.034728165715932846,739.22314,3841.2512,1028.7625,3971.826
100955788_K54525_F1B05-016_1_21.jpg,6,CBVPM,0.03065420128405094,3976.688,2440.097,4258.4395,2607.377
100955788_K54525_F1B05-016_1_21.jpg,6,CBVPM,0.023212671279907227,505.62683,4693.8833,698.3496,4891.771
100955788_K54525_F1B05-016_1_21.jpg,5,CBHPM,0.020619068294763565,673.6001,3840.6729,966.7019,3955.5713
100955788_K54525_F1B05-016_1_21.jpg,6,CBVPM,0.019967947155237198,664.6245,3840.824,939.41626,3911.8918
100955788_K54525_F1B05-016_1_21.jpg,6,CBVPM,0.013343905098736286,752.99036,3705.0488,888.8834,3868.7874
100955788_K54525_F1B05-016_1_21.jpg,5,CBHPM,0.008887838572263718,514.1459,4693.087,688.92004,4877.8984
100955788_K54525_F1B05-016_1_21.jpg,5,CBHPM,0.005918386857956648,774.0587,3701.7168,920.2446,3866.0732
100955788_K54525_F1B05-016_1_21.jpg,5,CBHPM,0.004535065498203039,703.5823,3840.1672,931.9341,3872.9998
100955788_K54525_F1B05-016_1_21.jpg,5,CBHPM,0.003933919593691826,4587.258,2165.7056,4897.96,2236.7407
100955788_K54525_F1B05-016_1_21.jpg,6,CBVPM,0.0021830922923982143,4016.6846,2881.0393,4159.503,3025.9219
100955788_K54525_F1B05-016_1_21.jpg,5,CBHPM,0.0019479255424812436,781.8055,3875.6672,927.4047,4019.4055
100955788_K54525_F1B05-016_1_21.jpg,6,CBVPM,0.0019419360905885696,4873.619,2176.3105,5034.748,2240.0
100955788_K54525_F1B05-016_1_21.jpg,6,CBVPM,0.001788549474440515,3094.69,2020.2212,3199.6777,2238.9492
100955788_K54525_F1B05-016_1_21.jpg,6,CBVPM,0.0016711169155314565,525.3712,3840.0059,926.30566,3931.631
100955788_K54525_F1B05-016_1_21.jpg,6,CBVPM,0.0014624358154833317,674.6931,3840.276,893.5857,3872.992
100955788_K54525_F1B05-016_1_21.jpg,6,CBVPM,0.0013686747988685966,4766.145,2183.6855,4909.035,2240.0
100955788_K54525_F1B05-016_1_21.jpg,6,CBVPM,0.0010548472637310624,801.2191,3703.0054,940.62024,3858.8618
100957152_K54485_F1B05-014_1_21.jpg,6,CBVPM,0.13542714715003967,659.18787,3601.9695,957.62195,3910.2744
100957152_K54485_F1B05-014_1_21.jpg,6,CBVPM,0.05650521069765091,409.88748,4582.7817,765.42944,4917.198
100957152_K54485_F1B05-014_1_21.jpg,5,CBHPM,0.033892713487148285,775.6769,3680.2793,922.9221,3851.271
100957152_K54485_F1B05-014_1_21.jpg,6,CBVPM,0.024122580885887146,678.47046,3840.0,966.73865,3929.857
100957152_K54485_F1B05-014_1_21.jpg,5,CBHPM,0.013274312019348145,540.1094,4666.129,704.6343,4849.2607
100957152_K54485_F1B05-014_1_21.jpg,6,CBVPM,0.01187885645776987,3295.855,2546.6973,3553.884,2696.9348
100957152_K54485_F1B05-014_1_21.jpg,5,CBHPM,0.010084100998938084,689.63477,3840.26,942.7361,3914.99
100957152_K54485_F1B05-014_1_21.jpg,5,CBHPM,0.00877472385764122,513.43066,3154.875,904.3662,3531.7725
100957152_K54485_F1B05-014_1_21.jpg,6,CBVPM,0.008500412106513977,515.8622,4665.468,708.27576,4862.7246
100957152_K54485_F1B05-014_1_21.jpg,6,CBVPM,0.006186844315379858,758.37146,3675.1086,913.944,3854.587
100957152_K54485_F1B05-014_1_21.jpg,6,CBVPM,0.0046010976657271385,668.9353,3753.2573,926.17834,3924.9219
100957152_K54485_F1B05-014_1_21.jpg,5,CBHPM,0.002378659788519144,755.97034,2880.9204,1073.0026,3111.7937
100957152_K54485_F1B05-014_1_21.jpg,5,CBHPM,0.0022243561688810587,495.2918,3187.1177,775.51886,3475.148
100957152_K54485_F1B05-014_1_21.jpg,6,CBVPM,0.001406302792020142,561.54846,3840.0,935.3436,3904.12
100957152_K54485_F1B05-014_1_21.jpg,5,CBHPM,0.0012747098226100206,4726.4414,2077.5833,5120.0,2498.6475
100957152_K54485_F1B05-014_1_21.jpg,6,CBVPM,0.001107837539166212,2743.5254,2881.3464,2939.7993,2918.5083
100958564_K54445_F1B05-012_1_21.jpg,6,CBVPM,0.1960836946964264,654.0629,3840.599,930.8652,3975.5295
100958564_K54445_F1B05-012_1_21.jpg,6,CBVPM,0.16678325831890106,638.21045,3687.2676,944.93835,4013.018
100958564_K54445_F1B05-012_1_21.jpg,6,CBVPM,0.06006602570414543,732.8281,3840.0,885.12256,3934.702
100958564_K54445_F1B05-012_1_21.jpg,5,CBHPM,0.04185369610786438,762.22974,3840.0,920.7363,3930.1768
100958564_K54445_F1B05-012_1_21.jpg,6,CBVPM,0.028294363990426064,3875.9998,2470.1885,4167.4077,2644.538
100958564_K54445_F1B05-012_1_21.jpg,5,CBHPM,0.01832767389714718,745.9059,3772.6943,905.7516,3946.5923
100958564_K54445_F1B05-012_1_21.jpg,6,CBVPM,0.009747502394020557,461.96484,4811.737,664.31616,5023.1187
100958564_K54445_F1B05-012_1_21.jpg,6,CBVPM,0.007982385344803333,421.9464,3841.2864,874.9413,4058.3755
100958564_K54445_F1B05-012_1_21.jpg,6,CBVPM,0.006380480248481035,308.81494,4706.8315,708.555,5083.8887
100958564_K54445_F1B05-012_1_21.jpg,5,CBHPM,0.005499240476638079,455.4118,4811.3423,662.628,5024.581
100958564_K54445_F1B05-012_1_21.jpg,5,CBHPM,0.004991828929632902,2121.129,3978.4163,2239.3838,4160.0
100958564_K54445_F1B05-012_1_21.jpg,6,CBVPM,0.0023262447211891413,4062.4502,2442.7227,4160.0,2615.2878
100958564_K54445_F1B05-012_1_21.jpg,5,CBHPM,0.0018656799802556634,462.13672,3840.9688,880.3978,3986.4087
100958564_K54445_F1B05-012_1_21.jpg,6,CBVPM,0.0017070401227101684,747.39844,3840.0,927.26953,3898.2673
100958564_K54445_F1B05-012_1_21.jpg,6,CBVPM,0.0017021283274516463,358.0666,4041.6406,595.5152,4156.1133
100959981_K54405_F1B05-010_1_21.jpg,6,CBVPM,0.25047174096107483,616.38763,3670.1055,925.8652,3975.2556
100959981_K54405_F1B05-010_1_21.jpg,5,CBHPM,0.20524922013282776,631.653,3840.776,894.91583,3958.1624
100959981_K54405_F1B05-010_1_21.jpg,6,CBVPM,0.0775221586227417,624.0381,3840.4004,897.49133,3972.7256
100959981_K54405_F1B05-010_1_21.jpg,6,CBVPM,0.03966887295246124,741.6426,3750.379,892.1825,3914.2324
100959981_K54405_F1B05-010_1_21.jpg,5,CBHPM,0.030589092522859573,420.01166,3198.8418,870.94806,3637.9934
100959981_K54405_F1B05-010_1_21.jpg,6,CBVPM,0.02809670753777027,368.56335,4612.7324,741.77344,4957.897
100959981_K54405_F1B05-010_1_21.jpg,6,CBVPM,0.023636924102902412,3250.8057,2481.7432,3507.933,2641.8525
100959981_K54405_F1B05-010_1_21.jpg,5,CBHPM,0.02224144898355007,446.59982,3840.0,840.71924,3948.4124
100959981_K54405_F1B05-010_1_21.jpg,5,CBHPM,0.017913686111569405,673.1948,3842.6748,851.44165,3920.7192
100959981_K54405_F1B05-010_1_21.jpg,6,CBVPM,0.014183123596012592,439.08615,3840.0488,811.78735,3944.7454
100959981_K54405_F1B05-010_1_21.jpg,6,CBVPM,0.011812559328973293,727.4599,3840.1772,881.62067,3912.197
100959981_K54405_F1B05-010_1_21.jpg,5,CBHPM,0.009524239227175713,739.0027,3749.1582,893.0254,3916.8184
100959981_K54405_F1B05-010_1_21.jpg,6,CBVPM,0.007072329055517912,473.9707,4703.162,677.3511,4914.477
100959981_K54405_F1B05-010_1_21.jpg,5,CBHPM,0.0030321823433041573,510.519,4704.7695,683.1531,4906.828
100959981_K54405_F1B05-010_1_21.jpg,4,SVHTNL,0.002238498069345951,5081.162,1297.0631,5118.215,1485.418
100959981_K54405_F1B05-010_1_21.jpg,5,CBHPM,0.0015947683714330196,4798.4604,1888.6753,5118.135,2240.0
100959981_K54405_F1B05-010_1_21.jpg,5,CBHPM,0.0015892591327428818,674.527,2948.9458,1005.6991,3200.0
100959981_K54405_F1B05-010_1_21.jpg,6,CBVPM,0.0013329002540558577,450.4247,3601.5242,846.9144,3982.963
100959981_K54405_F1B05-010_1_21.jpg,6,CBVPM,0.0012913185637444258,674.5398,3840.0,983.78784,3931.5996
100959981_K54405_F1B05-010_1_21.jpg,5,CBHPM,0.0012160856276750565,626.4147,2939.62,1039.147,3347.6567
103439580_K17836_F1B02-1032_1_21.jpg,6,CBVPM,0.04952317103743553,895.5807,3853.3552,1152.0245,4072.974
103439580_K17836_F1B02-1032_1_21.jpg,6,CBVPM,0.03965721279382706,1179.2487,2125.8975,1293.7361,2238.5913
103439580_K17836_F1B02-1032_1_21.jpg,6,CBVPM,0.03078322857618332,1224.4373,2326.991,1420.5231,2520.5513
103439580_K17836_F1B02-1032_1_21.jpg,5,CBHPM,0.02255883812904358,1229.1741,2348.037,1372.4792,2515.0667
103439580_K17836_F1B02-1032_1_21.jpg,6,CBVPM,0.013340992853045464,960.0,3882.6924,1024.8077,4059.0635
103439580_K17836_F1B02-1032_1_21.jpg,6,CBVPM,0.011681409552693367,1229.738,2350.6443,1344.6699,2496.4158
103439580_K17836_F1B02-1032_1_21.jpg,5,CBHPM,0.01097497995942831,960.0,3882.502,1024.1565,4058.5972
103439580_K17836_F1B02-1032_1_21.jpg,5,CBHPM,0.009782752953469753,960.0,2174.566,1113.3157,2615.262
103439580_K17836_F1B02-1032_1_21.jpg,5,CBHPM,0.009539216756820679,961.5442,2880.0,1139.7573,3085.3193
103439580_K17836_F1B02-1032_1_21.jpg,5,CBHPM,0.008985025808215141,1067.3231,1920.0,1457.6663,2240.435
103439580_K17836_F1B02-1032_1_21.jpg,5,CBHPM,0.008926945738494396,1259.5818,3840.5232,1581.0118,3900.3142
103439580_K17836_F1B02-1032_1_21.jpg,6,CBVPM,0.007946458645164967,40.698944,1920.4257,299.06863,2069.5688
103439580_K17836_F1B02-1032_1_21.jpg,5,CBHPM,0.007490621414035559,960.0,2763.7935,1105.0695,3128.1543
103439580_K17836_F1B02-1032_1_21.jpg,5,CBHPM,0.006455885246396065,1215.4637,2279.2373,1459.5256,2524.4785
103439580_K17836_F1B02-1032_1_21.jpg,5,CBHPM,0.006417510099709034,960.0,2888.3547,1038.0477,3038.8735
103439580_K17836_F1B02-1032_1_21.jpg,6,CBVPM,0.0062732635997235775,917.8735,1594.633,1245.6504,1898.8535
103439580_K17836_F1B02-1032_1_21.jpg,5,CBHPM,0.006009363569319248,1118.9417,2064.4397,1352.3912,2236.115
103439580_K17836_F1B02-1032_1_21.jpg,5,CBHPM,0.005598068702965975,1179.7098,2102.545,1422.4679,2236.31
103439580_K17836_F1B02-1032_1_21.jpg,5,CBHPM,0.005521729122847319,960.0,3840.0,1155.5718,4060.983
103439580_K17836_F1B02-1032_1_21.jpg,5,CBHPM,0.004659933038055897,960.0,1601.006,1230.6094,1874.8479
103439580_K17836_F1B02-1032_1_21.jpg,6,CBVPM,0.004388719797134399,1190.5918,2081.4773,1278.4407,2283.3706
103439580_K17836_F1B02-1032_1_21.jpg,5,CBHPM,0.0038452150765806437,960.97815,2219.753,1057.3746,2565.1162
103439580_K17836_F1B02-1032_1_21.jpg,6,CBVPM,0.00375211494974792,1202.7844,2275.2314,1485.4102,2544.541
103439580_K17836_F1B02-1032_1_21.jpg,5,CBHPM,0.0034475764259696007,1003.4989,2060.7114,1291.7068,2238.6348
103439580_K17836_F1B02-1032_1_21.jpg,5,CBHPM,0.0031817108392715454,1194.3868,2164.4202,1443.4795,2236.6443
103439580_K17836_F1B02-1032_1_21.jpg,6,CBVPM,0.0031372567173093557,1221.8176,3840.0,1589.7106,3920.7417
103439580_K17836_F1B02-1032_1_21.jpg,6,CBVPM,0.0025901799090206623,947.51465,3887.0403,1097.8949,4050.1174
103439580_K17836_F1B02-1032_1_21.jpg,5,CBHPM,0.0025695173535495996,2131.862,3021.0657,2240.0,3194.3162
103439580_K17836_F1B02-1032_1_21.jpg,6,CBVPM,0.0025209684390574694,843.7731,1654.3672,1248.674,2056.4407
103439580_K17836_F1B02-1032_1_21.jpg,6,CBVPM,0.0025198464281857014,344.2013,2718.2378,620.5765,3012.0637
103439580_K17836_F1B02-1032_1_21.jpg,5,CBHPM,0.0024479576386511326,982.1247,3053.3455,1272.1133,3200.0
103439580_K17836_F1B02-1032_1_21.jpg,6,CBVPM,0.002407725900411606,788.4569,1997.1158,993.2445,2141.6821
103439580_K17836_F1B02-1032_1_21.jpg,5,CBHPM,0.0022754690144211054,960.0,2361.4973,1096.9911,2783.8425
103439580_K17836_F1B02-1032_1_21.jpg,5,CBHPM,0.0022747176699340343,960.72723,2824.7412,1068.1095,3060.086
103439580_K17836_F1B02-1032_1_21.jpg,6,CBVPM,0.0021806517615914345,1322.4404,3840.5706,1548.0619,3875.3843
103439580_K17836_F1B02-1032_1_21.jpg,12,GWCNL,0.0021346695721149445,1064.3271,2170.0168,1275.8223,2663.2273
103439580_K17836_F1B02-1032_1_21.jpg,5,CBHPM,0.002031913259997964,960.0,3455.6538,1134.2751,3796.2944
103439580_K17836_F1B02-1032_1_21.jpg,5,CBHPM,0.001934662344865501,960.0,2749.1074,1237.176,3143.376
103439580_K17836_F1B02-1032_1_21.jpg,5,CBHPM,0.0019331576768308878,1456.6256,3840.1519,1683.2719,3862.197
103439580_K17836_F1B02-1032_1_21.jpg,6,CBVPM,0.0018720377702265978,652.01074,2488.2966,1052.0304,2872.5696
103439580_K17836_F1B02-1032_1_21.jpg,6,CBVPM,0.0018599658505991101,406.43372,3247.192,746.75684,3538.2078
103439580_K17836_F1B02-1032_1_21.jpg,6,CBVPM,0.0018293146276846528,961.192,3528.601,1108.1375,3806.2935
103439580_K17836_F1B02-1032_1_21.jpg,5,CBHPM,0.0017988492036238313,2090.0383,2913.833,2504.5884,3200.0
103439580_K17836_F1B02-1032_1_21.jpg,5,CBHPM,0.0017460694070905447,439.52795,3301.4053,595.7366,3464.0627
103439580_K17836_F1B02-1032_1_21.jpg,5,CBHPM,0.0017427762504667044,1174.3107,2115.4028,1310.9095,2240.0
103439580_K17836_F1B02-1032_1_21.jpg,5,CBHPM,0.0016219913959503174,960.0,4416.204,1178.4885,4820.965
103439580_K17836_F1B02-1032_1_21.jpg,6,CBVPM,0.001597439288161695,909.4448,4491.9067,1040.1381,4568.326
103439580_K17836_F1B02-1032_1_21.jpg,5,CBHPM,0.0015818631509318948,1380.22,3840.1306,1769.0298,3890.8914
103439580_K17836_F1B02-1032_1_21.jpg,5,CBHPM,0.0015667396364733577,1337.2975,3840.0,1706.6211,3922.8242
103439580_K17836_F1B02-1032_1_21.jpg,5,CBHPM,0.0015496639534831047,1394.6282,3840.0,1565.6694,3889.701
103439580_K17836_F1B02-1032_1_21.jpg,1,VHBNL,0.0014415070181712508,960.0,3840.0,1043.1293,3989.699
103439580_K17836_F1B02-1032_1_21.jpg,6,CBVPM,0.0013880010228604078,1351.8169,3840.0,1698.3057,3898.5276
103439580_K17836_F1B02-1032_1_21.jpg,6,CBVPM,0.0013289485359564424,2113.2654,3039.3782,2240.0,3187.2012
103439580_K17836_F1B02-1032_1_21.jpg,1,VHBNL,0.0012205835664644837,960.0,2386.8052,1027.2273,2605.2783
103439580_K17836_F1B02-1032_1_21.jpg,5,CBHPM,0.0012196189491078258,1102.4478,2320.8005,1278.5447,2677.6807
103439580_K17836_F1B02-1032_1_21.jpg,6,CBVPM,0.001200357568450272,961.8125,1987.0856,994.737,2153.2583
103439580_K17836_F1B02-1032_1_21.jpg,5,CBHPM,0.0011962747666984797,936.5752,3885.6497,1093.6527,4048.8076
103439580_K17836_F1B02-1032_1_21.jpg,5,CBHPM,0.0011602267622947693,1321.98,3840.0,1547.1438,3861.2969
103439580_K17836_F1B02-1032_1_21.jpg,5,CBHPM,0.0010854748543351889,1080.2192,1925.195,1278.8169,2303.6687
103439580_K17836_F1B02-1032_1_21.jpg,5,CBHPM,0.0010458704782649875,244.26404,3999.9653,641.6817,4158.9062
103439580_K17836_F1B02-1032_1_21.jpg,5,CBHPM,0.0010143433464691043,827.86487,2210.463,1235.6127,2594.9248
103443082_K17756_F1B02-1028_1_21.jpg,5,CBHPM,0.7014509439468384,1032.1384,3951.3188,1241.2999,4160.0
103443082_K17756_F1B02-1028_1_21.jpg,5,CBHPM,0.0932898297905922,1063.4064,4004.404,1208.2231,4170.472
103443082_K17756_F1B02-1028_1_21.jpg,6,CBVPM,0.07110421359539032,1346.1709,2420.0957,1457.675,2569.1716
103443082_K17756_F1B02-1028_1_21.jpg,5,CBHPM,0.043232742697000504,1024.8115,3913.0757,1393.1305,4157.488
103443082_K17756_F1B02-1028_1_21.jpg,6,CBVPM,0.022729860618710518,1336.6147,2405.713,1540.2532,2571.0513
103443082_K17756_F1B02-1028_1_21.jpg,6,CBVPM,0.018876053392887115,1034.8671,3985.4648,1205.0936,4176.1265
103443082_K17756_F1B02-1028_1_21.jpg,5,CBHPM,0.015160958282649517,1023.2156,1828.9067,1280.0,2126.5046
103443082_K17756_F1B02-1028_1_21.jpg,5,CBHPM,0.0141708143055439,829.32513,3915.92,1263.1641,4289.8535
103443082_K17756_F1B02-1028_1_21.jpg,5,CBHPM,0.011488432064652443,1349.5154,2425.0518,1470.0839,2566.7932
103443082_K17756_F1B02-1028_1_21.jpg,6,CBVPM,0.009708723053336143,1113.0894,3996.722,1223.0419,4173.7417
103443082_K17756_F1B02-1028_1_21.jpg,5,CBHPM,0.0017861903179436922,749.4271,2655.2532,1174.3611,3053.3093
103443082_K17756_F1B02-1028_1_21.jpg,6,CBVPM,0.0016790119698271155,2070.469,1175.7927,2280.4648,1279.6663
103443082_K17756_F1B02-1028_1_21.jpg,6,CBVPM,0.001668005483224988,758.98303,2660.579,1164.6515,3017.083
103443082_K17756_F1B02-1028_1_21.jpg,5,CBHPM,0.001422884059138596,1110.5803,3990.3267,1265.3754,4145.7393
103443082_K17756_F1B02-1028_1_21.jpg,5,CBHPM,0.0014182586455717683,1009.2394,1920.0,1354.3527,2033.6152
103443082_K17756_F1B02-1028_1_21.jpg,12,GWCNL,0.0012951522367075086,1.9174347,2246.6382,195.92831,2794.5303
103443082_K17756_F1B02-1028_1_21.jpg,11,GWCNM,0.0012373185018077493,861.91876,3930.893,1248.6384,4160.0
103443082_K17756_F1B02-1028_1_21.jpg,6,CBVPM,0.0011543752625584602,435.62262,2840.6743,740.5611,3140.6538
103443082_K17756_F1B02-1028_1_21.jpg,5,CBHPM,0.001108720200136304,2070.5505,1176.1499,2276.7847,1280.0
103443082_K17756_F1B02-1028_1_21.jpg,14,INSD,0.001038262969814241,0.71990967,2310.476,180.94565,2797.9336
103443082_K17756_F1B02-1028_1_21.jpg,1,VHBNL,0.0010310026118531823,5093.335,2937.5403,5120.0,3169.4014
103443082_K17756_F1B02-1028_1_21.jpg,5,CBHPM,0.0010215757647529244,1025.0642,4019.1182,1167.1964,4158.2407
103523538_K16880_F1B02-984_1_21.jpg,6,CBVPM,0.008992798626422882,343.09406,3765.5706,724.56976,4129.4395
103523538_K16880_F1B02-984_1_21.jpg,6,CBVPM,0.00850681308656931,457.4741,3849.1748,703.00195,4077.3257
103523538_K16880_F1B02-984_1_21.jpg,5,CBHPM,0.0061065880581736565,2099.525,3107.2715,2238.0474,3353.5894
103523538_K16880_F1B02-984_1_21.jpg,6,CBVPM,0.004431597888469696,224.26172,2883.6091,604.8902,3192.5237
103523538_K16880_F1B02-984_1_21.jpg,12,GWCNL,0.001960074994713068,4002.3315,3840.0,4159.621,4022.8894
103523538_K16880_F1B02-984_1_21.jpg,5,CBHPM,0.001819056342355907,494.9231,3854.6091,678.7439,4068.33
103523538_K16880_F1B02-984_1_21.jpg,5,CBHPM,0.0017135791713371873,4022.6711,3840.0,4254.695,3861.5752
103523538_K16880_F1B02-984_1_21.jpg,5,CBHPM,0.0015870587667450309,3961.2937,3840.853,4348.815,3894.3223
103523538_K16880_F1B02-984_1_21.jpg,4,SVHTNL,0.0014571940992027521,3186.6108,1967.4293,3199.7334,2056.4639
103523538_K16880_F1B02-984_1_21.jpg,4,SVHTNL,0.0011770434211939573,960.0,3964.866,1025.9482,4200.234
103523538_K16880_F1B02-984_1_21.jpg,5,CBHPM,0.0011245934292674065,3969.2769,3776.5383,4159.4634,4130.293
103523538_K16880_F1B02-984_1_21.jpg,6,CBVPM,0.0011193276150152087,4016.2354,3840.406,4246.132,3872.4246
103523538_K16880_F1B02-984_1_21.jpg,6,CBVPM,0.0011060127289965749,2100.241,3109.9148,2238.6165,3358.2568
103648072_K16476_F1B02-960_1_21.jpg,5,CBHPM,0.7867539525032043,427.2902,3782.9663,731.3522,4079.5366
103648072_K16476_F1B02-960_1_21.jpg,5,CBHPM,0.7019451856613159,531.5619,3856.915,723.0912,4054.3462
103648072_K16476_F1B02-960_1_21.jpg,6,CBVPM,0.013630243949592113,517.4468,3865.3303,676.598,4040.6309
103648072_K16476_F1B02-960_1_21.jpg,6,CBVPM,0.0090528205037117,401.85455,3840.038,739.5634,4084.8838
103648072_K16476_F1B02-960_1_21.jpg,5,CBHPM,0.008596922270953655,523.37573,3840.405,875.5311,4065.1292
103648072_K16476_F1B02-960_1_21.jpg,6,CBVPM,0.007381475064903498,196.25446,2910.1782,615.3776,3281.677
103648072_K16476_F1B02-960_1_21.jpg,5,CBHPM,0.004300253465771675,3449.5103,4813.63,3863.5498,5120.0
103648072_K16476_F1B02-960_1_21.jpg,6,CBVPM,0.004197343718260527,961.5213,2202.3945,1054.146,2458.2515
103648072_K16476_F1B02-960_1_21.jpg,6,CBVPM,0.0037276893854141235,755.94226,2114.7395,1186.8116,2486.6863
103648072_K16476_F1B02-960_1_21.jpg,6,CBVPM,0.003613569075241685,850.62305,2212.8857,1066.6826,2481.488
103648072_K16476_F1B02-960_1_21.jpg,6,CBVPM,0.003392045386135578,960.8071,2226.2747,1033.076,2351.468
103648072_K16476_F1B02-960_1_21.jpg,6,CBVPM,0.0032734957057982683,684.94165,2053.192,1019.51465,2240.0
103648072_K16476_F1B02-960_1_21.jpg,5,CBHPM,0.0031138877384364605,4138.131,3840.345,4513.152,3900.3247
103648072_K16476_F1B02-960_1_21.jpg,4,SVHTNL,0.001896656583994627,554.30237,2882.871,638.9271,2920.5442
103648072_K16476_F1B02-960_1_21.jpg,4,SVHTNL,0.0016777104465290904,3173.0222,1843.6401,3200.0,1959.0024
103648072_K16476_F1B02-960_1_21.jpg,6,CBVPM,0.0016503738006576896,846.4022,2098.073,1067.7213,2237.4548
103648072_K16476_F1B02-960_1_21.jpg,5,CBHPM,0.0014650807715952396,846.4525,2210.5762,1063.3943,2480.6233
103648072_K16476_F1B02-960_1_21.jpg,5,CBHPM,0.0010738851269707084,962.8385,2123.313,1056.6194,2433.296
103650474_K16446_F1B02-958_1_21.jpg,6,CBVPM,0.025427544489502907,412.15308,3744.4639,806.91223,4154.342
103650474_K16446_F1B02-958_1_21.jpg,6,CBVPM,0.012168267741799355,588.6683,3905.1904,720.36615,4063.102
103650474_K16446_F1B02-958_1_21.jpg,5,CBHPM,0.006400038953870535,4057.013,4962.976,4349.7217,5120.0
103650474_K16446_F1B02-958_1_21.jpg,6,CBVPM,0.005311116576194763,550.5906,3871.759,750.75806,4091.6091
103650474_K16446_F1B02-958_1_21.jpg,6,CBVPM,0.004743076395243406,428.25897,3940.2366,804.91925,4160.0
103650474_K16446_F1B02-958_1_21.jpg,1,VHBNL,0.0038156844675540924,450.066,3840.0,787.48425,4118.366
103650474_K16446_F1B02-958_1_21.jpg,6,CBVPM,0.0037357874680310488,279.68158,2880.0,686.4914,3275.9893
103650474_K16446_F1B02-958_1_21.jpg,5,CBHPM,0.0029323992785066366,1922.0583,4546.8735,2056.0186,4912.5596
103650474_K16446_F1B02-958_1_21.jpg,6,CBVPM,0.0019966813270002604,4042.42,4951.012,4360.0596,5117.6157
103650474_K16446_F1B02-958_1_21.jpg,5,CBHPM,0.0015426778700202703,4164.2524,4879.8447,4549.8022,5120.0
103650474_K16446_F1B02-958_1_21.jpg,5,CBHPM,0.0011551445350050926,3991.6848,4886.6934,4398.8013,5120.0
